istat,comune,codice_regione,regione,provincia_uts,sigla,fonte_id
001001,Agliè,01,Piemonte,Torino,TO,istat-comuni
001002,Airasca,01,Piemonte,Torino,TO,istat-comuni
001003,Ala di Stura,01,Piemonte,Torino,TO,istat-comuni
001004,Albiano d'Ivrea,01,Piemonte,Torino,TO,istat-comuni
001006,Almese,01,Piemonte,Torino,TO,istat-comuni
001007,Alpette,01,Piemonte,Torino,TO,istat-comuni
001008,Alpignano,01,Piemonte,Torino,TO,istat-comuni
001009,Andezeno,01,Piemonte,Torino,TO,istat-comuni
001010,Andrate,01,Piemonte,Torino,TO,istat-comuni
001011,Angrogna,01,Piemonte,Torino,TO,istat-comuni
001012,Arignano,01,Piemonte,Torino,TO,istat-comuni
001013,Avigliana,01,Piemonte,Torino,TO,istat-comuni
001014,Azeglio,01,Piemonte,Torino,TO,istat-comuni
001015,Bairo,01,Piemonte,Torino,TO,istat-comuni
001016,Balangero,01,Piemonte,Torino,TO,istat-comuni
001017,Baldissero Canavese,01,Piemonte,Torino,TO,istat-comuni
001018,Baldissero Torinese,01,Piemonte,Torino,TO,istat-comuni
001019,Balme,01,Piemonte,Torino,TO,istat-comuni
001020,Banchette,01,Piemonte,Torino,TO,istat-comuni
001021,Barbania,01,Piemonte,Torino,TO,istat-comuni
001022,Bardonecchia,01,Piemonte,Torino,TO,istat-comuni
001023,Barone Canavese,01,Piemonte,Torino,TO,istat-comuni
001024,Beinasco,01,Piemonte,Torino,TO,istat-comuni
001025,Bibiana,01,Piemonte,Torino,TO,istat-comuni
001026,Bobbio Pellice,01,Piemonte,Torino,TO,istat-comuni
001027,Bollengo,01,Piemonte,Torino,TO,istat-comuni
001028,Borgaro Torinese,01,Piemonte,Torino,TO,istat-comuni
001029,Borgiallo,01,Piemonte,Torino,TO,istat-comuni
001030,Borgofranco d'Ivrea,01,Piemonte,Torino,TO,istat-comuni
001031,Borgomasino,01,Piemonte,Torino,TO,istat-comuni
001032,Borgone Susa,01,Piemonte,Torino,TO,istat-comuni
001033,Bosconero,01,Piemonte,Torino,TO,istat-comuni
001034,Brandizzo,01,Piemonte,Torino,TO,istat-comuni
001035,Bricherasio,01,Piemonte,Torino,TO,istat-comuni
001036,Brosso,01,Piemonte,Torino,TO,istat-comuni
001037,Brozolo,01,Piemonte,Torino,TO,istat-comuni
001038,Bruino,01,Piemonte,Torino,TO,istat-comuni
001039,Brusasco,01,Piemonte,Torino,TO,istat-comuni
001040,Bruzolo,01,Piemonte,Torino,TO,istat-comuni
001041,Buriasco,01,Piemonte,Torino,TO,istat-comuni
001042,Burolo,01,Piemonte,Torino,TO,istat-comuni
001043,Busano,01,Piemonte,Torino,TO,istat-comuni
001044,Bussoleno,01,Piemonte,Torino,TO,istat-comuni
001045,Buttigliera Alta,01,Piemonte,Torino,TO,istat-comuni
001046,Cafasse,01,Piemonte,Torino,TO,istat-comuni
001047,Caluso,01,Piemonte,Torino,TO,istat-comuni
001048,Cambiano,01,Piemonte,Torino,TO,istat-comuni
001049,Campiglione Fenile,01,Piemonte,Torino,TO,istat-comuni
001050,Candia Canavese,01,Piemonte,Torino,TO,istat-comuni
001051,Candiolo,01,Piemonte,Torino,TO,istat-comuni
001052,Canischio,01,Piemonte,Torino,TO,istat-comuni
001053,Cantalupa,01,Piemonte,Torino,TO,istat-comuni
001054,Cantoira,01,Piemonte,Torino,TO,istat-comuni
001055,Caprie,01,Piemonte,Torino,TO,istat-comuni
001056,Caravino,01,Piemonte,Torino,TO,istat-comuni
001057,Carema,01,Piemonte,Torino,TO,istat-comuni
001058,Carignano,01,Piemonte,Torino,TO,istat-comuni
001059,Carmagnola,01,Piemonte,Torino,TO,istat-comuni
001060,Casalborgone,01,Piemonte,Torino,TO,istat-comuni
001061,Cascinette d'Ivrea,01,Piemonte,Torino,TO,istat-comuni
001062,Caselette,01,Piemonte,Torino,TO,istat-comuni
001063,Caselle Torinese,01,Piemonte,Torino,TO,istat-comuni
001064,Castagneto Po,01,Piemonte,Torino,TO,istat-comuni
001065,Castagnole Piemonte,01,Piemonte,Torino,TO,istat-comuni
001066,Castellamonte,01,Piemonte,Torino,TO,istat-comuni
001067,Castelnuovo Nigra,01,Piemonte,Torino,TO,istat-comuni
001068,Castiglione Torinese,01,Piemonte,Torino,TO,istat-comuni
001069,Cavagnolo,01,Piemonte,Torino,TO,istat-comuni
001070,Cavour,01,Piemonte,Torino,TO,istat-comuni
001071,Cercenasco,01,Piemonte,Torino,TO,istat-comuni
001072,Ceres,01,Piemonte,Torino,TO,istat-comuni
001073,Ceresole Reale,01,Piemonte,Torino,TO,istat-comuni
001074,Cesana Torinese,01,Piemonte,Torino,TO,istat-comuni
001075,Chialamberto,01,Piemonte,Torino,TO,istat-comuni
001076,Chianocco,01,Piemonte,Torino,TO,istat-comuni
001077,Chiaverano,01,Piemonte,Torino,TO,istat-comuni
001078,Chieri,01,Piemonte,Torino,TO,istat-comuni
001079,Chiesanuova,01,Piemonte,Torino,TO,istat-comuni
001080,Chiomonte,01,Piemonte,Torino,TO,istat-comuni
001081,Chiusa di San Michele,01,Piemonte,Torino,TO,istat-comuni
001082,Chivasso,01,Piemonte,Torino,TO,istat-comuni
001083,Ciconio,01,Piemonte,Torino,TO,istat-comuni
001084,Cintano,01,Piemonte,Torino,TO,istat-comuni
001085,Cinzano,01,Piemonte,Torino,TO,istat-comuni
001086,Ciriè,01,Piemonte,Torino,TO,istat-comuni
001087,Claviere,01,Piemonte,Torino,TO,istat-comuni
001088,Coassolo Torinese,01,Piemonte,Torino,TO,istat-comuni
001089,Coazze,01,Piemonte,Torino,TO,istat-comuni
001090,Collegno,01,Piemonte,Torino,TO,istat-comuni
001091,Colleretto Castelnuovo,01,Piemonte,Torino,TO,istat-comuni
001092,Colleretto Giacosa,01,Piemonte,Torino,TO,istat-comuni
001093,Condove,01,Piemonte,Torino,TO,istat-comuni
001094,Corio,01,Piemonte,Torino,TO,istat-comuni
001095,Cossano Canavese,01,Piemonte,Torino,TO,istat-comuni
001096,Cuceglio,01,Piemonte,Torino,TO,istat-comuni
001097,Cumiana,01,Piemonte,Torino,TO,istat-comuni
001098,Cuorgnè,01,Piemonte,Torino,TO,istat-comuni
001099,Druento,01,Piemonte,Torino,TO,istat-comuni
001100,Exilles,01,Piemonte,Torino,TO,istat-comuni
001101,Favria,01,Piemonte,Torino,TO,istat-comuni
001102,Feletto,01,Piemonte,Torino,TO,istat-comuni
001103,Fenestrelle,01,Piemonte,Torino,TO,istat-comuni
001104,Fiano,01,Piemonte,Torino,TO,istat-comuni
001105,Fiorano Canavese,01,Piemonte,Torino,TO,istat-comuni
001106,Foglizzo,01,Piemonte,Torino,TO,istat-comuni
001107,Forno Canavese,01,Piemonte,Torino,TO,istat-comuni
001108,Frassinetto,01,Piemonte,Torino,TO,istat-comuni
001109,Front,01,Piemonte,Torino,TO,istat-comuni
001110,Frossasco,01,Piemonte,Torino,TO,istat-comuni
001111,Garzigliana,01,Piemonte,Torino,TO,istat-comuni
001112,Gassino Torinese,01,Piemonte,Torino,TO,istat-comuni
001113,Germagnano,01,Piemonte,Torino,TO,istat-comuni
001114,Giaglione,01,Piemonte,Torino,TO,istat-comuni
001115,Giaveno,01,Piemonte,Torino,TO,istat-comuni
001116,Givoletto,01,Piemonte,Torino,TO,istat-comuni
001117,Gravere,01,Piemonte,Torino,TO,istat-comuni
001118,Groscavallo,01,Piemonte,Torino,TO,istat-comuni
001119,Grosso,01,Piemonte,Torino,TO,istat-comuni
001120,Grugliasco,01,Piemonte,Torino,TO,istat-comuni
001121,Ingria,01,Piemonte,Torino,TO,istat-comuni
001122,Inverso Pinasca,01,Piemonte,Torino,TO,istat-comuni
001123,Isolabella,01,Piemonte,Torino,TO,istat-comuni
001124,Issiglio,01,Piemonte,Torino,TO,istat-comuni
001125,Ivrea,01,Piemonte,Torino,TO,istat-comuni
001126,La Cassa,01,Piemonte,Torino,TO,istat-comuni
001127,La Loggia,01,Piemonte,Torino,TO,istat-comuni
001128,Lanzo Torinese,01,Piemonte,Torino,TO,istat-comuni
001129,Lauriano,01,Piemonte,Torino,TO,istat-comuni
001130,Leini,01,Piemonte,Torino,TO,istat-comuni
001131,Lemie,01,Piemonte,Torino,TO,istat-comuni
001132,Lessolo,01,Piemonte,Torino,TO,istat-comuni
001133,Levone,01,Piemonte,Torino,TO,istat-comuni
001134,Locana,01,Piemonte,Torino,TO,istat-comuni
001135,Lombardore,01,Piemonte,Torino,TO,istat-comuni
001136,Lombriasco,01,Piemonte,Torino,TO,istat-comuni
001137,Loranzè,01,Piemonte,Torino,TO,istat-comuni
001139,Luserna San Giovanni,01,Piemonte,Torino,TO,istat-comuni
001140,Lusernetta,01,Piemonte,Torino,TO,istat-comuni
001141,Lusigliè,01,Piemonte,Torino,TO,istat-comuni
001142,Macello,01,Piemonte,Torino,TO,istat-comuni
001143,Maglione,01,Piemonte,Torino,TO,istat-comuni
001144,Marentino,01,Piemonte,Torino,TO,istat-comuni
001145,Massello,01,Piemonte,Torino,TO,istat-comuni
001146,Mathi,01,Piemonte,Torino,TO,istat-comuni
001147,Mattie,01,Piemonte,Torino,TO,istat-comuni
001148,Mazzè,01,Piemonte,Torino,TO,istat-comuni
001149,Meana di Susa,01,Piemonte,Torino,TO,istat-comuni
001150,Mercenasco,01,Piemonte,Torino,TO,istat-comuni
001152,Mezzenile,01,Piemonte,Torino,TO,istat-comuni
001153,Mombello di Torino,01,Piemonte,Torino,TO,istat-comuni
001154,Mompantero,01,Piemonte,Torino,TO,istat-comuni
001155,Monastero di Lanzo,01,Piemonte,Torino,TO,istat-comuni
001156,Moncalieri,01,Piemonte,Torino,TO,istat-comuni
001157,Moncenisio,01,Piemonte,Torino,TO,istat-comuni
001158,Montaldo Torinese,01,Piemonte,Torino,TO,istat-comuni
001159,Montalenghe,01,Piemonte,Torino,TO,istat-comuni
001160,Montalto Dora,01,Piemonte,Torino,TO,istat-comuni
001161,Montanaro,01,Piemonte,Torino,TO,istat-comuni
001162,Monteu da Po,01,Piemonte,Torino,TO,istat-comuni
001163,Moriondo Torinese,01,Piemonte,Torino,TO,istat-comuni
001164,Nichelino,01,Piemonte,Torino,TO,istat-comuni
001165,Noasca,01,Piemonte,Torino,TO,istat-comuni
001166,Nole,01,Piemonte,Torino,TO,istat-comuni
001167,Nomaglio,01,Piemonte,Torino,TO,istat-comuni
001168,None,01,Piemonte,Torino,TO,istat-comuni
001169,Novalesa,01,Piemonte,Torino,TO,istat-comuni
001170,Oglianico,01,Piemonte,Torino,TO,istat-comuni
001171,Orbassano,01,Piemonte,Torino,TO,istat-comuni
001172,Orio Canavese,01,Piemonte,Torino,TO,istat-comuni
001173,Osasco,01,Piemonte,Torino,TO,istat-comuni
001174,Osasio,01,Piemonte,Torino,TO,istat-comuni
001175,Oulx,01,Piemonte,Torino,TO,istat-comuni
001176,Ozegna,01,Piemonte,Torino,TO,istat-comuni
001177,Palazzo Canavese,01,Piemonte,Torino,TO,istat-comuni
001178,Pancalieri,01,Piemonte,Torino,TO,istat-comuni
001179,Parella,01,Piemonte,Torino,TO,istat-comuni
001180,Pavarolo,01,Piemonte,Torino,TO,istat-comuni
001181,Pavone Canavese,01,Piemonte,Torino,TO,istat-comuni
001183,Pecetto Torinese,01,Piemonte,Torino,TO,istat-comuni
001184,Perosa Argentina,01,Piemonte,Torino,TO,istat-comuni
001185,Perosa Canavese,01,Piemonte,Torino,TO,istat-comuni
001186,Perrero,01,Piemonte,Torino,TO,istat-comuni
001187,Pertusio,01,Piemonte,Torino,TO,istat-comuni
001188,Pessinetto,01,Piemonte,Torino,TO,istat-comuni
001189,Pianezza,01,Piemonte,Torino,TO,istat-comuni
001190,Pinasca,01,Piemonte,Torino,TO,istat-comuni
001191,Pinerolo,01,Piemonte,Torino,TO,istat-comuni
001192,Pino Torinese,01,Piemonte,Torino,TO,istat-comuni
001193,Piobesi Torinese,01,Piemonte,Torino,TO,istat-comuni
001194,Piossasco,01,Piemonte,Torino,TO,istat-comuni
001195,Piscina,01,Piemonte,Torino,TO,istat-comuni
001196,Piverone,01,Piemonte,Torino,TO,istat-comuni
001197,Poirino,01,Piemonte,Torino,TO,istat-comuni
001198,Pomaretto,01,Piemonte,Torino,TO,istat-comuni
001199,Pont Canavese,01,Piemonte,Torino,TO,istat-comuni
001200,Porte,01,Piemonte,Torino,TO,istat-comuni
001201,Pragelato,01,Piemonte,Torino,TO,istat-comuni
001202,Prali,01,Piemonte,Torino,TO,istat-comuni
001203,Pralormo,01,Piemonte,Torino,TO,istat-comuni
001204,Pramollo,01,Piemonte,Torino,TO,istat-comuni
001205,Prarostino,01,Piemonte,Torino,TO,istat-comuni
001206,Prascorsano,01,Piemonte,Torino,TO,istat-comuni
001207,Pratiglione,01,Piemonte,Torino,TO,istat-comuni
001208,Quagliuzzo,01,Piemonte,Torino,TO,istat-comuni
001209,Quassolo,01,Piemonte,Torino,TO,istat-comuni
001210,Quincinetto,01,Piemonte,Torino,TO,istat-comuni
001211,Reano,01,Piemonte,Torino,TO,istat-comuni
001212,Ribordone,01,Piemonte,Torino,TO,istat-comuni
001213,Rivalba,01,Piemonte,Torino,TO,istat-comuni
001214,Rivalta di Torino,01,Piemonte,Torino,TO,istat-comuni
001215,Riva presso Chieri,01,Piemonte,Torino,TO,istat-comuni
001216,Rivara,01,Piemonte,Torino,TO,istat-comuni
001217,Rivarolo Canavese,01,Piemonte,Torino,TO,istat-comuni
001218,Rivarossa,01,Piemonte,Torino,TO,istat-comuni
001219,Rivoli,01,Piemonte,Torino,TO,istat-comuni
001220,Robassomero,01,Piemonte,Torino,TO,istat-comuni
001221,Rocca Canavese,01,Piemonte,Torino,TO,istat-comuni
001222,Roletto,01,Piemonte,Torino,TO,istat-comuni
001223,Romano Canavese,01,Piemonte,Torino,TO,istat-comuni
001224,Ronco Canavese,01,Piemonte,Torino,TO,istat-comuni
001225,Rondissone,01,Piemonte,Torino,TO,istat-comuni
001226,Rorà,01,Piemonte,Torino,TO,istat-comuni
001227,Roure,01,Piemonte,Torino,TO,istat-comuni
001228,Rosta,01,Piemonte,Torino,TO,istat-comuni
001229,Rubiana,01,Piemonte,Torino,TO,istat-comuni
001230,Rueglio,01,Piemonte,Torino,TO,istat-comuni
001231,Salassa,01,Piemonte,Torino,TO,istat-comuni
001232,Salbertrand,01,Piemonte,Torino,TO,istat-comuni
001233,Salerano Canavese,01,Piemonte,Torino,TO,istat-comuni
001234,Salza di Pinerolo,01,Piemonte,Torino,TO,istat-comuni
001235,Samone,01,Piemonte,Torino,TO,istat-comuni
001236,San Benigno Canavese,01,Piemonte,Torino,TO,istat-comuni
001237,San Carlo Canavese,01,Piemonte,Torino,TO,istat-comuni
001238,San Colombano Belmonte,01,Piemonte,Torino,TO,istat-comuni
001239,San Didero,01,Piemonte,Torino,TO,istat-comuni
001240,San Francesco al Campo,01,Piemonte,Torino,TO,istat-comuni
001241,Sangano,01,Piemonte,Torino,TO,istat-comuni
001242,San Germano Chisone,01,Piemonte,Torino,TO,istat-comuni
001243,San Gillio,01,Piemonte,Torino,TO,istat-comuni
001244,San Giorgio Canavese,01,Piemonte,Torino,TO,istat-comuni
001245,San Giorio di Susa,01,Piemonte,Torino,TO,istat-comuni
001246,San Giusto Canavese,01,Piemonte,Torino,TO,istat-comuni
001247,San Martino Canavese,01,Piemonte,Torino,TO,istat-comuni
001248,San Maurizio Canavese,01,Piemonte,Torino,TO,istat-comuni
001249,San Mauro Torinese,01,Piemonte,Torino,TO,istat-comuni
001250,San Pietro Val Lemina,01,Piemonte,Torino,TO,istat-comuni
001251,San Ponso,01,Piemonte,Torino,TO,istat-comuni
001252,San Raffaele Cimena,01,Piemonte,Torino,TO,istat-comuni
001253,San Sebastiano da Po,01,Piemonte,Torino,TO,istat-comuni
001254,San Secondo di Pinerolo,01,Piemonte,Torino,TO,istat-comuni
001255,Sant'Ambrogio di Torino,01,Piemonte,Torino,TO,istat-comuni
001256,Sant'Antonino di Susa,01,Piemonte,Torino,TO,istat-comuni
001257,Santena,01,Piemonte,Torino,TO,istat-comuni
001258,Sauze di Cesana,01,Piemonte,Torino,TO,istat-comuni
001259,Sauze d'Oulx,01,Piemonte,Torino,TO,istat-comuni
001260,Scalenghe,01,Piemonte,Torino,TO,istat-comuni
001261,Scarmagno,01,Piemonte,Torino,TO,istat-comuni
001262,Sciolze,01,Piemonte,Torino,TO,istat-comuni
001263,Sestriere,01,Piemonte,Torino,TO,istat-comuni
001264,Settimo Rottaro,01,Piemonte,Torino,TO,istat-comuni
001265,Settimo Torinese,01,Piemonte,Torino,TO,istat-comuni
001266,Settimo Vittone,01,Piemonte,Torino,TO,istat-comuni
001267,Sparone,01,Piemonte,Torino,TO,istat-comuni
001268,Strambinello,01,Piemonte,Torino,TO,istat-comuni
001269,Strambino,01,Piemonte,Torino,TO,istat-comuni
001270,Susa,01,Piemonte,Torino,TO,istat-comuni
001271,Tavagnasco,01,Piemonte,Torino,TO,istat-comuni
001272,Torino,01,Piemonte,Torino,TO,istat-comuni
001273,Torrazza Piemonte,01,Piemonte,Torino,TO,istat-comuni
001274,Torre Canavese,01,Piemonte,Torino,TO,istat-comuni
001275,Torre Pellice,01,Piemonte,Torino,TO,istat-comuni
001276,Trana,01,Piemonte,Torino,TO,istat-comuni
001278,Traversella,01,Piemonte,Torino,TO,istat-comuni
001279,Traves,01,Piemonte,Torino,TO,istat-comuni
001280,Trofarello,01,Piemonte,Torino,TO,istat-comuni
001281,Usseaux,01,Piemonte,Torino,TO,istat-comuni
001282,Usseglio,01,Piemonte,Torino,TO,istat-comuni
001283,Vaie,01,Piemonte,Torino,TO,istat-comuni
001284,Val della Torre,01,Piemonte,Torino,TO,istat-comuni
001285,Valgioie,01,Piemonte,Torino,TO,istat-comuni
001286,Vallo Torinese,01,Piemonte,Torino,TO,istat-comuni
001287,Valperga,01,Piemonte,Torino,TO,istat-comuni
001288,Valprato Soana,01,Piemonte,Torino,TO,istat-comuni
001289,Varisella,01,Piemonte,Torino,TO,istat-comuni
001290,Vauda Canavese,01,Piemonte,Torino,TO,istat-comuni
001291,Venaus,01,Piemonte,Torino,TO,istat-comuni
001292,Venaria Reale,01,Piemonte,Torino,TO,istat-comuni
001293,Verolengo,01,Piemonte,Torino,TO,istat-comuni
001294,Verrua Savoia,01,Piemonte,Torino,TO,istat-comuni
001295,Vestignè,01,Piemonte,Torino,TO,istat-comuni
001296,Vialfrè,01,Piemonte,Torino,TO,istat-comuni
001298,Vidracco,01,Piemonte,Torino,TO,istat-comuni
001299,Vigone,01,Piemonte,Torino,TO,istat-comuni
001300,Villafranca Piemonte,01,Piemonte,Torino,TO,istat-comuni
001301,Villanova Canavese,01,Piemonte,Torino,TO,istat-comuni
001302,Villarbasse,01,Piemonte,Torino,TO,istat-comuni
001303,Villar Dora,01,Piemonte,Torino,TO,istat-comuni
001304,Villareggia,01,Piemonte,Torino,TO,istat-comuni
001305,Villar Focchiardo,01,Piemonte,Torino,TO,istat-comuni
001306,Villar Pellice,01,Piemonte,Torino,TO,istat-comuni
001307,Villar Perosa,01,Piemonte,Torino,TO,istat-comuni
001308,Villastellone,01,Piemonte,Torino,TO,istat-comuni
001309,Vinovo,01,Piemonte,Torino,TO,istat-comuni
001310,Virle Piemonte,01,Piemonte,Torino,TO,istat-comuni
001311,Vische,01,Piemonte,Torino,TO,istat-comuni
001312,Vistrorio,01,Piemonte,Torino,TO,istat-comuni
001313,Viù,01,Piemonte,Torino,TO,istat-comuni
001314,Volpiano,01,Piemonte,Torino,TO,istat-comuni
001315,Volvera,01,Piemonte,Torino,TO,istat-comuni
001316,Mappano,01,Piemonte,Torino,TO,istat-comuni
001317,Val di Chy,01,Piemonte,Torino,TO,istat-comuni
001318,Valchiusa,01,Piemonte,Torino,TO,istat-comuni
002002,Alagna Valsesia,01,Piemonte,Vercelli,VC,istat-comuni
002003,Albano Vercellese,01,Piemonte,Vercelli,VC,istat-comuni
002004,Alice Castello,01,Piemonte,Vercelli,VC,istat-comuni
002006,Arborio,01,Piemonte,Vercelli,VC,istat-comuni
002007,Asigliano Vercellese,01,Piemonte,Vercelli,VC,istat-comuni
002008,Balmuccia,01,Piemonte,Vercelli,VC,istat-comuni
002009,Balocco,01,Piemonte,Vercelli,VC,istat-comuni
002011,Bianzè,01,Piemonte,Vercelli,VC,istat-comuni
002014,Boccioleto,01,Piemonte,Vercelli,VC,istat-comuni
002015,Borgo d'Ale,01,Piemonte,Vercelli,VC,istat-comuni
002016,Borgosesia,01,Piemonte,Vercelli,VC,istat-comuni
002017,Borgo Vercelli,01,Piemonte,Vercelli,VC,istat-comuni
002021,Buronzo,01,Piemonte,Vercelli,VC,istat-comuni
002025,Campertogno,01,Piemonte,Vercelli,VC,istat-comuni
002029,Carcoforo,01,Piemonte,Vercelli,VC,istat-comuni
002030,Caresana,01,Piemonte,Vercelli,VC,istat-comuni
002031,Caresanablot,01,Piemonte,Vercelli,VC,istat-comuni
002032,Carisio,01,Piemonte,Vercelli,VC,istat-comuni
002033,Casanova Elvo,01,Piemonte,Vercelli,VC,istat-comuni
002035,San Giacomo Vercellese,01,Piemonte,Vercelli,VC,istat-comuni
002041,Cervatto,01,Piemonte,Vercelli,VC,istat-comuni
002042,Cigliano,01,Piemonte,Vercelli,VC,istat-comuni
002043,Civiasco,01,Piemonte,Vercelli,VC,istat-comuni
002045,Collobiano,01,Piemonte,Vercelli,VC,istat-comuni
002047,Costanzana,01,Piemonte,Vercelli,VC,istat-comuni
002048,Cravagliana,01,Piemonte,Vercelli,VC,istat-comuni
002049,Crescentino,01,Piemonte,Vercelli,VC,istat-comuni
002052,Crova,01,Piemonte,Vercelli,VC,istat-comuni
002054,Desana,01,Piemonte,Vercelli,VC,istat-comuni
002057,Fobello,01,Piemonte,Vercelli,VC,istat-comuni
002058,Fontanetto Po,01,Piemonte,Vercelli,VC,istat-comuni
002059,Formigliana,01,Piemonte,Vercelli,VC,istat-comuni
002061,Gattinara,01,Piemonte,Vercelli,VC,istat-comuni
002062,Ghislarengo,01,Piemonte,Vercelli,VC,istat-comuni
002065,Greggio,01,Piemonte,Vercelli,VC,istat-comuni
002066,Guardabosone,01,Piemonte,Vercelli,VC,istat-comuni
002067,Lamporo,01,Piemonte,Vercelli,VC,istat-comuni
002068,Lenta,01,Piemonte,Vercelli,VC,istat-comuni
002070,Lignana,01,Piemonte,Vercelli,VC,istat-comuni
002071,Livorno Ferraris,01,Piemonte,Vercelli,VC,istat-comuni
002072,Lozzolo,01,Piemonte,Vercelli,VC,istat-comuni
002078,Mollia,01,Piemonte,Vercelli,VC,istat-comuni
002079,Moncrivello,01,Piemonte,Vercelli,VC,istat-comuni
002082,Motta de' Conti,01,Piemonte,Vercelli,VC,istat-comuni
002088,Olcenengo,01,Piemonte,Vercelli,VC,istat-comuni
002089,Oldenico,01,Piemonte,Vercelli,VC,istat-comuni
002090,Palazzolo Vercellese,01,Piemonte,Vercelli,VC,istat-comuni
002091,Pertengo,01,Piemonte,Vercelli,VC,istat-comuni
002093,Pezzana,01,Piemonte,Vercelli,VC,istat-comuni
002096,Pila,01,Piemonte,Vercelli,VC,istat-comuni
002097,Piode,01,Piemonte,Vercelli,VC,istat-comuni
002102,Postua,01,Piemonte,Vercelli,VC,istat-comuni
002104,Prarolo,01,Piemonte,Vercelli,VC,istat-comuni
002107,Quarona,01,Piemonte,Vercelli,VC,istat-comuni
002108,Quinto Vercellese,01,Piemonte,Vercelli,VC,istat-comuni
002110,Rassa,01,Piemonte,Vercelli,VC,istat-comuni
002113,Rimella,01,Piemonte,Vercelli,VC,istat-comuni
002115,Rive,01,Piemonte,Vercelli,VC,istat-comuni
002116,Roasio,01,Piemonte,Vercelli,VC,istat-comuni
002118,Ronsecco,01,Piemonte,Vercelli,VC,istat-comuni
002121,Rossa,01,Piemonte,Vercelli,VC,istat-comuni
002122,Rovasenda,01,Piemonte,Vercelli,VC,istat-comuni
002126,Salasco,01,Piemonte,Vercelli,VC,istat-comuni
002127,Sali Vercellese,01,Piemonte,Vercelli,VC,istat-comuni
002128,Saluggia,01,Piemonte,Vercelli,VC,istat-comuni
002131,San Germano Vercellese,01,Piemonte,Vercelli,VC,istat-comuni
002133,Santhià,01,Piemonte,Vercelli,VC,istat-comuni
002134,Scopa,01,Piemonte,Vercelli,VC,istat-comuni
002135,Scopello,01,Piemonte,Vercelli,VC,istat-comuni
002137,Serravalle Sesia,01,Piemonte,Vercelli,VC,istat-comuni
002142,Stroppiana,01,Piemonte,Vercelli,VC,istat-comuni
002147,Tricerro,01,Piemonte,Vercelli,VC,istat-comuni
002148,Trino,01,Piemonte,Vercelli,VC,istat-comuni
002150,Tronzano Vercellese,01,Piemonte,Vercelli,VC,istat-comuni
002152,Valduggia,01,Piemonte,Vercelli,VC,istat-comuni
002156,Varallo,01,Piemonte,Vercelli,VC,istat-comuni
002158,Vercelli,01,Piemonte,Vercelli,VC,istat-comuni
002163,Villarboit,01,Piemonte,Vercelli,VC,istat-comuni
002164,Villata,01,Piemonte,Vercelli,VC,istat-comuni
002166,Vocca,01,Piemonte,Vercelli,VC,istat-comuni
002170,Alto Sermenza,01,Piemonte,Vercelli,VC,istat-comuni
002171,Cellio con Breia,01,Piemonte,Vercelli,VC,istat-comuni
003001,Agrate Conturbia,01,Piemonte,Novara,NO,istat-comuni
003002,Ameno,01,Piemonte,Novara,NO,istat-comuni
003006,Armeno,01,Piemonte,Novara,NO,istat-comuni
003008,Arona,01,Piemonte,Novara,NO,istat-comuni
003012,Barengo,01,Piemonte,Novara,NO,istat-comuni
003016,Bellinzago Novarese,01,Piemonte,Novara,NO,istat-comuni
003018,Biandrate,01,Piemonte,Novara,NO,istat-comuni
003019,Boca,01,Piemonte,Novara,NO,istat-comuni
003021,Bogogno,01,Piemonte,Novara,NO,istat-comuni
003022,Bolzano Novarese,01,Piemonte,Novara,NO,istat-comuni
003023,Borgolavezzaro,01,Piemonte,Novara,NO,istat-comuni
003024,Borgomanero,01,Piemonte,Novara,NO,istat-comuni
003025,Borgo Ticino,01,Piemonte,Novara,NO,istat-comuni
003026,Briga Novarese,01,Piemonte,Novara,NO,istat-comuni
003027,Briona,01,Piemonte,Novara,NO,istat-comuni
003030,Caltignaga,01,Piemonte,Novara,NO,istat-comuni
003032,Cameri,01,Piemonte,Novara,NO,istat-comuni
003036,Carpignano Sesia,01,Piemonte,Novara,NO,istat-comuni
003037,Casalbeltrame,01,Piemonte,Novara,NO,istat-comuni
003039,Casaleggio Novara,01,Piemonte,Novara,NO,istat-comuni
003040,Casalino,01,Piemonte,Novara,NO,istat-comuni
003041,Casalvolone,01,Piemonte,Novara,NO,istat-comuni
003042,Castellazzo Novarese,01,Piemonte,Novara,NO,istat-comuni
003043,Castelletto sopra Ticino,01,Piemonte,Novara,NO,istat-comuni
003044,Cavaglietto,01,Piemonte,Novara,NO,istat-comuni
003045,Cavaglio d'Agogna,01,Piemonte,Novara,NO,istat-comuni
003047,Cavallirio,01,Piemonte,Novara,NO,istat-comuni
003049,Cerano,01,Piemonte,Novara,NO,istat-comuni
003051,Colazza,01,Piemonte,Novara,NO,istat-comuni
003052,Comignago,01,Piemonte,Novara,NO,istat-comuni
003055,Cressa,01,Piemonte,Novara,NO,istat-comuni
003058,Cureggio,01,Piemonte,Novara,NO,istat-comuni
003060,Divignano,01,Piemonte,Novara,NO,istat-comuni
003062,Dormelletto,01,Piemonte,Novara,NO,istat-comuni
003065,Fara Novarese,01,Piemonte,Novara,NO,istat-comuni
003066,Fontaneto d'Agogna,01,Piemonte,Novara,NO,istat-comuni
003068,Galliate,01,Piemonte,Novara,NO,istat-comuni
003069,Garbagna Novarese,01,Piemonte,Novara,NO,istat-comuni
003070,Gargallo,01,Piemonte,Novara,NO,istat-comuni
003073,Ghemme,01,Piemonte,Novara,NO,istat-comuni
003076,Gozzano,01,Piemonte,Novara,NO,istat-comuni
003077,Granozzo con Monticello,01,Piemonte,Novara,NO,istat-comuni
003079,Grignasco,01,Piemonte,Novara,NO,istat-comuni
003082,Invorio,01,Piemonte,Novara,NO,istat-comuni
003083,Landiona,01,Piemonte,Novara,NO,istat-comuni
003084,Lesa,01,Piemonte,Novara,NO,istat-comuni
003088,Maggiora,01,Piemonte,Novara,NO,istat-comuni
003090,Mandello Vitta,01,Piemonte,Novara,NO,istat-comuni
003091,Marano Ticino,01,Piemonte,Novara,NO,istat-comuni
003093,Massino Visconti,01,Piemonte,Novara,NO,istat-comuni
003095,Meina,01,Piemonte,Novara,NO,istat-comuni
003097,Mezzomerico,01,Piemonte,Novara,NO,istat-comuni
003098,Miasino,01,Piemonte,Novara,NO,istat-comuni
003100,Momo,01,Piemonte,Novara,NO,istat-comuni
003103,Nebbiuno,01,Piemonte,Novara,NO,istat-comuni
003104,Nibbiola,01,Piemonte,Novara,NO,istat-comuni
003106,Novara,01,Piemonte,Novara,NO,istat-comuni
003108,Oleggio,01,Piemonte,Novara,NO,istat-comuni
003109,Oleggio Castello,01,Piemonte,Novara,NO,istat-comuni
003112,Orta San Giulio,01,Piemonte,Novara,NO,istat-comuni
003114,Paruzzaro,01,Piemonte,Novara,NO,istat-comuni
003115,Pella,01,Piemonte,Novara,NO,istat-comuni
003116,Pettenasco,01,Piemonte,Novara,NO,istat-comuni
003119,Pisano,01,Piemonte,Novara,NO,istat-comuni
003120,Pogno,01,Piemonte,Novara,NO,istat-comuni
003121,Pombia,01,Piemonte,Novara,NO,istat-comuni
003122,Prato Sesia,01,Piemonte,Novara,NO,istat-comuni
003129,Recetto,01,Piemonte,Novara,NO,istat-comuni
003130,Romagnano Sesia,01,Piemonte,Novara,NO,istat-comuni
003131,Romentino,01,Piemonte,Novara,NO,istat-comuni
003133,San Maurizio d'Opaglio,01,Piemonte,Novara,NO,istat-comuni
003134,San Nazzaro Sesia,01,Piemonte,Novara,NO,istat-comuni
003135,San Pietro Mosezzo,01,Piemonte,Novara,NO,istat-comuni
003138,Sillavengo,01,Piemonte,Novara,NO,istat-comuni
003139,Sizzano,01,Piemonte,Novara,NO,istat-comuni
003140,Soriso,01,Piemonte,Novara,NO,istat-comuni
003141,Sozzago,01,Piemonte,Novara,NO,istat-comuni
003143,Suno,01,Piemonte,Novara,NO,istat-comuni
003144,Terdobbiate,01,Piemonte,Novara,NO,istat-comuni
003146,Tornaco,01,Piemonte,Novara,NO,istat-comuni
003149,Trecate,01,Piemonte,Novara,NO,istat-comuni
003153,Vaprio d'Agogna,01,Piemonte,Novara,NO,istat-comuni
003154,Varallo Pombia,01,Piemonte,Novara,NO,istat-comuni
003158,Vespolate,01,Piemonte,Novara,NO,istat-comuni
003159,Vicolungo,01,Piemonte,Novara,NO,istat-comuni
003164,Vinzaglio,01,Piemonte,Novara,NO,istat-comuni
003166,Gattico-Veruno,01,Piemonte,Novara,NO,istat-comuni
004001,Acceglio,01,Piemonte,Cuneo,CN,istat-comuni
004002,Aisone,01,Piemonte,Cuneo,CN,istat-comuni
004003,Alba,01,Piemonte,Cuneo,CN,istat-comuni
004004,Albaretto della Torre,01,Piemonte,Cuneo,CN,istat-comuni
004005,Alto,01,Piemonte,Cuneo,CN,istat-comuni
004006,Argentera,01,Piemonte,Cuneo,CN,istat-comuni
004007,Arguello,01,Piemonte,Cuneo,CN,istat-comuni
004008,Bagnasco,01,Piemonte,Cuneo,CN,istat-comuni
004009,Bagnolo Piemonte,01,Piemonte,Cuneo,CN,istat-comuni
004010,Baldissero d'Alba,01,Piemonte,Cuneo,CN,istat-comuni
004011,Barbaresco,01,Piemonte,Cuneo,CN,istat-comuni
004012,Barge,01,Piemonte,Cuneo,CN,istat-comuni
004013,Barolo,01,Piemonte,Cuneo,CN,istat-comuni
004014,Bastia Mondovì,01,Piemonte,Cuneo,CN,istat-comuni
004015,Battifollo,01,Piemonte,Cuneo,CN,istat-comuni
004016,Beinette,01,Piemonte,Cuneo,CN,istat-comuni
004017,Bellino,01,Piemonte,Cuneo,CN,istat-comuni
004018,Belvedere Langhe,01,Piemonte,Cuneo,CN,istat-comuni
004019,Bene Vagienna,01,Piemonte,Cuneo,CN,istat-comuni
004020,Benevello,01,Piemonte,Cuneo,CN,istat-comuni
004021,Bergolo,01,Piemonte,Cuneo,CN,istat-comuni
004022,Bernezzo,01,Piemonte,Cuneo,CN,istat-comuni
004023,Bonvicino,01,Piemonte,Cuneo,CN,istat-comuni
004024,Borgomale,01,Piemonte,Cuneo,CN,istat-comuni
004025,Borgo San Dalmazzo,01,Piemonte,Cuneo,CN,istat-comuni
004026,Bosia,01,Piemonte,Cuneo,CN,istat-comuni
004027,Bossolasco,01,Piemonte,Cuneo,CN,istat-comuni
004028,Boves,01,Piemonte,Cuneo,CN,istat-comuni
004029,Bra,01,Piemonte,Cuneo,CN,istat-comuni
004030,Briaglia,01,Piemonte,Cuneo,CN,istat-comuni
004031,Briga Alta,01,Piemonte,Cuneo,CN,istat-comuni
004032,Brondello,01,Piemonte,Cuneo,CN,istat-comuni
004033,Brossasco,01,Piemonte,Cuneo,CN,istat-comuni
004034,Busca,01,Piemonte,Cuneo,CN,istat-comuni
004035,Camerana,01,Piemonte,Cuneo,CN,istat-comuni
004037,Canale,01,Piemonte,Cuneo,CN,istat-comuni
004038,Canosio,01,Piemonte,Cuneo,CN,istat-comuni
004039,Caprauna,01,Piemonte,Cuneo,CN,istat-comuni
004040,Caraglio,01,Piemonte,Cuneo,CN,istat-comuni
004041,Caramagna Piemonte,01,Piemonte,Cuneo,CN,istat-comuni
004042,Cardè,01,Piemonte,Cuneo,CN,istat-comuni
004043,Carrù,01,Piemonte,Cuneo,CN,istat-comuni
004044,Cartignano,01,Piemonte,Cuneo,CN,istat-comuni
004045,Casalgrasso,01,Piemonte,Cuneo,CN,istat-comuni
004046,Castagnito,01,Piemonte,Cuneo,CN,istat-comuni
004047,Casteldelfino,01,Piemonte,Cuneo,CN,istat-comuni
004049,Castelletto Stura,01,Piemonte,Cuneo,CN,istat-comuni
004050,Castelletto Uzzone,01,Piemonte,Cuneo,CN,istat-comuni
004051,Castellinaldo d'Alba,01,Piemonte,Cuneo,CN,istat-comuni
004052,Castellino Tanaro,01,Piemonte,Cuneo,CN,istat-comuni
004053,Castelmagno,01,Piemonte,Cuneo,CN,istat-comuni
004054,Castelnuovo di Ceva,01,Piemonte,Cuneo,CN,istat-comuni
004055,Castiglione Falletto,01,Piemonte,Cuneo,CN,istat-comuni
004056,Castiglione Tinella,01,Piemonte,Cuneo,CN,istat-comuni
004057,Castino,01,Piemonte,Cuneo,CN,istat-comuni
004058,Cavallerleone,01,Piemonte,Cuneo,CN,istat-comuni
004059,Cavallermaggiore,01,Piemonte,Cuneo,CN,istat-comuni
004060,Celle di Macra,01,Piemonte,Cuneo,CN,istat-comuni
004061,Centallo,01,Piemonte,Cuneo,CN,istat-comuni
004062,Ceresole Alba,01,Piemonte,Cuneo,CN,istat-comuni
004063,Cerretto Langhe,01,Piemonte,Cuneo,CN,istat-comuni
004064,Cervasca,01,Piemonte,Cuneo,CN,istat-comuni
004065,Cervere,01,Piemonte,Cuneo,CN,istat-comuni
004066,Ceva,01,Piemonte,Cuneo,CN,istat-comuni
004067,Cherasco,01,Piemonte,Cuneo,CN,istat-comuni
004068,Chiusa di Pesio,01,Piemonte,Cuneo,CN,istat-comuni
004069,Cigliè,01,Piemonte,Cuneo,CN,istat-comuni
004070,Cissone,01,Piemonte,Cuneo,CN,istat-comuni
004071,Clavesana,01,Piemonte,Cuneo,CN,istat-comuni
004072,Corneliano d'Alba,01,Piemonte,Cuneo,CN,istat-comuni
004073,Cortemilia,01,Piemonte,Cuneo,CN,istat-comuni
004074,Cossano Belbo,01,Piemonte,Cuneo,CN,istat-comuni
004075,Costigliole Saluzzo,01,Piemonte,Cuneo,CN,istat-comuni
004076,Cravanzana,01,Piemonte,Cuneo,CN,istat-comuni
004077,Crissolo,01,Piemonte,Cuneo,CN,istat-comuni
004078,Cuneo,01,Piemonte,Cuneo,CN,istat-comuni
004079,Demonte,01,Piemonte,Cuneo,CN,istat-comuni
004080,Diano d'Alba,01,Piemonte,Cuneo,CN,istat-comuni
004081,Dogliani,01,Piemonte,Cuneo,CN,istat-comuni
004082,Dronero,01,Piemonte,Cuneo,CN,istat-comuni
004083,Elva,01,Piemonte,Cuneo,CN,istat-comuni
004084,Entracque,01,Piemonte,Cuneo,CN,istat-comuni
004085,Envie,01,Piemonte,Cuneo,CN,istat-comuni
004086,Farigliano,01,Piemonte,Cuneo,CN,istat-comuni
004087,Faule,01,Piemonte,Cuneo,CN,istat-comuni
004088,Feisoglio,01,Piemonte,Cuneo,CN,istat-comuni
004089,Fossano,01,Piemonte,Cuneo,CN,istat-comuni
004090,Frabosa Soprana,01,Piemonte,Cuneo,CN,istat-comuni
004091,Frabosa Sottana,01,Piemonte,Cuneo,CN,istat-comuni
004092,Frassino,01,Piemonte,Cuneo,CN,istat-comuni
004093,Gaiola,01,Piemonte,Cuneo,CN,istat-comuni
004094,Gambasca,01,Piemonte,Cuneo,CN,istat-comuni
004095,Garessio,01,Piemonte,Cuneo,CN,istat-comuni
004096,Genola,01,Piemonte,Cuneo,CN,istat-comuni
004097,Gorzegno,01,Piemonte,Cuneo,CN,istat-comuni
004098,Gottasecca,01,Piemonte,Cuneo,CN,istat-comuni
004099,Govone,01,Piemonte,Cuneo,CN,istat-comuni
004100,Grinzane Cavour,01,Piemonte,Cuneo,CN,istat-comuni
004101,Guarene,01,Piemonte,Cuneo,CN,istat-comuni
004102,Igliano,01,Piemonte,Cuneo,CN,istat-comuni
004103,Isasca,01,Piemonte,Cuneo,CN,istat-comuni
004104,Lagnasco,01,Piemonte,Cuneo,CN,istat-comuni
004105,La Morra,01,Piemonte,Cuneo,CN,istat-comuni
004106,Lequio Berria,01,Piemonte,Cuneo,CN,istat-comuni
004107,Lequio Tanaro,01,Piemonte,Cuneo,CN,istat-comuni
004108,Lesegno,01,Piemonte,Cuneo,CN,istat-comuni
004109,Levice,01,Piemonte,Cuneo,CN,istat-comuni
004110,Limone Piemonte,01,Piemonte,Cuneo,CN,istat-comuni
004111,Lisio,01,Piemonte,Cuneo,CN,istat-comuni
004112,Macra,01,Piemonte,Cuneo,CN,istat-comuni
004113,Magliano Alfieri,01,Piemonte,Cuneo,CN,istat-comuni
004114,Magliano Alpi,01,Piemonte,Cuneo,CN,istat-comuni
004115,Mango,01,Piemonte,Cuneo,CN,istat-comuni
004116,Manta,01,Piemonte,Cuneo,CN,istat-comuni
004117,Marene,01,Piemonte,Cuneo,CN,istat-comuni
004118,Margarita,01,Piemonte,Cuneo,CN,istat-comuni
004119,Marmora,01,Piemonte,Cuneo,CN,istat-comuni
004120,Marsaglia,01,Piemonte,Cuneo,CN,istat-comuni
004121,Martiniana Po,01,Piemonte,Cuneo,CN,istat-comuni
004122,Melle,01,Piemonte,Cuneo,CN,istat-comuni
004123,Moiola,01,Piemonte,Cuneo,CN,istat-comuni
004124,Mombarcaro,01,Piemonte,Cuneo,CN,istat-comuni
004125,Mombasiglio,01,Piemonte,Cuneo,CN,istat-comuni
004126,Monastero di Vasco,01,Piemonte,Cuneo,CN,istat-comuni
004127,Monasterolo Casotto,01,Piemonte,Cuneo,CN,istat-comuni
004128,Monasterolo di Savigliano,01,Piemonte,Cuneo,CN,istat-comuni
004129,Monchiero,01,Piemonte,Cuneo,CN,istat-comuni
004130,Mondovì,01,Piemonte,Cuneo,CN,istat-comuni
004131,Monesiglio,01,Piemonte,Cuneo,CN,istat-comuni
004132,Monforte d'Alba,01,Piemonte,Cuneo,CN,istat-comuni
004133,Montà,01,Piemonte,Cuneo,CN,istat-comuni
004134,Montaldo di Mondovì,01,Piemonte,Cuneo,CN,istat-comuni
004135,Montaldo Roero,01,Piemonte,Cuneo,CN,istat-comuni
004136,Montanera,01,Piemonte,Cuneo,CN,istat-comuni
004137,Montelupo Albese,01,Piemonte,Cuneo,CN,istat-comuni
004138,Montemale di Cuneo,01,Piemonte,Cuneo,CN,istat-comuni
004139,Monterosso Grana,01,Piemonte,Cuneo,CN,istat-comuni
004140,Monteu Roero,01,Piemonte,Cuneo,CN,istat-comuni
004141,Montezemolo,01,Piemonte,Cuneo,CN,istat-comuni
004142,Monticello d'Alba,01,Piemonte,Cuneo,CN,istat-comuni
004143,Moretta,01,Piemonte,Cuneo,CN,istat-comuni
004144,Morozzo,01,Piemonte,Cuneo,CN,istat-comuni
004145,Murazzano,01,Piemonte,Cuneo,CN,istat-comuni
004146,Murello,01,Piemonte,Cuneo,CN,istat-comuni
004147,Narzole,01,Piemonte,Cuneo,CN,istat-comuni
004148,Neive,01,Piemonte,Cuneo,CN,istat-comuni
004149,Neviglie,01,Piemonte,Cuneo,CN,istat-comuni
004150,Niella Belbo,01,Piemonte,Cuneo,CN,istat-comuni
004151,Niella Tanaro,01,Piemonte,Cuneo,CN,istat-comuni
004152,Novello,01,Piemonte,Cuneo,CN,istat-comuni
004153,Nucetto,01,Piemonte,Cuneo,CN,istat-comuni
004154,Oncino,01,Piemonte,Cuneo,CN,istat-comuni
004155,Ormea,01,Piemonte,Cuneo,CN,istat-comuni
004156,Ostana,01,Piemonte,Cuneo,CN,istat-comuni
004157,Paesana,01,Piemonte,Cuneo,CN,istat-comuni
004158,Pagno,01,Piemonte,Cuneo,CN,istat-comuni
004159,Pamparato,01,Piemonte,Cuneo,CN,istat-comuni
004160,Paroldo,01,Piemonte,Cuneo,CN,istat-comuni
004161,Perletto,01,Piemonte,Cuneo,CN,istat-comuni
004162,Perlo,01,Piemonte,Cuneo,CN,istat-comuni
004163,Peveragno,01,Piemonte,Cuneo,CN,istat-comuni
004164,Pezzolo Valle Uzzone,01,Piemonte,Cuneo,CN,istat-comuni
004165,Pianfei,01,Piemonte,Cuneo,CN,istat-comuni
004166,Piasco,01,Piemonte,Cuneo,CN,istat-comuni
004167,Pietraporzio,01,Piemonte,Cuneo,CN,istat-comuni
004168,Piobesi d'Alba,01,Piemonte,Cuneo,CN,istat-comuni
004169,Piozzo,01,Piemonte,Cuneo,CN,istat-comuni
004170,Pocapaglia,01,Piemonte,Cuneo,CN,istat-comuni
004171,Polonghera,01,Piemonte,Cuneo,CN,istat-comuni
004172,Pontechianale,01,Piemonte,Cuneo,CN,istat-comuni
004173,Pradleves,01,Piemonte,Cuneo,CN,istat-comuni
004174,Prazzo,01,Piemonte,Cuneo,CN,istat-comuni
004175,Priero,01,Piemonte,Cuneo,CN,istat-comuni
004176,Priocca,01,Piemonte,Cuneo,CN,istat-comuni
004177,Priola,01,Piemonte,Cuneo,CN,istat-comuni
004178,Prunetto,01,Piemonte,Cuneo,CN,istat-comuni
004179,Racconigi,01,Piemonte,Cuneo,CN,istat-comuni
004180,Revello,01,Piemonte,Cuneo,CN,istat-comuni
004181,Rifreddo,01,Piemonte,Cuneo,CN,istat-comuni
004182,Rittana,01,Piemonte,Cuneo,CN,istat-comuni
004183,Roaschia,01,Piemonte,Cuneo,CN,istat-comuni
004184,Roascio,01,Piemonte,Cuneo,CN,istat-comuni
004185,Robilante,01,Piemonte,Cuneo,CN,istat-comuni
004186,Roburent,01,Piemonte,Cuneo,CN,istat-comuni
004187,Roccabruna,01,Piemonte,Cuneo,CN,istat-comuni
004188,Rocca Cigliè,01,Piemonte,Cuneo,CN,istat-comuni
004189,Rocca de' Baldi,01,Piemonte,Cuneo,CN,istat-comuni
004190,Roccaforte Mondovì,01,Piemonte,Cuneo,CN,istat-comuni
004191,Roccasparvera,01,Piemonte,Cuneo,CN,istat-comuni
004192,Roccavione,01,Piemonte,Cuneo,CN,istat-comuni
004193,Rocchetta Belbo,01,Piemonte,Cuneo,CN,istat-comuni
004194,Roddi,01,Piemonte,Cuneo,CN,istat-comuni
004195,Roddino,01,Piemonte,Cuneo,CN,istat-comuni
004196,Rodello,01,Piemonte,Cuneo,CN,istat-comuni
004197,Rossana,01,Piemonte,Cuneo,CN,istat-comuni
004198,Ruffia,01,Piemonte,Cuneo,CN,istat-comuni
004199,Sale delle Langhe,01,Piemonte,Cuneo,CN,istat-comuni
004200,Sale San Giovanni,01,Piemonte,Cuneo,CN,istat-comuni
004201,Saliceto,01,Piemonte,Cuneo,CN,istat-comuni
004202,Salmour,01,Piemonte,Cuneo,CN,istat-comuni
004203,Saluzzo,01,Piemonte,Cuneo,CN,istat-comuni
004204,Sambuco,01,Piemonte,Cuneo,CN,istat-comuni
004205,Sampeyre,01,Piemonte,Cuneo,CN,istat-comuni
004206,San Benedetto Belbo,01,Piemonte,Cuneo,CN,istat-comuni
004207,San Damiano Macra,01,Piemonte,Cuneo,CN,istat-comuni
004208,Sanfrè,01,Piemonte,Cuneo,CN,istat-comuni
004209,Sanfront,01,Piemonte,Cuneo,CN,istat-comuni
004210,San Michele Mondovì,01,Piemonte,Cuneo,CN,istat-comuni
004211,Sant'Albano Stura,01,Piemonte,Cuneo,CN,istat-comuni
004212,Santa Vittoria d'Alba,01,Piemonte,Cuneo,CN,istat-comuni
004213,Santo Stefano Belbo,01,Piemonte,Cuneo,CN,istat-comuni
004214,Santo Stefano Roero,01,Piemonte,Cuneo,CN,istat-comuni
004215,Savigliano,01,Piemonte,Cuneo,CN,istat-comuni
004216,Scagnello,01,Piemonte,Cuneo,CN,istat-comuni
004217,Scarnafigi,01,Piemonte,Cuneo,CN,istat-comuni
004218,Serralunga d'Alba,01,Piemonte,Cuneo,CN,istat-comuni
004219,Serravalle Langhe,01,Piemonte,Cuneo,CN,istat-comuni
004220,Sinio,01,Piemonte,Cuneo,CN,istat-comuni
004221,Somano,01,Piemonte,Cuneo,CN,istat-comuni
004222,Sommariva del Bosco,01,Piemonte,Cuneo,CN,istat-comuni
004223,Sommariva Perno,01,Piemonte,Cuneo,CN,istat-comuni
004224,Stroppo,01,Piemonte,Cuneo,CN,istat-comuni
004225,Tarantasca,01,Piemonte,Cuneo,CN,istat-comuni
004226,Torre Bormida,01,Piemonte,Cuneo,CN,istat-comuni
004227,Torre Mondovì,01,Piemonte,Cuneo,CN,istat-comuni
004228,Torre San Giorgio,01,Piemonte,Cuneo,CN,istat-comuni
004229,Torresina,01,Piemonte,Cuneo,CN,istat-comuni
004230,Treiso,01,Piemonte,Cuneo,CN,istat-comuni
004231,Trezzo Tinella,01,Piemonte,Cuneo,CN,istat-comuni
004232,Trinità,01,Piemonte,Cuneo,CN,istat-comuni
004233,Valdieri,01,Piemonte,Cuneo,CN,istat-comuni
004234,Valgrana,01,Piemonte,Cuneo,CN,istat-comuni
004235,Valloriate,01,Piemonte,Cuneo,CN,istat-comuni
004237,Venasca,01,Piemonte,Cuneo,CN,istat-comuni
004238,Verduno,01,Piemonte,Cuneo,CN,istat-comuni
004239,Vernante,01,Piemonte,Cuneo,CN,istat-comuni
004240,Verzuolo,01,Piemonte,Cuneo,CN,istat-comuni
004241,Vezza d'Alba,01,Piemonte,Cuneo,CN,istat-comuni
004242,Vicoforte,01,Piemonte,Cuneo,CN,istat-comuni
004243,Vignolo,01,Piemonte,Cuneo,CN,istat-comuni
004244,Villafalletto,01,Piemonte,Cuneo,CN,istat-comuni
004245,Villanova Mondovì,01,Piemonte,Cuneo,CN,istat-comuni
004246,Villanova Solaro,01,Piemonte,Cuneo,CN,istat-comuni
004247,Villar San Costanzo,01,Piemonte,Cuneo,CN,istat-comuni
004248,Vinadio,01,Piemonte,Cuneo,CN,istat-comuni
004249,Viola,01,Piemonte,Cuneo,CN,istat-comuni
004250,Vottignasco,01,Piemonte,Cuneo,CN,istat-comuni
005001,Agliano Terme,01,Piemonte,Asti,AT,istat-comuni
005002,Albugnano,01,Piemonte,Asti,AT,istat-comuni
005003,Antignano,01,Piemonte,Asti,AT,istat-comuni
005004,Aramengo,01,Piemonte,Asti,AT,istat-comuni
005005,Asti,01,Piemonte,Asti,AT,istat-comuni
005006,Azzano d'Asti,01,Piemonte,Asti,AT,istat-comuni
005007,Baldichieri d'Asti,01,Piemonte,Asti,AT,istat-comuni
005008,Belveglio,01,Piemonte,Asti,AT,istat-comuni
005009,Berzano di San Pietro,01,Piemonte,Asti,AT,istat-comuni
005010,Bruno,01,Piemonte,Asti,AT,istat-comuni
005011,Bubbio,01,Piemonte,Asti,AT,istat-comuni
005012,Buttigliera d'Asti,01,Piemonte,Asti,AT,istat-comuni
005013,Calamandrana,01,Piemonte,Asti,AT,istat-comuni
005014,Calliano Monferrato,01,Piemonte,Asti,AT,istat-comuni
005015,Calosso,01,Piemonte,Asti,AT,istat-comuni
005016,Camerano Casasco,01,Piemonte,Asti,AT,istat-comuni
005017,Canelli,01,Piemonte,Asti,AT,istat-comuni
005018,Cantarana,01,Piemonte,Asti,AT,istat-comuni
005019,Capriglio,01,Piemonte,Asti,AT,istat-comuni
005020,Casorzo Monferrato,01,Piemonte,Asti,AT,istat-comuni
005021,Cassinasco,01,Piemonte,Asti,AT,istat-comuni
005022,Castagnole delle Lanze,01,Piemonte,Asti,AT,istat-comuni
005023,Castagnole Monferrato,01,Piemonte,Asti,AT,istat-comuni
005024,Castel Boglione,01,Piemonte,Asti,AT,istat-comuni
005025,Castell'Alfero,01,Piemonte,Asti,AT,istat-comuni
005026,Castellero,01,Piemonte,Asti,AT,istat-comuni
005027,Castelletto Molina,01,Piemonte,Asti,AT,istat-comuni
005028,Castello di Annone,01,Piemonte,Asti,AT,istat-comuni
005029,Castelnuovo Belbo,01,Piemonte,Asti,AT,istat-comuni
005030,Castelnuovo Calcea,01,Piemonte,Asti,AT,istat-comuni
005031,Castelnuovo Don Bosco,01,Piemonte,Asti,AT,istat-comuni
005032,Castel Rocchero,01,Piemonte,Asti,AT,istat-comuni
005033,Cellarengo,01,Piemonte,Asti,AT,istat-comuni
005034,Celle Enomondo,01,Piemonte,Asti,AT,istat-comuni
005035,Cerreto d'Asti,01,Piemonte,Asti,AT,istat-comuni
005036,Cerro Tanaro,01,Piemonte,Asti,AT,istat-comuni
005037,Cessole,01,Piemonte,Asti,AT,istat-comuni
005038,Chiusano d'Asti,01,Piemonte,Asti,AT,istat-comuni
005039,Cinaglio,01,Piemonte,Asti,AT,istat-comuni
005040,Cisterna d'Asti,01,Piemonte,Asti,AT,istat-comuni
005041,Coazzolo,01,Piemonte,Asti,AT,istat-comuni
005042,Cocconato,01,Piemonte,Asti,AT,istat-comuni
005044,Corsione,01,Piemonte,Asti,AT,istat-comuni
005045,Cortandone,01,Piemonte,Asti,AT,istat-comuni
005046,Cortanze,01,Piemonte,Asti,AT,istat-comuni
005047,Cortazzone,01,Piemonte,Asti,AT,istat-comuni
005048,Cortiglione,01,Piemonte,Asti,AT,istat-comuni
005049,Cossombrato,01,Piemonte,Asti,AT,istat-comuni
005050,Costigliole d'Asti,01,Piemonte,Asti,AT,istat-comuni
005051,Cunico,01,Piemonte,Asti,AT,istat-comuni
005052,Dusino San Michele,01,Piemonte,Asti,AT,istat-comuni
005053,Ferrere,01,Piemonte,Asti,AT,istat-comuni
005054,Fontanile,01,Piemonte,Asti,AT,istat-comuni
005055,Frinco,01,Piemonte,Asti,AT,istat-comuni
005056,Grana Monferrato,01,Piemonte,Asti,AT,istat-comuni
005057,Grazzano Badoglio,01,Piemonte,Asti,AT,istat-comuni
005058,Incisa Scapaccino,01,Piemonte,Asti,AT,istat-comuni
005059,Isola d'Asti,01,Piemonte,Asti,AT,istat-comuni
005060,Loazzolo,01,Piemonte,Asti,AT,istat-comuni
005061,Maranzana,01,Piemonte,Asti,AT,istat-comuni
005062,Maretto,01,Piemonte,Asti,AT,istat-comuni
005063,Moasca,01,Piemonte,Asti,AT,istat-comuni
005064,Mombaldone,01,Piemonte,Asti,AT,istat-comuni
005065,Mombaruzzo,01,Piemonte,Asti,AT,istat-comuni
005066,Mombercelli,01,Piemonte,Asti,AT,istat-comuni
005067,Monale,01,Piemonte,Asti,AT,istat-comuni
005068,Monastero Bormida,01,Piemonte,Asti,AT,istat-comuni
005069,Moncalvo,01,Piemonte,Asti,AT,istat-comuni
005070,Moncucco Torinese,01,Piemonte,Asti,AT,istat-comuni
005071,Mongardino,01,Piemonte,Asti,AT,istat-comuni
005072,Montabone,01,Piemonte,Asti,AT,istat-comuni
005073,Montafia,01,Piemonte,Asti,AT,istat-comuni
005074,Montaldo Scarampi,01,Piemonte,Asti,AT,istat-comuni
005075,Montechiaro d'Asti,01,Piemonte,Asti,AT,istat-comuni
005076,Montegrosso d'Asti,01,Piemonte,Asti,AT,istat-comuni
005077,Montemagno Monferrato,01,Piemonte,Asti,AT,istat-comuni
005080,Nizza Monferrato,01,Piemonte,Asti,AT,istat-comuni
005081,Olmo Gentile,01,Piemonte,Asti,AT,istat-comuni
005082,Passerano Marmorito,01,Piemonte,Asti,AT,istat-comuni
005083,Penango,01,Piemonte,Asti,AT,istat-comuni
005084,Piea,01,Piemonte,Asti,AT,istat-comuni
005085,Pino d'Asti,01,Piemonte,Asti,AT,istat-comuni
005086,Piovà Massaia,01,Piemonte,Asti,AT,istat-comuni
005087,Portacomaro,01,Piemonte,Asti,AT,istat-comuni
005088,Quaranti,01,Piemonte,Asti,AT,istat-comuni
005089,Refrancore,01,Piemonte,Asti,AT,istat-comuni
005090,Revigliasco d'Asti,01,Piemonte,Asti,AT,istat-comuni
005091,Roatto,01,Piemonte,Asti,AT,istat-comuni
005092,Robella,01,Piemonte,Asti,AT,istat-comuni
005093,Rocca d'Arazzo,01,Piemonte,Asti,AT,istat-comuni
005094,Roccaverano,01,Piemonte,Asti,AT,istat-comuni
005095,Rocchetta Palafea,01,Piemonte,Asti,AT,istat-comuni
005096,Rocchetta Tanaro,01,Piemonte,Asti,AT,istat-comuni
005097,San Damiano d'Asti,01,Piemonte,Asti,AT,istat-comuni
005098,San Giorgio Scarampi,01,Piemonte,Asti,AT,istat-comuni
005099,San Martino Alfieri,01,Piemonte,Asti,AT,istat-comuni
005100,San Marzano Oliveto,01,Piemonte,Asti,AT,istat-comuni
005101,San Paolo Solbrito,01,Piemonte,Asti,AT,istat-comuni
005103,Scurzolengo,01,Piemonte,Asti,AT,istat-comuni
005104,Serole,01,Piemonte,Asti,AT,istat-comuni
005105,Sessame,01,Piemonte,Asti,AT,istat-comuni
005106,Settime,01,Piemonte,Asti,AT,istat-comuni
005107,Soglio,01,Piemonte,Asti,AT,istat-comuni
005108,Tigliole,01,Piemonte,Asti,AT,istat-comuni
005109,Tonco,01,Piemonte,Asti,AT,istat-comuni
005111,Vaglio Serra,01,Piemonte,Asti,AT,istat-comuni
005112,Valfenera,01,Piemonte,Asti,AT,istat-comuni
005113,Vesime,01,Piemonte,Asti,AT,istat-comuni
005114,Viale,01,Piemonte,Asti,AT,istat-comuni
005115,Viarigi,01,Piemonte,Asti,AT,istat-comuni
005116,Vigliano d'Asti,01,Piemonte,Asti,AT,istat-comuni
005117,Villafranca d'Asti,01,Piemonte,Asti,AT,istat-comuni
005118,Villanova d'Asti,01,Piemonte,Asti,AT,istat-comuni
005119,Villa San Secondo,01,Piemonte,Asti,AT,istat-comuni
005120,Vinchio,01,Piemonte,Asti,AT,istat-comuni
005121,Montiglio Monferrato,01,Piemonte,Asti,AT,istat-comuni
005122,Moransengo-Tonengo,01,Piemonte,Asti,AT,istat-comuni
006001,Acqui Terme,01,Piemonte,Alessandria,AL,istat-comuni
006002,Albera Ligure,01,Piemonte,Alessandria,AL,istat-comuni
006003,Alessandria,01,Piemonte,Alessandria,AL,istat-comuni
006004,Alfiano Natta,01,Piemonte,Alessandria,AL,istat-comuni
006005,Alice Bel Colle,01,Piemonte,Alessandria,AL,istat-comuni
006007,Altavilla Monferrato,01,Piemonte,Alessandria,AL,istat-comuni
006008,Alzano Scrivia,01,Piemonte,Alessandria,AL,istat-comuni
006009,Arquata Scrivia,01,Piemonte,Alessandria,AL,istat-comuni
006010,Avolasca,01,Piemonte,Alessandria,AL,istat-comuni
006011,Balzola,01,Piemonte,Alessandria,AL,istat-comuni
006012,Basaluzzo,01,Piemonte,Alessandria,AL,istat-comuni
006013,Bassignana,01,Piemonte,Alessandria,AL,istat-comuni
006014,Belforte Monferrato,01,Piemonte,Alessandria,AL,istat-comuni
006015,Bergamasco,01,Piemonte,Alessandria,AL,istat-comuni
006016,Berzano di Tortona,01,Piemonte,Alessandria,AL,istat-comuni
006017,Bistagno,01,Piemonte,Alessandria,AL,istat-comuni
006018,Borghetto di Borbera,01,Piemonte,Alessandria,AL,istat-comuni
006019,Borgoratto Alessandrino,01,Piemonte,Alessandria,AL,istat-comuni
006020,Borgo San Martino,01,Piemonte,Alessandria,AL,istat-comuni
006021,Bosco Marengo,01,Piemonte,Alessandria,AL,istat-comuni
006022,Bosio,01,Piemonte,Alessandria,AL,istat-comuni
006023,Bozzole,01,Piemonte,Alessandria,AL,istat-comuni
006024,Brignano-Frascata,01,Piemonte,Alessandria,AL,istat-comuni
006025,Cabella Ligure,01,Piemonte,Alessandria,AL,istat-comuni
006026,Camagna Monferrato,01,Piemonte,Alessandria,AL,istat-comuni
006027,Camino,01,Piemonte,Alessandria,AL,istat-comuni
006028,Cantalupo Ligure,01,Piemonte,Alessandria,AL,istat-comuni
006029,Capriata d'Orba,01,Piemonte,Alessandria,AL,istat-comuni
006030,Carbonara Scrivia,01,Piemonte,Alessandria,AL,istat-comuni
006031,Carentino,01,Piemonte,Alessandria,AL,istat-comuni
006032,Carezzano,01,Piemonte,Alessandria,AL,istat-comuni
006033,Carpeneto,01,Piemonte,Alessandria,AL,istat-comuni
006034,Carrega Ligure,01,Piemonte,Alessandria,AL,istat-comuni
006035,Carrosio,01,Piemonte,Alessandria,AL,istat-comuni
006036,Cartosio,01,Piemonte,Alessandria,AL,istat-comuni
006037,Casal Cermelli,01,Piemonte,Alessandria,AL,istat-comuni
006038,Casaleggio Boiro,01,Piemonte,Alessandria,AL,istat-comuni
006039,Casale Monferrato,01,Piemonte,Alessandria,AL,istat-comuni
006040,Casalnoceto,01,Piemonte,Alessandria,AL,istat-comuni
006041,Casasco,01,Piemonte,Alessandria,AL,istat-comuni
006043,Cassine,01,Piemonte,Alessandria,AL,istat-comuni
006044,Cassinelle,01,Piemonte,Alessandria,AL,istat-comuni
006045,Castellania Coppi,01,Piemonte,Alessandria,AL,istat-comuni
006046,Castellar Guidobono,01,Piemonte,Alessandria,AL,istat-comuni
006047,Castellazzo Bormida,01,Piemonte,Alessandria,AL,istat-comuni
006048,Castelletto d'Erro,01,Piemonte,Alessandria,AL,istat-comuni
006049,Castelletto d'Orba,01,Piemonte,Alessandria,AL,istat-comuni
006050,Castelletto Merli,01,Piemonte,Alessandria,AL,istat-comuni
006051,Castelletto Monferrato,01,Piemonte,Alessandria,AL,istat-comuni
006052,Castelnuovo Bormida,01,Piemonte,Alessandria,AL,istat-comuni
006053,Castelnuovo Scrivia,01,Piemonte,Alessandria,AL,istat-comuni
006054,Castelspina,01,Piemonte,Alessandria,AL,istat-comuni
006055,Cavatore,01,Piemonte,Alessandria,AL,istat-comuni
006056,Cella Monte,01,Piemonte,Alessandria,AL,istat-comuni
006057,Cereseto,01,Piemonte,Alessandria,AL,istat-comuni
006058,Cerreto Grue,01,Piemonte,Alessandria,AL,istat-comuni
006059,Cerrina Monferrato,01,Piemonte,Alessandria,AL,istat-comuni
006060,Coniolo,01,Piemonte,Alessandria,AL,istat-comuni
006061,Conzano,01,Piemonte,Alessandria,AL,istat-comuni
006062,Costa Vescovato,01,Piemonte,Alessandria,AL,istat-comuni
006063,Cremolino,01,Piemonte,Alessandria,AL,istat-comuni
006065,Denice,01,Piemonte,Alessandria,AL,istat-comuni
006066,Dernice,01,Piemonte,Alessandria,AL,istat-comuni
006067,Fabbrica Curone,01,Piemonte,Alessandria,AL,istat-comuni
006068,Felizzano,01,Piemonte,Alessandria,AL,istat-comuni
006069,Fraconalto,01,Piemonte,Alessandria,AL,istat-comuni
006070,Francavilla Bisio,01,Piemonte,Alessandria,AL,istat-comuni
006071,Frascaro,01,Piemonte,Alessandria,AL,istat-comuni
006072,Frassinello Monferrato,01,Piemonte,Alessandria,AL,istat-comuni
006073,Frassineto Po,01,Piemonte,Alessandria,AL,istat-comuni
006074,Fresonara,01,Piemonte,Alessandria,AL,istat-comuni
006075,Frugarolo,01,Piemonte,Alessandria,AL,istat-comuni
006076,Fubine Monferrato,01,Piemonte,Alessandria,AL,istat-comuni
006077,Gabiano,01,Piemonte,Alessandria,AL,istat-comuni
006078,Gamalero,01,Piemonte,Alessandria,AL,istat-comuni
006079,Garbagna,01,Piemonte,Alessandria,AL,istat-comuni
006081,Gavi,01,Piemonte,Alessandria,AL,istat-comuni
006082,Giarole,01,Piemonte,Alessandria,AL,istat-comuni
006083,Gremiasco,01,Piemonte,Alessandria,AL,istat-comuni
006084,Grognardo,01,Piemonte,Alessandria,AL,istat-comuni
006085,Grondona,01,Piemonte,Alessandria,AL,istat-comuni
006086,Guazzora,01,Piemonte,Alessandria,AL,istat-comuni
006087,Isola Sant'Antonio,01,Piemonte,Alessandria,AL,istat-comuni
006088,Lerma,01,Piemonte,Alessandria,AL,istat-comuni
006090,Malvicino,01,Piemonte,Alessandria,AL,istat-comuni
006091,Masio,01,Piemonte,Alessandria,AL,istat-comuni
006092,Melazzo,01,Piemonte,Alessandria,AL,istat-comuni
006093,Merana,01,Piemonte,Alessandria,AL,istat-comuni
006094,Mirabello Monferrato,01,Piemonte,Alessandria,AL,istat-comuni
006095,Molare,01,Piemonte,Alessandria,AL,istat-comuni
006096,Molino dei Torti,01,Piemonte,Alessandria,AL,istat-comuni
006097,Mombello Monferrato,01,Piemonte,Alessandria,AL,istat-comuni
006098,Momperone,01,Piemonte,Alessandria,AL,istat-comuni
006099,Moncestino,01,Piemonte,Alessandria,AL,istat-comuni
006100,Mongiardino Ligure,01,Piemonte,Alessandria,AL,istat-comuni
006101,Monleale,01,Piemonte,Alessandria,AL,istat-comuni
006102,Montacuto,01,Piemonte,Alessandria,AL,istat-comuni
006103,Montaldeo,01,Piemonte,Alessandria,AL,istat-comuni
006104,Montaldo Bormida,01,Piemonte,Alessandria,AL,istat-comuni
006105,Montecastello,01,Piemonte,Alessandria,AL,istat-comuni
006106,Montechiaro d'Acqui,01,Piemonte,Alessandria,AL,istat-comuni
006107,Montegioco,01,Piemonte,Alessandria,AL,istat-comuni
006108,Montemarzino,01,Piemonte,Alessandria,AL,istat-comuni
006109,Morano sul Po,01,Piemonte,Alessandria,AL,istat-comuni
006110,Morbello,01,Piemonte,Alessandria,AL,istat-comuni
006111,Mornese,01,Piemonte,Alessandria,AL,istat-comuni
006112,Morsasco,01,Piemonte,Alessandria,AL,istat-comuni
006113,Murisengo Monferrato,01,Piemonte,Alessandria,AL,istat-comuni
006114,Novi Ligure,01,Piemonte,Alessandria,AL,istat-comuni
006115,Occimiano,01,Piemonte,Alessandria,AL,istat-comuni
006116,Odalengo Grande,01,Piemonte,Alessandria,AL,istat-comuni
006117,Odalengo Piccolo,01,Piemonte,Alessandria,AL,istat-comuni
006118,Olivola,01,Piemonte,Alessandria,AL,istat-comuni
006119,Orsara Bormida,01,Piemonte,Alessandria,AL,istat-comuni
006120,Ottiglio,01,Piemonte,Alessandria,AL,istat-comuni
006121,Ovada,01,Piemonte,Alessandria,AL,istat-comuni
006122,Oviglio,01,Piemonte,Alessandria,AL,istat-comuni
006123,Ozzano Monferrato,01,Piemonte,Alessandria,AL,istat-comuni
006124,Paderna,01,Piemonte,Alessandria,AL,istat-comuni
006125,Pareto,01,Piemonte,Alessandria,AL,istat-comuni
006126,Parodi Ligure,01,Piemonte,Alessandria,AL,istat-comuni
006127,Pasturana,01,Piemonte,Alessandria,AL,istat-comuni
006128,Pecetto di Valenza,01,Piemonte,Alessandria,AL,istat-comuni
006129,Pietra Marazzi,01,Piemonte,Alessandria,AL,istat-comuni
006131,Pomaro Monferrato,01,Piemonte,Alessandria,AL,istat-comuni
006132,Pontecurone,01,Piemonte,Alessandria,AL,istat-comuni
006133,Pontestura,01,Piemonte,Alessandria,AL,istat-comuni
006134,Ponti,01,Piemonte,Alessandria,AL,istat-comuni
006135,Ponzano Monferrato,01,Piemonte,Alessandria,AL,istat-comuni
006136,Ponzone,01,Piemonte,Alessandria,AL,istat-comuni
006137,Pozzol Groppo,01,Piemonte,Alessandria,AL,istat-comuni
006138,Pozzolo Formigaro,01,Piemonte,Alessandria,AL,istat-comuni
006139,Prasco,01,Piemonte,Alessandria,AL,istat-comuni
006140,Predosa,01,Piemonte,Alessandria,AL,istat-comuni
006141,Quargnento,01,Piemonte,Alessandria,AL,istat-comuni
006142,Quattordio,01,Piemonte,Alessandria,AL,istat-comuni
006143,Ricaldone,01,Piemonte,Alessandria,AL,istat-comuni
006144,Rivalta Bormida,01,Piemonte,Alessandria,AL,istat-comuni
006145,Rivarone,01,Piemonte,Alessandria,AL,istat-comuni
006146,Roccaforte Ligure,01,Piemonte,Alessandria,AL,istat-comuni
006147,Rocca Grimalda,01,Piemonte,Alessandria,AL,istat-comuni
006148,Rocchetta Ligure,01,Piemonte,Alessandria,AL,istat-comuni
006149,Rosignano Monferrato,01,Piemonte,Alessandria,AL,istat-comuni
006150,Sala Monferrato,01,Piemonte,Alessandria,AL,istat-comuni
006151,Sale,01,Piemonte,Alessandria,AL,istat-comuni
006152,San Cristoforo,01,Piemonte,Alessandria,AL,istat-comuni
006153,San Giorgio Monferrato,01,Piemonte,Alessandria,AL,istat-comuni
006154,San Salvatore Monferrato,01,Piemonte,Alessandria,AL,istat-comuni
006155,San Sebastiano Curone,01,Piemonte,Alessandria,AL,istat-comuni
006156,Sant'Agata Fossili,01,Piemonte,Alessandria,AL,istat-comuni
006157,Sardigliano,01,Piemonte,Alessandria,AL,istat-comuni
006158,Sarezzano,01,Piemonte,Alessandria,AL,istat-comuni
006159,Serralunga di Crea,01,Piemonte,Alessandria,AL,istat-comuni
006160,Serravalle Scrivia,01,Piemonte,Alessandria,AL,istat-comuni
006161,Sezzadio,01,Piemonte,Alessandria,AL,istat-comuni
006162,Silvano d'Orba,01,Piemonte,Alessandria,AL,istat-comuni
006163,Solero,01,Piemonte,Alessandria,AL,istat-comuni
006164,Solonghello,01,Piemonte,Alessandria,AL,istat-comuni
006165,Spigno Monferrato,01,Piemonte,Alessandria,AL,istat-comuni
006166,Spineto Scrivia,01,Piemonte,Alessandria,AL,istat-comuni
006167,Stazzano,01,Piemonte,Alessandria,AL,istat-comuni
006168,Strevi,01,Piemonte,Alessandria,AL,istat-comuni
006169,Tagliolo Monferrato,01,Piemonte,Alessandria,AL,istat-comuni
006170,Tassarolo,01,Piemonte,Alessandria,AL,istat-comuni
006171,Terruggia,01,Piemonte,Alessandria,AL,istat-comuni
006172,Terzo,01,Piemonte,Alessandria,AL,istat-comuni
006173,Ticineto,01,Piemonte,Alessandria,AL,istat-comuni
006174,Tortona,01,Piemonte,Alessandria,AL,istat-comuni
006175,Treville,01,Piemonte,Alessandria,AL,istat-comuni
006176,Trisobbio,01,Piemonte,Alessandria,AL,istat-comuni
006177,Valenza,01,Piemonte,Alessandria,AL,istat-comuni
006178,Valmacca,01,Piemonte,Alessandria,AL,istat-comuni
006179,Vignale Monferrato,01,Piemonte,Alessandria,AL,istat-comuni
006180,Vignole Borbera,01,Piemonte,Alessandria,AL,istat-comuni
006181,Viguzzolo,01,Piemonte,Alessandria,AL,istat-comuni
006182,Villadeati,01,Piemonte,Alessandria,AL,istat-comuni
006183,Villalvernia,01,Piemonte,Alessandria,AL,istat-comuni
006184,Villamiroglio,01,Piemonte,Alessandria,AL,istat-comuni
006185,Villanova Monferrato,01,Piemonte,Alessandria,AL,istat-comuni
006186,Villaromagnano,01,Piemonte,Alessandria,AL,istat-comuni
006187,Visone,01,Piemonte,Alessandria,AL,istat-comuni
006188,Volpedo,01,Piemonte,Alessandria,AL,istat-comuni
006189,Volpeglino,01,Piemonte,Alessandria,AL,istat-comuni
006190,Voltaggio,01,Piemonte,Alessandria,AL,istat-comuni
006191,Cassano Spinola,01,Piemonte,Alessandria,AL,istat-comuni
006192,Alluvioni Piovera,01,Piemonte,Alessandria,AL,istat-comuni
006193,Lu e Cuccaro Monferrato,01,Piemonte,Alessandria,AL,istat-comuni
007001,Allein,02,Valle d'Aosta/Vallée d'Aoste,Valle d'Aosta/Vallée d'Aoste,AO,istat-comuni
007002,Antey-Saint-André,02,Valle d'Aosta/Vallée d'Aoste,Valle d'Aosta/Vallée d'Aoste,AO,istat-comuni
007003,Aosta,02,Valle d'Aosta/Vallée d'Aoste,Valle d'Aosta/Vallée d'Aoste,AO,istat-comuni
007004,Arnad,02,Valle d'Aosta/Vallée d'Aoste,Valle d'Aosta/Vallée d'Aoste,AO,istat-comuni
007005,Arvier,02,Valle d'Aosta/Vallée d'Aoste,Valle d'Aosta/Vallée d'Aoste,AO,istat-comuni
007006,Avise,02,Valle d'Aosta/Vallée d'Aoste,Valle d'Aosta/Vallée d'Aoste,AO,istat-comuni
007007,Ayas,02,Valle d'Aosta/Vallée d'Aoste,Valle d'Aosta/Vallée d'Aoste,AO,istat-comuni
007008,Aymavilles,02,Valle d'Aosta/Vallée d'Aoste,Valle d'Aosta/Vallée d'Aoste,AO,istat-comuni
007009,Bard,02,Valle d'Aosta/Vallée d'Aoste,Valle d'Aosta/Vallée d'Aoste,AO,istat-comuni
007010,Bionaz,02,Valle d'Aosta/Vallée d'Aoste,Valle d'Aosta/Vallée d'Aoste,AO,istat-comuni
007011,Brissogne,02,Valle d'Aosta/Vallée d'Aoste,Valle d'Aosta/Vallée d'Aoste,AO,istat-comuni
007012,Brusson,02,Valle d'Aosta/Vallée d'Aoste,Valle d'Aosta/Vallée d'Aoste,AO,istat-comuni
007013,Challand-Saint-Anselme,02,Valle d'Aosta/Vallée d'Aoste,Valle d'Aosta/Vallée d'Aoste,AO,istat-comuni
007014,Challand-Saint-Victor,02,Valle d'Aosta/Vallée d'Aoste,Valle d'Aosta/Vallée d'Aoste,AO,istat-comuni
007015,Chambave,02,Valle d'Aosta/Vallée d'Aoste,Valle d'Aosta/Vallée d'Aoste,AO,istat-comuni
007016,Chamois,02,Valle d'Aosta/Vallée d'Aoste,Valle d'Aosta/Vallée d'Aoste,AO,istat-comuni
007017,Champdepraz,02,Valle d'Aosta/Vallée d'Aoste,Valle d'Aosta/Vallée d'Aoste,AO,istat-comuni
007018,Champorcher,02,Valle d'Aosta/Vallée d'Aoste,Valle d'Aosta/Vallée d'Aoste,AO,istat-comuni
007019,Charvensod,02,Valle d'Aosta/Vallée d'Aoste,Valle d'Aosta/Vallée d'Aoste,AO,istat-comuni
007020,Châtillon,02,Valle d'Aosta/Vallée d'Aoste,Valle d'Aosta/Vallée d'Aoste,AO,istat-comuni
007021,Cogne,02,Valle d'Aosta/Vallée d'Aoste,Valle d'Aosta/Vallée d'Aoste,AO,istat-comuni
007022,Courmayeur,02,Valle d'Aosta/Vallée d'Aoste,Valle d'Aosta/Vallée d'Aoste,AO,istat-comuni
007023,Donnas,02,Valle d'Aosta/Vallée d'Aoste,Valle d'Aosta/Vallée d'Aoste,AO,istat-comuni
007024,Doues,02,Valle d'Aosta/Vallée d'Aoste,Valle d'Aosta/Vallée d'Aoste,AO,istat-comuni
007025,Emarèse,02,Valle d'Aosta/Vallée d'Aoste,Valle d'Aosta/Vallée d'Aoste,AO,istat-comuni
007026,Etroubles,02,Valle d'Aosta/Vallée d'Aoste,Valle d'Aosta/Vallée d'Aoste,AO,istat-comuni
007027,Fénis,02,Valle d'Aosta/Vallée d'Aoste,Valle d'Aosta/Vallée d'Aoste,AO,istat-comuni
007028,Fontainemore,02,Valle d'Aosta/Vallée d'Aoste,Valle d'Aosta/Vallée d'Aoste,AO,istat-comuni
007029,Gaby,02,Valle d'Aosta/Vallée d'Aoste,Valle d'Aosta/Vallée d'Aoste,AO,istat-comuni
007030,Gignod,02,Valle d'Aosta/Vallée d'Aoste,Valle d'Aosta/Vallée d'Aoste,AO,istat-comuni
007031,Gressan,02,Valle d'Aosta/Vallée d'Aoste,Valle d'Aosta/Vallée d'Aoste,AO,istat-comuni
007032,Gressoney-La-Trinité,02,Valle d'Aosta/Vallée d'Aoste,Valle d'Aosta/Vallée d'Aoste,AO,istat-comuni
007033,Gressoney-Saint-Jean,02,Valle d'Aosta/Vallée d'Aoste,Valle d'Aosta/Vallée d'Aoste,AO,istat-comuni
007034,Hône,02,Valle d'Aosta/Vallée d'Aoste,Valle d'Aosta/Vallée d'Aoste,AO,istat-comuni
007035,Introd,02,Valle d'Aosta/Vallée d'Aoste,Valle d'Aosta/Vallée d'Aoste,AO,istat-comuni
007036,Issime,02,Valle d'Aosta/Vallée d'Aoste,Valle d'Aosta/Vallée d'Aoste,AO,istat-comuni
007037,Issogne,02,Valle d'Aosta/Vallée d'Aoste,Valle d'Aosta/Vallée d'Aoste,AO,istat-comuni
007038,Jovençan,02,Valle d'Aosta/Vallée d'Aoste,Valle d'Aosta/Vallée d'Aoste,AO,istat-comuni
007039,La Magdeleine,02,Valle d'Aosta/Vallée d'Aoste,Valle d'Aosta/Vallée d'Aoste,AO,istat-comuni
007040,La Salle,02,Valle d'Aosta/Vallée d'Aoste,Valle d'Aosta/Vallée d'Aoste,AO,istat-comuni
007041,La Thuile,02,Valle d'Aosta/Vallée d'Aoste,Valle d'Aosta/Vallée d'Aoste,AO,istat-comuni
007042,Lillianes,02,Valle d'Aosta/Vallée d'Aoste,Valle d'Aosta/Vallée d'Aoste,AO,istat-comuni
007043,Montjovet,02,Valle d'Aosta/Vallée d'Aoste,Valle d'Aosta/Vallée d'Aoste,AO,istat-comuni
007044,Morgex,02,Valle d'Aosta/Vallée d'Aoste,Valle d'Aosta/Vallée d'Aoste,AO,istat-comuni
007045,Nus,02,Valle d'Aosta/Vallée d'Aoste,Valle d'Aosta/Vallée d'Aoste,AO,istat-comuni
007046,Ollomont,02,Valle d'Aosta/Vallée d'Aoste,Valle d'Aosta/Vallée d'Aoste,AO,istat-comuni
007047,Oyace,02,Valle d'Aosta/Vallée d'Aoste,Valle d'Aosta/Vallée d'Aoste,AO,istat-comuni
007048,Perloz,02,Valle d'Aosta/Vallée d'Aoste,Valle d'Aosta/Vallée d'Aoste,AO,istat-comuni
007049,Pollein,02,Valle d'Aosta/Vallée d'Aoste,Valle d'Aosta/Vallée d'Aoste,AO,istat-comuni
007050,Pontboset,02,Valle d'Aosta/Vallée d'Aoste,Valle d'Aosta/Vallée d'Aoste,AO,istat-comuni
007051,Pontey,02,Valle d'Aosta/Vallée d'Aoste,Valle d'Aosta/Vallée d'Aoste,AO,istat-comuni
007052,Pont-Saint-Martin,02,Valle d'Aosta/Vallée d'Aoste,Valle d'Aosta/Vallée d'Aoste,AO,istat-comuni
007053,Pré-Saint-Didier,02,Valle d'Aosta/Vallée d'Aoste,Valle d'Aosta/Vallée d'Aoste,AO,istat-comuni
007054,Quart,02,Valle d'Aosta/Vallée d'Aoste,Valle d'Aosta/Vallée d'Aoste,AO,istat-comuni
007055,Rhêmes-Notre-Dame,02,Valle d'Aosta/Vallée d'Aoste,Valle d'Aosta/Vallée d'Aoste,AO,istat-comuni
007056,Rhêmes-Saint-Georges,02,Valle d'Aosta/Vallée d'Aoste,Valle d'Aosta/Vallée d'Aoste,AO,istat-comuni
007057,Roisan,02,Valle d'Aosta/Vallée d'Aoste,Valle d'Aosta/Vallée d'Aoste,AO,istat-comuni
007058,Saint-Christophe,02,Valle d'Aosta/Vallée d'Aoste,Valle d'Aosta/Vallée d'Aoste,AO,istat-comuni
007059,Saint-Denis,02,Valle d'Aosta/Vallée d'Aoste,Valle d'Aosta/Vallée d'Aoste,AO,istat-comuni
007060,Saint-Marcel,02,Valle d'Aosta/Vallée d'Aoste,Valle d'Aosta/Vallée d'Aoste,AO,istat-comuni
007061,Saint-Nicolas,02,Valle d'Aosta/Vallée d'Aoste,Valle d'Aosta/Vallée d'Aoste,AO,istat-comuni
007062,Saint-Oyen,02,Valle d'Aosta/Vallée d'Aoste,Valle d'Aosta/Vallée d'Aoste,AO,istat-comuni
007063,Saint-Pierre,02,Valle d'Aosta/Vallée d'Aoste,Valle d'Aosta/Vallée d'Aoste,AO,istat-comuni
007064,Saint-Rhémy-en-Bosses,02,Valle d'Aosta/Vallée d'Aoste,Valle d'Aosta/Vallée d'Aoste,AO,istat-comuni
007065,Saint-Vincent,02,Valle d'Aosta/Vallée d'Aoste,Valle d'Aosta/Vallée d'Aoste,AO,istat-comuni
007066,Sarre,02,Valle d'Aosta/Vallée d'Aoste,Valle d'Aosta/Vallée d'Aoste,AO,istat-comuni
007067,Torgnon,02,Valle d'Aosta/Vallée d'Aoste,Valle d'Aosta/Vallée d'Aoste,AO,istat-comuni
007068,Valgrisenche,02,Valle d'Aosta/Vallée d'Aoste,Valle d'Aosta/Vallée d'Aoste,AO,istat-comuni
007069,Valpelline,02,Valle d'Aosta/Vallée d'Aoste,Valle d'Aosta/Vallée d'Aoste,AO,istat-comuni
007070,Valsavarenche,02,Valle d'Aosta/Vallée d'Aoste,Valle d'Aosta/Vallée d'Aoste,AO,istat-comuni
007071,Valtournenche,02,Valle d'Aosta/Vallée d'Aoste,Valle d'Aosta/Vallée d'Aoste,AO,istat-comuni
007072,Verrayes,02,Valle d'Aosta/Vallée d'Aoste,Valle d'Aosta/Vallée d'Aoste,AO,istat-comuni
007073,Verrès,02,Valle d'Aosta/Vallée d'Aoste,Valle d'Aosta/Vallée d'Aoste,AO,istat-comuni
007074,Villeneuve,02,Valle d'Aosta/Vallée d'Aoste,Valle d'Aosta/Vallée d'Aoste,AO,istat-comuni
008001,Airole,07,Liguria,Imperia,IM,istat-comuni
008002,Apricale,07,Liguria,Imperia,IM,istat-comuni
008003,Aquila d'Arroscia,07,Liguria,Imperia,IM,istat-comuni
008004,Armo,07,Liguria,Imperia,IM,istat-comuni
008005,Aurigo,07,Liguria,Imperia,IM,istat-comuni
008006,Badalucco,07,Liguria,Imperia,IM,istat-comuni
008007,Bajardo,07,Liguria,Imperia,IM,istat-comuni
008008,Bordighera,07,Liguria,Imperia,IM,istat-comuni
008009,Borghetto d'Arroscia,07,Liguria,Imperia,IM,istat-comuni
008010,Borgomaro,07,Liguria,Imperia,IM,istat-comuni
008011,Camporosso,07,Liguria,Imperia,IM,istat-comuni
008012,Caravonica,07,Liguria,Imperia,IM,istat-comuni
008014,Castellaro,07,Liguria,Imperia,IM,istat-comuni
008015,Castel Vittorio,07,Liguria,Imperia,IM,istat-comuni
008016,Ceriana,07,Liguria,Imperia,IM,istat-comuni
008017,Cervo,07,Liguria,Imperia,IM,istat-comuni
008018,Cesio,07,Liguria,Imperia,IM,istat-comuni
008019,Chiusanico,07,Liguria,Imperia,IM,istat-comuni
008020,Chiusavecchia,07,Liguria,Imperia,IM,istat-comuni
008021,Cipressa,07,Liguria,Imperia,IM,istat-comuni
008022,Civezza,07,Liguria,Imperia,IM,istat-comuni
008023,Cosio d'Arroscia,07,Liguria,Imperia,IM,istat-comuni
008024,Costarainera,07,Liguria,Imperia,IM,istat-comuni
008025,Diano Arentino,07,Liguria,Imperia,IM,istat-comuni
008026,Diano Castello,07,Liguria,Imperia,IM,istat-comuni
008027,Diano Marina,07,Liguria,Imperia,IM,istat-comuni
008028,Diano San Pietro,07,Liguria,Imperia,IM,istat-comuni
008029,Dolceacqua,07,Liguria,Imperia,IM,istat-comuni
008030,Dolcedo,07,Liguria,Imperia,IM,istat-comuni
008031,Imperia,07,Liguria,Imperia,IM,istat-comuni
008032,Isolabona,07,Liguria,Imperia,IM,istat-comuni
008033,Lucinasco,07,Liguria,Imperia,IM,istat-comuni
008034,Mendatica,07,Liguria,Imperia,IM,istat-comuni
008035,Molini di Triora,07,Liguria,Imperia,IM,istat-comuni
008037,Montegrosso Pian Latte,07,Liguria,Imperia,IM,istat-comuni
008038,Olivetta San Michele,07,Liguria,Imperia,IM,istat-comuni
008039,Ospedaletti,07,Liguria,Imperia,IM,istat-comuni
008040,Perinaldo,07,Liguria,Imperia,IM,istat-comuni
008041,Pietrabruna,07,Liguria,Imperia,IM,istat-comuni
008042,Pieve di Teco,07,Liguria,Imperia,IM,istat-comuni
008043,Pigna,07,Liguria,Imperia,IM,istat-comuni
008044,Pompeiana,07,Liguria,Imperia,IM,istat-comuni
008045,Pontedassio,07,Liguria,Imperia,IM,istat-comuni
008046,Pornassio,07,Liguria,Imperia,IM,istat-comuni
008047,Prelà,07,Liguria,Imperia,IM,istat-comuni
008048,Ranzo,07,Liguria,Imperia,IM,istat-comuni
008049,Rezzo,07,Liguria,Imperia,IM,istat-comuni
008050,Riva Ligure,07,Liguria,Imperia,IM,istat-comuni
008051,Rocchetta Nervina,07,Liguria,Imperia,IM,istat-comuni
008052,San Bartolomeo al Mare,07,Liguria,Imperia,IM,istat-comuni
008053,San Biagio della Cima,07,Liguria,Imperia,IM,istat-comuni
008054,San Lorenzo al Mare,07,Liguria,Imperia,IM,istat-comuni
008055,Sanremo,07,Liguria,Imperia,IM,istat-comuni
008056,Santo Stefano al Mare,07,Liguria,Imperia,IM,istat-comuni
008057,Seborga,07,Liguria,Imperia,IM,istat-comuni
008058,Soldano,07,Liguria,Imperia,IM,istat-comuni
008059,Taggia,07,Liguria,Imperia,IM,istat-comuni
008060,Terzorio,07,Liguria,Imperia,IM,istat-comuni
008061,Triora,07,Liguria,Imperia,IM,istat-comuni
008062,Vallebona,07,Liguria,Imperia,IM,istat-comuni
008063,Vallecrosia,07,Liguria,Imperia,IM,istat-comuni
008064,Vasia,07,Liguria,Imperia,IM,istat-comuni
008065,Ventimiglia,07,Liguria,Imperia,IM,istat-comuni
008066,Vessalico,07,Liguria,Imperia,IM,istat-comuni
008067,Villa Faraldi,07,Liguria,Imperia,IM,istat-comuni
008068,Montalto Carpasio,07,Liguria,Imperia,IM,istat-comuni
009001,Alassio,07,Liguria,Savona,SV,istat-comuni
009002,Albenga,07,Liguria,Savona,SV,istat-comuni
009003,Albissola Marina,07,Liguria,Savona,SV,istat-comuni
009004,Albisola Superiore,07,Liguria,Savona,SV,istat-comuni
009005,Altare,07,Liguria,Savona,SV,istat-comuni
009006,Andora,07,Liguria,Savona,SV,istat-comuni
009007,Arnasco,07,Liguria,Savona,SV,istat-comuni
009008,Balestrino,07,Liguria,Savona,SV,istat-comuni
009009,Bardineto,07,Liguria,Savona,SV,istat-comuni
009010,Bergeggi,07,Liguria,Savona,SV,istat-comuni
009011,Boissano,07,Liguria,Savona,SV,istat-comuni
009012,Borghetto Santo Spirito,07,Liguria,Savona,SV,istat-comuni
009013,Borgio Verezzi,07,Liguria,Savona,SV,istat-comuni
009014,Bormida,07,Liguria,Savona,SV,istat-comuni
009015,Cairo Montenotte,07,Liguria,Savona,SV,istat-comuni
009016,Calice Ligure,07,Liguria,Savona,SV,istat-comuni
009017,Calizzano,07,Liguria,Savona,SV,istat-comuni
009018,Carcare,07,Liguria,Savona,SV,istat-comuni
009019,Casanova Lerrone,07,Liguria,Savona,SV,istat-comuni
009020,Castelbianco,07,Liguria,Savona,SV,istat-comuni
009021,Castelvecchio di Rocca Barbena,07,Liguria,Savona,SV,istat-comuni
009022,Celle Ligure,07,Liguria,Savona,SV,istat-comuni
009023,Cengio,07,Liguria,Savona,SV,istat-comuni
009024,Ceriale,07,Liguria,Savona,SV,istat-comuni
009025,Cisano sul Neva,07,Liguria,Savona,SV,istat-comuni
009026,Cosseria,07,Liguria,Savona,SV,istat-comuni
009027,Dego,07,Liguria,Savona,SV,istat-comuni
009028,Erli,07,Liguria,Savona,SV,istat-comuni
009029,Finale Ligure,07,Liguria,Savona,SV,istat-comuni
009030,Garlenda,07,Liguria,Savona,SV,istat-comuni
009031,Giustenice,07,Liguria,Savona,SV,istat-comuni
009032,Giusvalla,07,Liguria,Savona,SV,istat-comuni
009033,Laigueglia,07,Liguria,Savona,SV,istat-comuni
009034,Loano,07,Liguria,Savona,SV,istat-comuni
009035,Magliolo,07,Liguria,Savona,SV,istat-comuni
009036,Mallare,07,Liguria,Savona,SV,istat-comuni
009037,Massimino,07,Liguria,Savona,SV,istat-comuni
009038,Millesimo,07,Liguria,Savona,SV,istat-comuni
009039,Mioglia,07,Liguria,Savona,SV,istat-comuni
009040,Murialdo,07,Liguria,Savona,SV,istat-comuni
009041,Nasino,07,Liguria,Savona,SV,istat-comuni
009042,Noli,07,Liguria,Savona,SV,istat-comuni
009043,Onzo,07,Liguria,Savona,SV,istat-comuni
009044,Orco Feglino,07,Liguria,Savona,SV,istat-comuni
009045,Ortovero,07,Liguria,Savona,SV,istat-comuni
009046,Osiglia,07,Liguria,Savona,SV,istat-comuni
009047,Pallare,07,Liguria,Savona,SV,istat-comuni
009048,Piana Crixia,07,Liguria,Savona,SV,istat-comuni
009049,Pietra Ligure,07,Liguria,Savona,SV,istat-comuni
009050,Plodio,07,Liguria,Savona,SV,istat-comuni
009051,Pontinvrea,07,Liguria,Savona,SV,istat-comuni
009052,Quiliano,07,Liguria,Savona,SV,istat-comuni
009053,Rialto,07,Liguria,Savona,SV,istat-comuni
009054,Roccavignale,07,Liguria,Savona,SV,istat-comuni
009055,Sassello,07,Liguria,Savona,SV,istat-comuni
009056,Savona,07,Liguria,Savona,SV,istat-comuni
009057,Spotorno,07,Liguria,Savona,SV,istat-comuni
009058,Stella,07,Liguria,Savona,SV,istat-comuni
009059,Stellanello,07,Liguria,Savona,SV,istat-comuni
009060,Testico,07,Liguria,Savona,SV,istat-comuni
009061,Toirano,07,Liguria,Savona,SV,istat-comuni
009062,Tovo San Giacomo,07,Liguria,Savona,SV,istat-comuni
009063,Urbe,07,Liguria,Savona,SV,istat-comuni
009064,Vado Ligure,07,Liguria,Savona,SV,istat-comuni
009065,Varazze,07,Liguria,Savona,SV,istat-comuni
009066,Vendone,07,Liguria,Savona,SV,istat-comuni
009067,Vezzi Portio,07,Liguria,Savona,SV,istat-comuni
009068,Villanova d'Albenga,07,Liguria,Savona,SV,istat-comuni
009069,Zuccarello,07,Liguria,Savona,SV,istat-comuni
010001,Arenzano,07,Liguria,Genova,GE,istat-comuni
010002,Avegno,07,Liguria,Genova,GE,istat-comuni
010003,Bargagli,07,Liguria,Genova,GE,istat-comuni
010004,Bogliasco,07,Liguria,Genova,GE,istat-comuni
010005,Borzonasca,07,Liguria,Genova,GE,istat-comuni
010006,Busalla,07,Liguria,Genova,GE,istat-comuni
010007,Camogli,07,Liguria,Genova,GE,istat-comuni
010008,Campo Ligure,07,Liguria,Genova,GE,istat-comuni
010009,Campomorone,07,Liguria,Genova,GE,istat-comuni
010010,Carasco,07,Liguria,Genova,GE,istat-comuni
010011,Casarza Ligure,07,Liguria,Genova,GE,istat-comuni
010012,Casella,07,Liguria,Genova,GE,istat-comuni
010013,Castiglione Chiavarese,07,Liguria,Genova,GE,istat-comuni
010014,Ceranesi,07,Liguria,Genova,GE,istat-comuni
010015,Chiavari,07,Liguria,Genova,GE,istat-comuni
010016,Cicagna,07,Liguria,Genova,GE,istat-comuni
010017,Cogoleto,07,Liguria,Genova,GE,istat-comuni
010018,Cogorno,07,Liguria,Genova,GE,istat-comuni
010019,Coreglia Ligure,07,Liguria,Genova,GE,istat-comuni
010020,Crocefieschi,07,Liguria,Genova,GE,istat-comuni
010021,Davagna,07,Liguria,Genova,GE,istat-comuni
010022,Fascia,07,Liguria,Genova,GE,istat-comuni
010023,Favale di Malvaro,07,Liguria,Genova,GE,istat-comuni
010024,Fontanigorda,07,Liguria,Genova,GE,istat-comuni
010025,Genova,07,Liguria,Genova,GE,istat-comuni
010026,Gorreto,07,Liguria,Genova,GE,istat-comuni
010027,Isola del Cantone,07,Liguria,Genova,GE,istat-comuni
010028,Lavagna,07,Liguria,Genova,GE,istat-comuni
010029,Leivi,07,Liguria,Genova,GE,istat-comuni
010030,Lorsica,07,Liguria,Genova,GE,istat-comuni
010031,Lumarzo,07,Liguria,Genova,GE,istat-comuni
010032,Masone,07,Liguria,Genova,GE,istat-comuni
010033,Mele,07,Liguria,Genova,GE,istat-comuni
010034,Mezzanego,07,Liguria,Genova,GE,istat-comuni
010035,Mignanego,07,Liguria,Genova,GE,istat-comuni
010036,Moconesi,07,Liguria,Genova,GE,istat-comuni
010037,Moneglia,07,Liguria,Genova,GE,istat-comuni
010038,Montebruno,07,Liguria,Genova,GE,istat-comuni
010039,Montoggio,07,Liguria,Genova,GE,istat-comuni
010040,Ne,07,Liguria,Genova,GE,istat-comuni
010041,Neirone,07,Liguria,Genova,GE,istat-comuni
010042,Orero,07,Liguria,Genova,GE,istat-comuni
010043,Pieve Ligure,07,Liguria,Genova,GE,istat-comuni
010044,Portofino,07,Liguria,Genova,GE,istat-comuni
010045,Propata,07,Liguria,Genova,GE,istat-comuni
010046,Rapallo,07,Liguria,Genova,GE,istat-comuni
010047,Recco,07,Liguria,Genova,GE,istat-comuni
010048,Rezzoaglio,07,Liguria,Genova,GE,istat-comuni
010049,Ronco Scrivia,07,Liguria,Genova,GE,istat-comuni
010050,Rondanina,07,Liguria,Genova,GE,istat-comuni
010051,Rossiglione,07,Liguria,Genova,GE,istat-comuni
010052,Rovegno,07,Liguria,Genova,GE,istat-comuni
010053,San Colombano Certenoli,07,Liguria,Genova,GE,istat-comuni
010054,Santa Margherita Ligure,07,Liguria,Genova,GE,istat-comuni
010055,Sant'Olcese,07,Liguria,Genova,GE,istat-comuni
010056,Santo Stefano d'Aveto,07,Liguria,Genova,GE,istat-comuni
010057,Savignone,07,Liguria,Genova,GE,istat-comuni
010058,Serra Riccò,07,Liguria,Genova,GE,istat-comuni
010059,Sestri Levante,07,Liguria,Genova,GE,istat-comuni
010060,Sori,07,Liguria,Genova,GE,istat-comuni
010061,Tiglieto,07,Liguria,Genova,GE,istat-comuni
010062,Torriglia,07,Liguria,Genova,GE,istat-comuni
010063,Tribogna,07,Liguria,Genova,GE,istat-comuni
010064,Uscio,07,Liguria,Genova,GE,istat-comuni
010065,Valbrevenna,07,Liguria,Genova,GE,istat-comuni
010066,Vobbia,07,Liguria,Genova,GE,istat-comuni
010067,Zoagli,07,Liguria,Genova,GE,istat-comuni
011001,Ameglia,07,Liguria,La Spezia,SP,istat-comuni
011002,Arcola,07,Liguria,La Spezia,SP,istat-comuni
011003,Beverino,07,Liguria,La Spezia,SP,istat-comuni
011004,Bolano,07,Liguria,La Spezia,SP,istat-comuni
011005,Bonassola,07,Liguria,La Spezia,SP,istat-comuni
011006,Borghetto di Vara,07,Liguria,La Spezia,SP,istat-comuni
011007,Brugnato,07,Liguria,La Spezia,SP,istat-comuni
011008,Calice al Cornoviglio,07,Liguria,La Spezia,SP,istat-comuni
011009,Carro,07,Liguria,La Spezia,SP,istat-comuni
011010,Carrodano,07,Liguria,La Spezia,SP,istat-comuni
011011,Castelnuovo Magra,07,Liguria,La Spezia,SP,istat-comuni
011012,Deiva Marina,07,Liguria,La Spezia,SP,istat-comuni
011013,Follo,07,Liguria,La Spezia,SP,istat-comuni
011014,Framura,07,Liguria,La Spezia,SP,istat-comuni
011015,La Spezia,07,Liguria,La Spezia,SP,istat-comuni
011016,Lerici,07,Liguria,La Spezia,SP,istat-comuni
011017,Levanto,07,Liguria,La Spezia,SP,istat-comuni
011018,Maissana,07,Liguria,La Spezia,SP,istat-comuni
011019,Monterosso al Mare,07,Liguria,La Spezia,SP,istat-comuni
011020,Luni,07,Liguria,La Spezia,SP,istat-comuni
011021,Pignone,07,Liguria,La Spezia,SP,istat-comuni
011022,Portovenere,07,Liguria,La Spezia,SP,istat-comuni
011023,Riccò del Golfo di Spezia,07,Liguria,La Spezia,SP,istat-comuni
011024,Riomaggiore,07,Liguria,La Spezia,SP,istat-comuni
011025,Rocchetta di Vara,07,Liguria,La Spezia,SP,istat-comuni
011026,Santo Stefano di Magra,07,Liguria,La Spezia,SP,istat-comuni
011027,Sarzana,07,Liguria,La Spezia,SP,istat-comuni
011028,Sesta Godano,07,Liguria,La Spezia,SP,istat-comuni
011029,Varese Ligure,07,Liguria,La Spezia,SP,istat-comuni
011030,Vernazza,07,Liguria,La Spezia,SP,istat-comuni
011031,Vezzano Ligure,07,Liguria,La Spezia,SP,istat-comuni
011032,Zignago,07,Liguria,La Spezia,SP,istat-comuni
012001,Agra,03,Lombardia,Varese,VA,istat-comuni
012002,Albizzate,03,Lombardia,Varese,VA,istat-comuni
012003,Angera,03,Lombardia,Varese,VA,istat-comuni
012004,Arcisate,03,Lombardia,Varese,VA,istat-comuni
012005,Arsago Seprio,03,Lombardia,Varese,VA,istat-comuni
012006,Azzate,03,Lombardia,Varese,VA,istat-comuni
012007,Azzio,03,Lombardia,Varese,VA,istat-comuni
012008,Barasso,03,Lombardia,Varese,VA,istat-comuni
012010,Bedero Valcuvia,03,Lombardia,Varese,VA,istat-comuni
012011,Besano,03,Lombardia,Varese,VA,istat-comuni
012012,Besnate,03,Lombardia,Varese,VA,istat-comuni
012013,Besozzo,03,Lombardia,Varese,VA,istat-comuni
012014,Biandronno,03,Lombardia,Varese,VA,istat-comuni
012015,Bisuschio,03,Lombardia,Varese,VA,istat-comuni
012016,Bodio Lomnago,03,Lombardia,Varese,VA,istat-comuni
012017,Brebbia,03,Lombardia,Varese,VA,istat-comuni
012019,Brenta,03,Lombardia,Varese,VA,istat-comuni
012020,Brezzo di Bedero,03,Lombardia,Varese,VA,istat-comuni
012021,Brinzio,03,Lombardia,Varese,VA,istat-comuni
012022,Brissago-Valtravaglia,03,Lombardia,Varese,VA,istat-comuni
012023,Brunello,03,Lombardia,Varese,VA,istat-comuni
012024,Brusimpiano,03,Lombardia,Varese,VA,istat-comuni
012025,Buguggiate,03,Lombardia,Varese,VA,istat-comuni
012026,Busto Arsizio,03,Lombardia,Varese,VA,istat-comuni
012027,Cadegliano-Viconago,03,Lombardia,Varese,VA,istat-comuni
012029,Cairate,03,Lombardia,Varese,VA,istat-comuni
012030,Cantello,03,Lombardia,Varese,VA,istat-comuni
012031,Caravate,03,Lombardia,Varese,VA,istat-comuni
012032,Cardano al Campo,03,Lombardia,Varese,VA,istat-comuni
012033,Carnago,03,Lombardia,Varese,VA,istat-comuni
012034,Caronno Pertusella,03,Lombardia,Varese,VA,istat-comuni
012035,Caronno Varesino,03,Lombardia,Varese,VA,istat-comuni
012036,Casale Litta,03,Lombardia,Varese,VA,istat-comuni
012037,Casalzuigno,03,Lombardia,Varese,VA,istat-comuni
012038,Casciago,03,Lombardia,Varese,VA,istat-comuni
012039,Casorate Sempione,03,Lombardia,Varese,VA,istat-comuni
012040,Cassano Magnago,03,Lombardia,Varese,VA,istat-comuni
012041,Cassano Valcuvia,03,Lombardia,Varese,VA,istat-comuni
012042,Castellanza,03,Lombardia,Varese,VA,istat-comuni
012043,Castello Cabiaglio,03,Lombardia,Varese,VA,istat-comuni
012044,Castelseprio,03,Lombardia,Varese,VA,istat-comuni
012045,Castelveccana,03,Lombardia,Varese,VA,istat-comuni
012046,Castiglione Olona,03,Lombardia,Varese,VA,istat-comuni
012047,Castronno,03,Lombardia,Varese,VA,istat-comuni
012048,Cavaria con Premezzo,03,Lombardia,Varese,VA,istat-comuni
012049,Cazzago Brabbia,03,Lombardia,Varese,VA,istat-comuni
012050,Cislago,03,Lombardia,Varese,VA,istat-comuni
012051,Cittiglio,03,Lombardia,Varese,VA,istat-comuni
012052,Clivio,03,Lombardia,Varese,VA,istat-comuni
012053,Cocquio-Trevisago,03,Lombardia,Varese,VA,istat-comuni
012054,Comabbio,03,Lombardia,Varese,VA,istat-comuni
012055,Comerio,03,Lombardia,Varese,VA,istat-comuni
012056,Cremenaga,03,Lombardia,Varese,VA,istat-comuni
012057,Crosio della Valle,03,Lombardia,Varese,VA,istat-comuni
012058,Cuasso al Monte,03,Lombardia,Varese,VA,istat-comuni
012059,Cugliate-Fabiasco,03,Lombardia,Varese,VA,istat-comuni
012060,Cunardo,03,Lombardia,Varese,VA,istat-comuni
012061,Curiglia con Monteviasco,03,Lombardia,Varese,VA,istat-comuni
012062,Cuveglio,03,Lombardia,Varese,VA,istat-comuni
012063,Cuvio,03,Lombardia,Varese,VA,istat-comuni
012064,Daverio,03,Lombardia,Varese,VA,istat-comuni
012065,Dumenza,03,Lombardia,Varese,VA,istat-comuni
012066,Duno,03,Lombardia,Varese,VA,istat-comuni
012067,Fagnano Olona,03,Lombardia,Varese,VA,istat-comuni
012068,Ferno,03,Lombardia,Varese,VA,istat-comuni
012069,Ferrera di Varese,03,Lombardia,Varese,VA,istat-comuni
012070,Gallarate,03,Lombardia,Varese,VA,istat-comuni
012071,Galliate Lombardo,03,Lombardia,Varese,VA,istat-comuni
012072,Gavirate,03,Lombardia,Varese,VA,istat-comuni
012073,Gazzada Schianno,03,Lombardia,Varese,VA,istat-comuni
012074,Gemonio,03,Lombardia,Varese,VA,istat-comuni
012075,Gerenzano,03,Lombardia,Varese,VA,istat-comuni
012076,Germignaga,03,Lombardia,Varese,VA,istat-comuni
012077,Golasecca,03,Lombardia,Varese,VA,istat-comuni
012078,Gorla Maggiore,03,Lombardia,Varese,VA,istat-comuni
012079,Gorla Minore,03,Lombardia,Varese,VA,istat-comuni
012080,Gornate Olona,03,Lombardia,Varese,VA,istat-comuni
012081,Grantola,03,Lombardia,Varese,VA,istat-comuni
012082,Inarzo,03,Lombardia,Varese,VA,istat-comuni
012083,Induno Olona,03,Lombardia,Varese,VA,istat-comuni
012084,Ispra,03,Lombardia,Varese,VA,istat-comuni
012085,Jerago con Orago,03,Lombardia,Varese,VA,istat-comuni
012086,Lavena Ponte Tresa,03,Lombardia,Varese,VA,istat-comuni
012087,Laveno-Mombello,03,Lombardia,Varese,VA,istat-comuni
012088,Leggiuno,03,Lombardia,Varese,VA,istat-comuni
012089,Lonate Ceppino,03,Lombardia,Varese,VA,istat-comuni
012090,Lonate Pozzolo,03,Lombardia,Varese,VA,istat-comuni
012091,Lozza,03,Lombardia,Varese,VA,istat-comuni
012092,Luino,03,Lombardia,Varese,VA,istat-comuni
012093,Luvinate,03,Lombardia,Varese,VA,istat-comuni
012096,Malnate,03,Lombardia,Varese,VA,istat-comuni
012097,Marchirolo,03,Lombardia,Varese,VA,istat-comuni
012098,Marnate,03,Lombardia,Varese,VA,istat-comuni
012099,Marzio,03,Lombardia,Varese,VA,istat-comuni
012100,Masciago Primo,03,Lombardia,Varese,VA,istat-comuni
012101,Mercallo,03,Lombardia,Varese,VA,istat-comuni
012102,Mesenzana,03,Lombardia,Varese,VA,istat-comuni
012103,Montegrino Valtravaglia,03,Lombardia,Varese,VA,istat-comuni
012104,Monvalle,03,Lombardia,Varese,VA,istat-comuni
012105,Morazzone,03,Lombardia,Varese,VA,istat-comuni
012106,Mornago,03,Lombardia,Varese,VA,istat-comuni
012107,Oggiona con Santo Stefano,03,Lombardia,Varese,VA,istat-comuni
012108,Olgiate Olona,03,Lombardia,Varese,VA,istat-comuni
012109,Origgio,03,Lombardia,Varese,VA,istat-comuni
012110,Orino,03,Lombardia,Varese,VA,istat-comuni
012113,Porto Ceresio,03,Lombardia,Varese,VA,istat-comuni
012114,Porto Valtravaglia,03,Lombardia,Varese,VA,istat-comuni
012115,Rancio Valcuvia,03,Lombardia,Varese,VA,istat-comuni
012116,Ranco,03,Lombardia,Varese,VA,istat-comuni
012117,Saltrio,03,Lombardia,Varese,VA,istat-comuni
012118,Samarate,03,Lombardia,Varese,VA,istat-comuni
012119,Saronno,03,Lombardia,Varese,VA,istat-comuni
012120,Sesto Calende,03,Lombardia,Varese,VA,istat-comuni
012121,Solbiate Arno,03,Lombardia,Varese,VA,istat-comuni
012122,Solbiate Olona,03,Lombardia,Varese,VA,istat-comuni
012123,Somma Lombardo,03,Lombardia,Varese,VA,istat-comuni
012124,Sumirago,03,Lombardia,Varese,VA,istat-comuni
012125,Taino,03,Lombardia,Varese,VA,istat-comuni
012126,Ternate,03,Lombardia,Varese,VA,istat-comuni
012127,Tradate,03,Lombardia,Varese,VA,istat-comuni
012128,Travedona-Monate,03,Lombardia,Varese,VA,istat-comuni
012129,Tronzano Lago Maggiore,03,Lombardia,Varese,VA,istat-comuni
012130,Uboldo,03,Lombardia,Varese,VA,istat-comuni
012131,Valganna,03,Lombardia,Varese,VA,istat-comuni
012132,Varano Borghi,03,Lombardia,Varese,VA,istat-comuni
012133,Varese,03,Lombardia,Varese,VA,istat-comuni
012134,Vedano Olona,03,Lombardia,Varese,VA,istat-comuni
012136,Venegono Inferiore,03,Lombardia,Varese,VA,istat-comuni
012137,Venegono Superiore,03,Lombardia,Varese,VA,istat-comuni
012138,Vergiate,03,Lombardia,Varese,VA,istat-comuni
012139,Viggiù,03,Lombardia,Varese,VA,istat-comuni
012140,Vizzola Ticino,03,Lombardia,Varese,VA,istat-comuni
012141,Sangiano,03,Lombardia,Varese,VA,istat-comuni
012142,Maccagno con Pino e Veddasca,03,Lombardia,Varese,VA,istat-comuni
012143,Cadrezzate con Osmate,03,Lombardia,Varese,VA,istat-comuni
012144,Bardello con Malgesso e Bregano,03,Lombardia,Varese,VA,istat-comuni
013003,Albavilla,03,Lombardia,Como,CO,istat-comuni
013004,Albese con Cassano,03,Lombardia,Como,CO,istat-comuni
013005,Albiolo,03,Lombardia,Como,CO,istat-comuni
013006,Alserio,03,Lombardia,Como,CO,istat-comuni
013007,Alzate Brianza,03,Lombardia,Como,CO,istat-comuni
013009,Anzano del Parco,03,Lombardia,Como,CO,istat-comuni
013010,Appiano Gentile,03,Lombardia,Como,CO,istat-comuni
013011,Argegno,03,Lombardia,Como,CO,istat-comuni
013012,Arosio,03,Lombardia,Como,CO,istat-comuni
013013,Asso,03,Lombardia,Como,CO,istat-comuni
013015,Barni,03,Lombardia,Como,CO,istat-comuni
013021,Bene Lario,03,Lombardia,Como,CO,istat-comuni
013022,Beregazzo con Figliaro,03,Lombardia,Como,CO,istat-comuni
013023,Binago,03,Lombardia,Como,CO,istat-comuni
013024,Bizzarone,03,Lombardia,Como,CO,istat-comuni
013025,Blessagno,03,Lombardia,Como,CO,istat-comuni
013026,Blevio,03,Lombardia,Como,CO,istat-comuni
013028,Bregnano,03,Lombardia,Como,CO,istat-comuni
013029,Brenna,03,Lombardia,Como,CO,istat-comuni
013030,Brienno,03,Lombardia,Como,CO,istat-comuni
013032,Brunate,03,Lombardia,Como,CO,istat-comuni
013034,Bulgarograsso,03,Lombardia,Como,CO,istat-comuni
013035,Cabiate,03,Lombardia,Como,CO,istat-comuni
013036,Cadorago,03,Lombardia,Como,CO,istat-comuni
013037,Caglio,03,Lombardia,Como,CO,istat-comuni
013040,Campione d'Italia,03,Lombardia,Como,CO,istat-comuni
013041,Cantù,03,Lombardia,Como,CO,istat-comuni
013042,Canzo,03,Lombardia,Como,CO,istat-comuni
013043,Capiago Intimiano,03,Lombardia,Como,CO,istat-comuni
013044,Carate Urio,03,Lombardia,Como,CO,istat-comuni
013045,Carbonate,03,Lombardia,Como,CO,istat-comuni
013046,Carimate,03,Lombardia,Como,CO,istat-comuni
013047,Carlazzo,03,Lombardia,Como,CO,istat-comuni
013048,Carugo,03,Lombardia,Como,CO,istat-comuni
013052,Caslino d'Erba,03,Lombardia,Como,CO,istat-comuni
013053,Casnate con Bernate,03,Lombardia,Como,CO,istat-comuni
013055,Cassina Rizzardi,03,Lombardia,Como,CO,istat-comuni
013058,Castelmarte,03,Lombardia,Como,CO,istat-comuni
013059,Castelnuovo Bozzente,03,Lombardia,Como,CO,istat-comuni
013062,Cavargna,03,Lombardia,Como,CO,istat-comuni
013063,Cerano d'Intelvi,03,Lombardia,Como,CO,istat-comuni
013064,Cermenate,03,Lombardia,Como,CO,istat-comuni
013065,Cernobbio,03,Lombardia,Como,CO,istat-comuni
013068,Cirimido,03,Lombardia,Como,CO,istat-comuni
013071,Claino con Osteno,03,Lombardia,Como,CO,istat-comuni
013074,Colonno,03,Lombardia,Como,CO,istat-comuni
013075,Como,03,Lombardia,Como,CO,istat-comuni
013077,Corrido,03,Lombardia,Como,CO,istat-comuni
013083,Cremia,03,Lombardia,Como,CO,istat-comuni
013084,Cucciago,03,Lombardia,Como,CO,istat-comuni
013085,Cusino,03,Lombardia,Como,CO,istat-comuni
013087,Dizzasco,03,Lombardia,Como,CO,istat-comuni
013089,Domaso,03,Lombardia,Como,CO,istat-comuni
013090,Dongo,03,Lombardia,Como,CO,istat-comuni
013092,Dosso del Liro,03,Lombardia,Como,CO,istat-comuni
013095,Erba,03,Lombardia,Como,CO,istat-comuni
013097,Eupilio,03,Lombardia,Como,CO,istat-comuni
013098,Faggeto Lario,03,Lombardia,Como,CO,istat-comuni
013099,Faloppio,03,Lombardia,Como,CO,istat-comuni
013100,Fenegrò,03,Lombardia,Como,CO,istat-comuni
013101,Figino Serenza,03,Lombardia,Como,CO,istat-comuni
013102,Fino Mornasco,03,Lombardia,Como,CO,istat-comuni
013106,Garzeno,03,Lombardia,Como,CO,istat-comuni
013107,Gera Lario,03,Lombardia,Como,CO,istat-comuni
013110,Grandate,03,Lombardia,Como,CO,istat-comuni
013111,Grandola ed Uniti,03,Lombardia,Como,CO,istat-comuni
013113,Griante,03,Lombardia,Como,CO,istat-comuni
013114,Guanzate,03,Lombardia,Como,CO,istat-comuni
013118,Inverigo,03,Lombardia,Como,CO,istat-comuni
013119,Laglio,03,Lombardia,Como,CO,istat-comuni
013120,Laino,03,Lombardia,Como,CO,istat-comuni
013121,Lambrugo,03,Lombardia,Como,CO,istat-comuni
013123,Lasnigo,03,Lombardia,Como,CO,istat-comuni
013126,Lezzeno,03,Lombardia,Como,CO,istat-comuni
013128,Limido Comasco,03,Lombardia,Como,CO,istat-comuni
013129,Lipomo,03,Lombardia,Como,CO,istat-comuni
013130,Livo,03,Lombardia,Como,CO,istat-comuni
013131,Locate Varesino,03,Lombardia,Como,CO,istat-comuni
013133,Lomazzo,03,Lombardia,Como,CO,istat-comuni
013134,Longone al Segrino,03,Lombardia,Como,CO,istat-comuni
013135,Luisago,03,Lombardia,Como,CO,istat-comuni
013136,Lurago d'Erba,03,Lombardia,Como,CO,istat-comuni
013137,Lurago Marinone,03,Lombardia,Como,CO,istat-comuni
013138,Lurate Caccivio,03,Lombardia,Como,CO,istat-comuni
013139,Magreglio,03,Lombardia,Como,CO,istat-comuni
013143,Mariano Comense,03,Lombardia,Como,CO,istat-comuni
013144,Maslianico,03,Lombardia,Como,CO,istat-comuni
013145,Menaggio,03,Lombardia,Como,CO,istat-comuni
013147,Merone,03,Lombardia,Como,CO,istat-comuni
013152,Moltrasio,03,Lombardia,Como,CO,istat-comuni
013153,Monguzzo,03,Lombardia,Como,CO,istat-comuni
013154,Montano Lucino,03,Lombardia,Como,CO,istat-comuni
013155,Montemezzo,03,Lombardia,Como,CO,istat-comuni
013157,Montorfano,03,Lombardia,Como,CO,istat-comuni
013159,Mozzate,03,Lombardia,Como,CO,istat-comuni
013160,Musso,03,Lombardia,Como,CO,istat-comuni
013161,Nesso,03,Lombardia,Como,CO,istat-comuni
013163,Novedrate,03,Lombardia,Como,CO,istat-comuni
013165,Olgiate Comasco,03,Lombardia,Como,CO,istat-comuni
013169,Oltrona di San Mamette,03,Lombardia,Como,CO,istat-comuni
013170,Orsenigo,03,Lombardia,Como,CO,istat-comuni
013178,Peglio,03,Lombardia,Como,CO,istat-comuni
013183,Pianello del Lario,03,Lombardia,Como,CO,istat-comuni
013184,Pigra,03,Lombardia,Como,CO,istat-comuni
013185,Plesio,03,Lombardia,Como,CO,istat-comuni
013186,Pognana Lario,03,Lombardia,Como,CO,istat-comuni
013187,Ponna,03,Lombardia,Como,CO,istat-comuni
013188,Ponte Lambro,03,Lombardia,Como,CO,istat-comuni
013189,Porlezza,03,Lombardia,Como,CO,istat-comuni
013192,Proserpio,03,Lombardia,Como,CO,istat-comuni
013193,Pusiano,03,Lombardia,Como,CO,istat-comuni
013195,Rezzago,03,Lombardia,Como,CO,istat-comuni
013197,Rodero,03,Lombardia,Como,CO,istat-comuni
013201,Rovellasca,03,Lombardia,Como,CO,istat-comuni
013202,Rovello Porro,03,Lombardia,Como,CO,istat-comuni
013203,Sala Comacina,03,Lombardia,Como,CO,istat-comuni
013204,San Bartolomeo Val Cavargna,03,Lombardia,Como,CO,istat-comuni
013206,San Fermo della Battaglia,03,Lombardia,Como,CO,istat-comuni
013207,San Nazzaro Val Cavargna,03,Lombardia,Como,CO,istat-comuni
013211,Schignano,03,Lombardia,Como,CO,istat-comuni
013212,Senna Comasco,03,Lombardia,Como,CO,istat-comuni
013216,Sorico,03,Lombardia,Como,CO,istat-comuni
013217,Sormano,03,Lombardia,Como,CO,istat-comuni
013218,Stazzona,03,Lombardia,Como,CO,istat-comuni
013222,Tavernerio,03,Lombardia,Como,CO,istat-comuni
013223,Torno,03,Lombardia,Como,CO,istat-comuni
013226,Trezzone,03,Lombardia,Como,CO,istat-comuni
013227,Turate,03,Lombardia,Como,CO,istat-comuni
013229,Valbrona,03,Lombardia,Como,CO,istat-comuni
013232,Valmorea,03,Lombardia,Como,CO,istat-comuni
013233,Val Rezzo,03,Lombardia,Como,CO,istat-comuni
013234,Valsolda,03,Lombardia,Como,CO,istat-comuni
013236,Veleso,03,Lombardia,Como,CO,istat-comuni
013238,Veniano,03,Lombardia,Como,CO,istat-comuni
013239,Vercana,03,Lombardia,Como,CO,istat-comuni
013242,Vertemate con Minoprio,03,Lombardia,Como,CO,istat-comuni
013245,Villa Guardia,03,Lombardia,Como,CO,istat-comuni
013246,Zelbio,03,Lombardia,Como,CO,istat-comuni
013248,San Siro,03,Lombardia,Como,CO,istat-comuni
013249,Gravedona ed Uniti,03,Lombardia,Como,CO,istat-comuni
013250,Bellagio,03,Lombardia,Como,CO,istat-comuni
013251,Colverde,03,Lombardia,Como,CO,istat-comuni
013252,Tremezzina,03,Lombardia,Como,CO,istat-comuni
013253,Alta Valle Intelvi,03,Lombardia,Como,CO,istat-comuni
013254,Centro Valle Intelvi,03,Lombardia,Como,CO,istat-comuni
013255,Solbiate con Cagno,03,Lombardia,Como,CO,istat-comuni
013256,Uggiate con Ronago,03,Lombardia,Como,CO,istat-comuni
014001,Albaredo per San Marco,03,Lombardia,Sondrio,SO,istat-comuni
014002,Albosaggia,03,Lombardia,Sondrio,SO,istat-comuni
014003,Andalo Valtellino,03,Lombardia,Sondrio,SO,istat-comuni
014004,Aprica,03,Lombardia,Sondrio,SO,istat-comuni
014005,Ardenno,03,Lombardia,Sondrio,SO,istat-comuni
014006,Bema,03,Lombardia,Sondrio,SO,istat-comuni
014007,Berbenno di Valtellina,03,Lombardia,Sondrio,SO,istat-comuni
014008,Bianzone,03,Lombardia,Sondrio,SO,istat-comuni
014009,Bormio,03,Lombardia,Sondrio,SO,istat-comuni
014010,Buglio in Monte,03,Lombardia,Sondrio,SO,istat-comuni
014011,Caiolo,03,Lombardia,Sondrio,SO,istat-comuni
014012,Campodolcino,03,Lombardia,Sondrio,SO,istat-comuni
014013,Caspoggio,03,Lombardia,Sondrio,SO,istat-comuni
014014,Castello dell'Acqua,03,Lombardia,Sondrio,SO,istat-comuni
014015,Castione Andevenno,03,Lombardia,Sondrio,SO,istat-comuni
014016,Cedrasco,03,Lombardia,Sondrio,SO,istat-comuni
014017,Cercino,03,Lombardia,Sondrio,SO,istat-comuni
014018,Chiavenna,03,Lombardia,Sondrio,SO,istat-comuni
014019,Chiesa in Valmalenco,03,Lombardia,Sondrio,SO,istat-comuni
014020,Chiuro,03,Lombardia,Sondrio,SO,istat-comuni
014021,Cino,03,Lombardia,Sondrio,SO,istat-comuni
014022,Civo,03,Lombardia,Sondrio,SO,istat-comuni
014023,Colorina,03,Lombardia,Sondrio,SO,istat-comuni
014024,Cosio Valtellino,03,Lombardia,Sondrio,SO,istat-comuni
014025,Dazio,03,Lombardia,Sondrio,SO,istat-comuni
014026,Delebio,03,Lombardia,Sondrio,SO,istat-comuni
014027,Dubino,03,Lombardia,Sondrio,SO,istat-comuni
014028,Faedo Valtellino,03,Lombardia,Sondrio,SO,istat-comuni
014029,Forcola,03,Lombardia,Sondrio,SO,istat-comuni
014030,Fusine,03,Lombardia,Sondrio,SO,istat-comuni
014031,Gerola Alta,03,Lombardia,Sondrio,SO,istat-comuni
014032,Gordona,03,Lombardia,Sondrio,SO,istat-comuni
014033,Grosio,03,Lombardia,Sondrio,SO,istat-comuni
014034,Grosotto,03,Lombardia,Sondrio,SO,istat-comuni
014035,Madesimo,03,Lombardia,Sondrio,SO,istat-comuni
014036,Lanzada,03,Lombardia,Sondrio,SO,istat-comuni
014037,Livigno,03,Lombardia,Sondrio,SO,istat-comuni
014038,Lovero,03,Lombardia,Sondrio,SO,istat-comuni
014039,Mantello,03,Lombardia,Sondrio,SO,istat-comuni
014040,Mazzo di Valtellina,03,Lombardia,Sondrio,SO,istat-comuni
014041,Mello,03,Lombardia,Sondrio,SO,istat-comuni
014043,Mese,03,Lombardia,Sondrio,SO,istat-comuni
014044,Montagna in Valtellina,03,Lombardia,Sondrio,SO,istat-comuni
014045,Morbegno,03,Lombardia,Sondrio,SO,istat-comuni
014046,Novate Mezzola,03,Lombardia,Sondrio,SO,istat-comuni
014047,Pedesina,03,Lombardia,Sondrio,SO,istat-comuni
014048,Piantedo,03,Lombardia,Sondrio,SO,istat-comuni
014049,Piateda,03,Lombardia,Sondrio,SO,istat-comuni
014050,Piuro,03,Lombardia,Sondrio,SO,istat-comuni
014051,Poggiridenti,03,Lombardia,Sondrio,SO,istat-comuni
014052,Ponte in Valtellina,03,Lombardia,Sondrio,SO,istat-comuni
014053,Postalesio,03,Lombardia,Sondrio,SO,istat-comuni
014054,Prata Camportaccio,03,Lombardia,Sondrio,SO,istat-comuni
014055,Rasura,03,Lombardia,Sondrio,SO,istat-comuni
014056,Rogolo,03,Lombardia,Sondrio,SO,istat-comuni
014057,Samolaco,03,Lombardia,Sondrio,SO,istat-comuni
014058,San Giacomo Filippo,03,Lombardia,Sondrio,SO,istat-comuni
014059,Sernio,03,Lombardia,Sondrio,SO,istat-comuni
014060,Sondalo,03,Lombardia,Sondrio,SO,istat-comuni
014061,Sondrio,03,Lombardia,Sondrio,SO,istat-comuni
014062,Spriana,03,Lombardia,Sondrio,SO,istat-comuni
014063,Talamona,03,Lombardia,Sondrio,SO,istat-comuni
014064,Tartano,03,Lombardia,Sondrio,SO,istat-comuni
014065,Teglio,03,Lombardia,Sondrio,SO,istat-comuni
014066,Tirano,03,Lombardia,Sondrio,SO,istat-comuni
014067,Torre di Santa Maria,03,Lombardia,Sondrio,SO,istat-comuni
014068,Tovo di Sant'Agata,03,Lombardia,Sondrio,SO,istat-comuni
014069,Traona,03,Lombardia,Sondrio,SO,istat-comuni
014070,Tresivio,03,Lombardia,Sondrio,SO,istat-comuni
014071,Valdidentro,03,Lombardia,Sondrio,SO,istat-comuni
014072,Valdisotto,03,Lombardia,Sondrio,SO,istat-comuni
014073,Valfurva,03,Lombardia,Sondrio,SO,istat-comuni
014074,Val Masino,03,Lombardia,Sondrio,SO,istat-comuni
014075,Verceia,03,Lombardia,Sondrio,SO,istat-comuni
014076,Vervio,03,Lombardia,Sondrio,SO,istat-comuni
014077,Villa di Chiavenna,03,Lombardia,Sondrio,SO,istat-comuni
014078,Villa di Tirano,03,Lombardia,Sondrio,SO,istat-comuni
015002,Abbiategrasso,03,Lombardia,Milano,MI,istat-comuni
015005,Albairate,03,Lombardia,Milano,MI,istat-comuni
015007,Arconate,03,Lombardia,Milano,MI,istat-comuni
015009,Arese,03,Lombardia,Milano,MI,istat-comuni
015010,Arluno,03,Lombardia,Milano,MI,istat-comuni
015011,Assago,03,Lombardia,Milano,MI,istat-comuni
015012,Bareggio,03,Lombardia,Milano,MI,istat-comuni
015014,Basiano,03,Lombardia,Milano,MI,istat-comuni
015015,Basiglio,03,Lombardia,Milano,MI,istat-comuni
015016,Bellinzago Lombardo,03,Lombardia,Milano,MI,istat-comuni
015019,Bernate Ticino,03,Lombardia,Milano,MI,istat-comuni
015022,Besate,03,Lombardia,Milano,MI,istat-comuni
015024,Binasco,03,Lombardia,Milano,MI,istat-comuni
015026,Boffalora sopra Ticino,03,Lombardia,Milano,MI,istat-comuni
015027,Bollate,03,Lombardia,Milano,MI,istat-comuni
015032,Bresso,03,Lombardia,Milano,MI,istat-comuni
015035,Bubbiano,03,Lombardia,Milano,MI,istat-comuni
015036,Buccinasco,03,Lombardia,Milano,MI,istat-comuni
015038,Buscate,03,Lombardia,Milano,MI,istat-comuni
015040,Bussero,03,Lombardia,Milano,MI,istat-comuni
015041,Busto Garolfo,03,Lombardia,Milano,MI,istat-comuni
015042,Calvignasco,03,Lombardia,Milano,MI,istat-comuni
015044,Cambiago,03,Lombardia,Milano,MI,istat-comuni
015046,Canegrate,03,Lombardia,Milano,MI,istat-comuni
015050,Carpiano,03,Lombardia,Milano,MI,istat-comuni
015051,Carugate,03,Lombardia,Milano,MI,istat-comuni
015055,Casarile,03,Lombardia,Milano,MI,istat-comuni
015058,Casorezzo,03,Lombardia,Milano,MI,istat-comuni
015059,Cassano d'Adda,03,Lombardia,Milano,MI,istat-comuni
015060,Cassina de' Pecchi,03,Lombardia,Milano,MI,istat-comuni
015061,Cassinetta di Lugagnano,03,Lombardia,Milano,MI,istat-comuni
015062,Castano Primo,03,Lombardia,Milano,MI,istat-comuni
015070,Cernusco sul Naviglio,03,Lombardia,Milano,MI,istat-comuni
015071,Cerro al Lambro,03,Lombardia,Milano,MI,istat-comuni
015072,Cerro Maggiore,03,Lombardia,Milano,MI,istat-comuni
015074,Cesano Boscone,03,Lombardia,Milano,MI,istat-comuni
015076,Cesate,03,Lombardia,Milano,MI,istat-comuni
015077,Cinisello Balsamo,03,Lombardia,Milano,MI,istat-comuni
015078,Cisliano,03,Lombardia,Milano,MI,istat-comuni
015081,Cologno Monzese,03,Lombardia,Milano,MI,istat-comuni
015082,Colturano,03,Lombardia,Milano,MI,istat-comuni
015085,Corbetta,03,Lombardia,Milano,MI,istat-comuni
015086,Cormano,03,Lombardia,Milano,MI,istat-comuni
015087,Cornaredo,03,Lombardia,Milano,MI,istat-comuni
015093,Corsico,03,Lombardia,Milano,MI,istat-comuni
015096,Cuggiono,03,Lombardia,Milano,MI,istat-comuni
015097,Cusago,03,Lombardia,Milano,MI,istat-comuni
015098,Cusano Milanino,03,Lombardia,Milano,MI,istat-comuni
015099,Dairago,03,Lombardia,Milano,MI,istat-comuni
015101,Dresano,03,Lombardia,Milano,MI,istat-comuni
015103,Gaggiano,03,Lombardia,Milano,MI,istat-comuni
015105,Garbagnate Milanese,03,Lombardia,Milano,MI,istat-comuni
015106,Gessate,03,Lombardia,Milano,MI,istat-comuni
015108,Gorgonzola,03,Lombardia,Milano,MI,istat-comuni
015110,Grezzago,03,Lombardia,Milano,MI,istat-comuni
015112,Gudo Visconti,03,Lombardia,Milano,MI,istat-comuni
015113,Inveruno,03,Lombardia,Milano,MI,istat-comuni
015114,Inzago,03,Lombardia,Milano,MI,istat-comuni
015115,Lacchiarella,03,Lombardia,Milano,MI,istat-comuni
015116,Lainate,03,Lombardia,Milano,MI,istat-comuni
015118,Legnano,03,Lombardia,Milano,MI,istat-comuni
015122,Liscate,03,Lombardia,Milano,MI,istat-comuni
015125,Locate di Triulzi,03,Lombardia,Milano,MI,istat-comuni
015130,Magenta,03,Lombardia,Milano,MI,istat-comuni
015131,Magnago,03,Lombardia,Milano,MI,istat-comuni
015134,Marcallo con Casone,03,Lombardia,Milano,MI,istat-comuni
015136,Masate,03,Lombardia,Milano,MI,istat-comuni
015139,Mediglia,03,Lombardia,Milano,MI,istat-comuni
015140,Melegnano,03,Lombardia,Milano,MI,istat-comuni
015142,Melzo,03,Lombardia,Milano,MI,istat-comuni
015144,Mesero,03,Lombardia,Milano,MI,istat-comuni
015146,Milano,03,Lombardia,Milano,MI,istat-comuni
015150,Morimondo,03,Lombardia,Milano,MI,istat-comuni
015151,Motta Visconti,03,Lombardia,Milano,MI,istat-comuni
015154,Nerviano,03,Lombardia,Milano,MI,istat-comuni
015155,Nosate,03,Lombardia,Milano,MI,istat-comuni
015157,Novate Milanese,03,Lombardia,Milano,MI,istat-comuni
015158,Noviglio,03,Lombardia,Milano,MI,istat-comuni
015159,Opera,03,Lombardia,Milano,MI,istat-comuni
015164,Ossona,03,Lombardia,Milano,MI,istat-comuni
015165,Ozzero,03,Lombardia,Milano,MI,istat-comuni
015166,Paderno Dugnano,03,Lombardia,Milano,MI,istat-comuni
015167,Pantigliate,03,Lombardia,Milano,MI,istat-comuni
015168,Parabiago,03,Lombardia,Milano,MI,istat-comuni
015169,Paullo,03,Lombardia,Milano,MI,istat-comuni
015170,Pero,03,Lombardia,Milano,MI,istat-comuni
015171,Peschiera Borromeo,03,Lombardia,Milano,MI,istat-comuni
015172,Pessano con Bornago,03,Lombardia,Milano,MI,istat-comuni
015173,Pieve Emanuele,03,Lombardia,Milano,MI,istat-comuni
015175,Pioltello,03,Lombardia,Milano,MI,istat-comuni
015176,Pogliano Milanese,03,Lombardia,Milano,MI,istat-comuni
015177,Pozzo d'Adda,03,Lombardia,Milano,MI,istat-comuni
015178,Pozzuolo Martesana,03,Lombardia,Milano,MI,istat-comuni
015179,Pregnana Milanese,03,Lombardia,Milano,MI,istat-comuni
015181,Rescaldina,03,Lombardia,Milano,MI,istat-comuni
015182,Rho,03,Lombardia,Milano,MI,istat-comuni
015183,Robecchetto con Induno,03,Lombardia,Milano,MI,istat-comuni
015184,Robecco sul Naviglio,03,Lombardia,Milano,MI,istat-comuni
015185,Rodano,03,Lombardia,Milano,MI,istat-comuni
015188,Rosate,03,Lombardia,Milano,MI,istat-comuni
015189,Rozzano,03,Lombardia,Milano,MI,istat-comuni
015191,San Colombano al Lambro,03,Lombardia,Milano,MI,istat-comuni
015192,San Donato Milanese,03,Lombardia,Milano,MI,istat-comuni
015194,San Giorgio su Legnano,03,Lombardia,Milano,MI,istat-comuni
015195,San Giuliano Milanese,03,Lombardia,Milano,MI,istat-comuni
015200,Santo Stefano Ticino,03,Lombardia,Milano,MI,istat-comuni
015201,San Vittore Olona,03,Lombardia,Milano,MI,istat-comuni
015202,San Zenone al Lambro,03,Lombardia,Milano,MI,istat-comuni
015204,Sedriano,03,Lombardia,Milano,MI,istat-comuni
015205,Segrate,03,Lombardia,Milano,MI,istat-comuni
015206,Senago,03,Lombardia,Milano,MI,istat-comuni
015209,Sesto San Giovanni,03,Lombardia,Milano,MI,istat-comuni
015210,Settala,03,Lombardia,Milano,MI,istat-comuni
015211,Settimo Milanese,03,Lombardia,Milano,MI,istat-comuni
015213,Solaro,03,Lombardia,Milano,MI,istat-comuni
015219,Trezzano Rosa,03,Lombardia,Milano,MI,istat-comuni
015220,Trezzano sul Naviglio,03,Lombardia,Milano,MI,istat-comuni
015221,Trezzo sull'Adda,03,Lombardia,Milano,MI,istat-comuni
015222,Tribiano,03,Lombardia,Milano,MI,istat-comuni
015224,Truccazzano,03,Lombardia,Milano,MI,istat-comuni
015226,Turbigo,03,Lombardia,Milano,MI,istat-comuni
015229,Vanzago,03,Lombardia,Milano,MI,istat-comuni
015230,Vaprio d'Adda,03,Lombardia,Milano,MI,istat-comuni
015236,Vernate,03,Lombardia,Milano,MI,istat-comuni
015237,Vignate,03,Lombardia,Milano,MI,istat-comuni
015242,Vimodrone,03,Lombardia,Milano,MI,istat-comuni
015243,Vittuone,03,Lombardia,Milano,MI,istat-comuni
015244,Vizzolo Predabissi,03,Lombardia,Milano,MI,istat-comuni
015247,Zibido San Giacomo,03,Lombardia,Milano,MI,istat-comuni
015248,Villa Cortese,03,Lombardia,Milano,MI,istat-comuni
015249,Vanzaghello,03,Lombardia,Milano,MI,istat-comuni
015250,Baranzate,03,Lombardia,Milano,MI,istat-comuni
015251,Vermezzo con Zelo,03,Lombardia,Milano,MI,istat-comuni
016001,Adrara San Martino,03,Lombardia,Bergamo,BG,istat-comuni
016002,Adrara San Rocco,03,Lombardia,Bergamo,BG,istat-comuni
016003,Albano Sant'Alessandro,03,Lombardia,Bergamo,BG,istat-comuni
016004,Albino,03,Lombardia,Bergamo,BG,istat-comuni
016005,Almè,03,Lombardia,Bergamo,BG,istat-comuni
016006,Almenno San Bartolomeo,03,Lombardia,Bergamo,BG,istat-comuni
016007,Almenno San Salvatore,03,Lombardia,Bergamo,BG,istat-comuni
016008,Alzano Lombardo,03,Lombardia,Bergamo,BG,istat-comuni
016009,Ambivere,03,Lombardia,Bergamo,BG,istat-comuni
016010,Antegnate,03,Lombardia,Bergamo,BG,istat-comuni
016011,Arcene,03,Lombardia,Bergamo,BG,istat-comuni
016012,Ardesio,03,Lombardia,Bergamo,BG,istat-comuni
016013,Arzago d'Adda,03,Lombardia,Bergamo,BG,istat-comuni
016014,Averara,03,Lombardia,Bergamo,BG,istat-comuni
016015,Aviatico,03,Lombardia,Bergamo,BG,istat-comuni
016016,Azzano San Paolo,03,Lombardia,Bergamo,BG,istat-comuni
016017,Azzone,03,Lombardia,Bergamo,BG,istat-comuni
016018,Bagnatica,03,Lombardia,Bergamo,BG,istat-comuni
016019,Barbata,03,Lombardia,Bergamo,BG,istat-comuni
016020,Bariano,03,Lombardia,Bergamo,BG,istat-comuni
016021,Barzana,03,Lombardia,Bergamo,BG,istat-comuni
016022,Bedulita,03,Lombardia,Bergamo,BG,istat-comuni
016023,Berbenno,03,Lombardia,Bergamo,BG,istat-comuni
016024,Bergamo,03,Lombardia,Bergamo,BG,istat-comuni
016025,Berzo San Fermo,03,Lombardia,Bergamo,BG,istat-comuni
016026,Bianzano,03,Lombardia,Bergamo,BG,istat-comuni
016027,Blello,03,Lombardia,Bergamo,BG,istat-comuni
016028,Bolgare,03,Lombardia,Bergamo,BG,istat-comuni
016029,Boltiere,03,Lombardia,Bergamo,BG,istat-comuni
016030,Bonate Sopra,03,Lombardia,Bergamo,BG,istat-comuni
016031,Bonate Sotto,03,Lombardia,Bergamo,BG,istat-comuni
016032,Borgo di Terzo,03,Lombardia,Bergamo,BG,istat-comuni
016033,Bossico,03,Lombardia,Bergamo,BG,istat-comuni
016034,Bottanuco,03,Lombardia,Bergamo,BG,istat-comuni
016035,Bracca,03,Lombardia,Bergamo,BG,istat-comuni
016036,Branzi,03,Lombardia,Bergamo,BG,istat-comuni
016037,Brembate,03,Lombardia,Bergamo,BG,istat-comuni
016038,Brembate di Sopra,03,Lombardia,Bergamo,BG,istat-comuni
016040,Brignano Gera d'Adda,03,Lombardia,Bergamo,BG,istat-comuni
016041,Brumano,03,Lombardia,Bergamo,BG,istat-comuni
016042,Brusaporto,03,Lombardia,Bergamo,BG,istat-comuni
016043,Calcinate,03,Lombardia,Bergamo,BG,istat-comuni
016044,Calcio,03,Lombardia,Bergamo,BG,istat-comuni
016046,Calusco d'Adda,03,Lombardia,Bergamo,BG,istat-comuni
016047,Calvenzano,03,Lombardia,Bergamo,BG,istat-comuni
016048,Camerata Cornello,03,Lombardia,Bergamo,BG,istat-comuni
016049,Canonica d'Adda,03,Lombardia,Bergamo,BG,istat-comuni
016050,Capizzone,03,Lombardia,Bergamo,BG,istat-comuni
016051,Capriate San Gervasio,03,Lombardia,Bergamo,BG,istat-comuni
016052,Caprino Bergamasco,03,Lombardia,Bergamo,BG,istat-comuni
016053,Caravaggio,03,Lombardia,Bergamo,BG,istat-comuni
016055,Carobbio degli Angeli,03,Lombardia,Bergamo,BG,istat-comuni
016056,Carona,03,Lombardia,Bergamo,BG,istat-comuni
016057,Carvico,03,Lombardia,Bergamo,BG,istat-comuni
016058,Casazza,03,Lombardia,Bergamo,BG,istat-comuni
016059,Casirate d'Adda,03,Lombardia,Bergamo,BG,istat-comuni
016060,Casnigo,03,Lombardia,Bergamo,BG,istat-comuni
016061,Cassiglio,03,Lombardia,Bergamo,BG,istat-comuni
016062,Castelli Calepio,03,Lombardia,Bergamo,BG,istat-comuni
016063,Castel Rozzone,03,Lombardia,Bergamo,BG,istat-comuni
016064,Castione della Presolana,03,Lombardia,Bergamo,BG,istat-comuni
016065,Castro,03,Lombardia,Bergamo,BG,istat-comuni
016066,Cavernago,03,Lombardia,Bergamo,BG,istat-comuni
016067,Cazzano Sant'Andrea,03,Lombardia,Bergamo,BG,istat-comuni
016068,Cenate Sopra,03,Lombardia,Bergamo,BG,istat-comuni
016069,Cenate Sotto,03,Lombardia,Bergamo,BG,istat-comuni
016070,Cene,03,Lombardia,Bergamo,BG,istat-comuni
016071,Cerete,03,Lombardia,Bergamo,BG,istat-comuni
016072,Chignolo d'Isola,03,Lombardia,Bergamo,BG,istat-comuni
016073,Chiuduno,03,Lombardia,Bergamo,BG,istat-comuni
016074,Cisano Bergamasco,03,Lombardia,Bergamo,BG,istat-comuni
016075,Ciserano,03,Lombardia,Bergamo,BG,istat-comuni
016076,Cividate al Piano,03,Lombardia,Bergamo,BG,istat-comuni
016077,Clusone,03,Lombardia,Bergamo,BG,istat-comuni
016078,Colere,03,Lombardia,Bergamo,BG,istat-comuni
016079,Cologno al Serio,03,Lombardia,Bergamo,BG,istat-comuni
016080,Colzate,03,Lombardia,Bergamo,BG,istat-comuni
016081,Comun Nuovo,03,Lombardia,Bergamo,BG,istat-comuni
016082,Corna Imagna,03,Lombardia,Bergamo,BG,istat-comuni
016083,Cortenuova,03,Lombardia,Bergamo,BG,istat-comuni
016084,Costa di Mezzate,03,Lombardia,Bergamo,BG,istat-comuni
016085,Costa Valle Imagna,03,Lombardia,Bergamo,BG,istat-comuni
016086,Costa Volpino,03,Lombardia,Bergamo,BG,istat-comuni
016087,Covo,03,Lombardia,Bergamo,BG,istat-comuni
016088,Credaro,03,Lombardia,Bergamo,BG,istat-comuni
016089,Curno,03,Lombardia,Bergamo,BG,istat-comuni
016090,Cusio,03,Lombardia,Bergamo,BG,istat-comuni
016091,Dalmine,03,Lombardia,Bergamo,BG,istat-comuni
016092,Dossena,03,Lombardia,Bergamo,BG,istat-comuni
016093,Endine Gaiano,03,Lombardia,Bergamo,BG,istat-comuni
016094,Entratico,03,Lombardia,Bergamo,BG,istat-comuni
016096,Fara Gera d'Adda,03,Lombardia,Bergamo,BG,istat-comuni
016097,Fara Olivana con Sola,03,Lombardia,Bergamo,BG,istat-comuni
016098,Filago,03,Lombardia,Bergamo,BG,istat-comuni
016099,Fino del Monte,03,Lombardia,Bergamo,BG,istat-comuni
016100,Fiorano al Serio,03,Lombardia,Bergamo,BG,istat-comuni
016101,Fontanella,03,Lombardia,Bergamo,BG,istat-comuni
016102,Fonteno,03,Lombardia,Bergamo,BG,istat-comuni
016103,Foppolo,03,Lombardia,Bergamo,BG,istat-comuni
016104,Foresto Sparso,03,Lombardia,Bergamo,BG,istat-comuni
016105,Fornovo San Giovanni,03,Lombardia,Bergamo,BG,istat-comuni
016106,Fuipiano Valle Imagna,03,Lombardia,Bergamo,BG,istat-comuni
016107,Gandellino,03,Lombardia,Bergamo,BG,istat-comuni
016108,Gandino,03,Lombardia,Bergamo,BG,istat-comuni
016109,Gandosso,03,Lombardia,Bergamo,BG,istat-comuni
016110,Gaverina Terme,03,Lombardia,Bergamo,BG,istat-comuni
016111,Gazzaniga,03,Lombardia,Bergamo,BG,istat-comuni
016113,Ghisalba,03,Lombardia,Bergamo,BG,istat-comuni
016114,Gorlago,03,Lombardia,Bergamo,BG,istat-comuni
016115,Gorle,03,Lombardia,Bergamo,BG,istat-comuni
016116,Gorno,03,Lombardia,Bergamo,BG,istat-comuni
016117,Grassobbio,03,Lombardia,Bergamo,BG,istat-comuni
016118,Gromo,03,Lombardia,Bergamo,BG,istat-comuni
016119,Grone,03,Lombardia,Bergamo,BG,istat-comuni
016120,Grumello del Monte,03,Lombardia,Bergamo,BG,istat-comuni
016121,Isola di Fondra,03,Lombardia,Bergamo,BG,istat-comuni
016122,Isso,03,Lombardia,Bergamo,BG,istat-comuni
016123,Lallio,03,Lombardia,Bergamo,BG,istat-comuni
016124,Leffe,03,Lombardia,Bergamo,BG,istat-comuni
016125,Lenna,03,Lombardia,Bergamo,BG,istat-comuni
016126,Levate,03,Lombardia,Bergamo,BG,istat-comuni
016127,Locatello,03,Lombardia,Bergamo,BG,istat-comuni
016128,Lovere,03,Lombardia,Bergamo,BG,istat-comuni
016129,Lurano,03,Lombardia,Bergamo,BG,istat-comuni
016130,Luzzana,03,Lombardia,Bergamo,BG,istat-comuni
016131,Madone,03,Lombardia,Bergamo,BG,istat-comuni
016132,Mapello,03,Lombardia,Bergamo,BG,istat-comuni
016133,Martinengo,03,Lombardia,Bergamo,BG,istat-comuni
016134,Mezzoldo,03,Lombardia,Bergamo,BG,istat-comuni
016135,Misano di Gera d'Adda,03,Lombardia,Bergamo,BG,istat-comuni
016136,Moio de' Calvi,03,Lombardia,Bergamo,BG,istat-comuni
016137,Monasterolo del Castello,03,Lombardia,Bergamo,BG,istat-comuni
016139,Montello,03,Lombardia,Bergamo,BG,istat-comuni
016140,Morengo,03,Lombardia,Bergamo,BG,istat-comuni
016141,Mornico al Serio,03,Lombardia,Bergamo,BG,istat-comuni
016142,Mozzanica,03,Lombardia,Bergamo,BG,istat-comuni
016143,Mozzo,03,Lombardia,Bergamo,BG,istat-comuni
016144,Nembro,03,Lombardia,Bergamo,BG,istat-comuni
016145,Olmo al Brembo,03,Lombardia,Bergamo,BG,istat-comuni
016146,Oltre il Colle,03,Lombardia,Bergamo,BG,istat-comuni
016147,Oltressenda Alta,03,Lombardia,Bergamo,BG,istat-comuni
016148,Oneta,03,Lombardia,Bergamo,BG,istat-comuni
016149,Onore,03,Lombardia,Bergamo,BG,istat-comuni
016150,Orio al Serio,03,Lombardia,Bergamo,BG,istat-comuni
016151,Ornica,03,Lombardia,Bergamo,BG,istat-comuni
016152,Osio Sopra,03,Lombardia,Bergamo,BG,istat-comuni
016153,Osio Sotto,03,Lombardia,Bergamo,BG,istat-comuni
016154,Pagazzano,03,Lombardia,Bergamo,BG,istat-comuni
016155,Paladina,03,Lombardia,Bergamo,BG,istat-comuni
016156,Palazzago,03,Lombardia,Bergamo,BG,istat-comuni
016157,Palosco,03,Lombardia,Bergamo,BG,istat-comuni
016158,Parre,03,Lombardia,Bergamo,BG,istat-comuni
016159,Parzanica,03,Lombardia,Bergamo,BG,istat-comuni
016160,Pedrengo,03,Lombardia,Bergamo,BG,istat-comuni
016161,Peia,03,Lombardia,Bergamo,BG,istat-comuni
016162,Pianico,03,Lombardia,Bergamo,BG,istat-comuni
016163,Piario,03,Lombardia,Bergamo,BG,istat-comuni
016164,Piazza Brembana,03,Lombardia,Bergamo,BG,istat-comuni
016165,Piazzatorre,03,Lombardia,Bergamo,BG,istat-comuni
016166,Piazzolo,03,Lombardia,Bergamo,BG,istat-comuni
016167,Pognano,03,Lombardia,Bergamo,BG,istat-comuni
016168,Ponte Nossa,03,Lombardia,Bergamo,BG,istat-comuni
016169,Ponteranica,03,Lombardia,Bergamo,BG,istat-comuni
016170,Ponte San Pietro,03,Lombardia,Bergamo,BG,istat-comuni
016171,Pontida,03,Lombardia,Bergamo,BG,istat-comuni
016172,Pontirolo Nuovo,03,Lombardia,Bergamo,BG,istat-comuni
016173,Pradalunga,03,Lombardia,Bergamo,BG,istat-comuni
016174,Predore,03,Lombardia,Bergamo,BG,istat-comuni
016175,Premolo,03,Lombardia,Bergamo,BG,istat-comuni
016176,Presezzo,03,Lombardia,Bergamo,BG,istat-comuni
016177,Pumenengo,03,Lombardia,Bergamo,BG,istat-comuni
016178,Ranica,03,Lombardia,Bergamo,BG,istat-comuni
016179,Ranzanico,03,Lombardia,Bergamo,BG,istat-comuni
016180,Riva di Solto,03,Lombardia,Bergamo,BG,istat-comuni
016182,Rogno,03,Lombardia,Bergamo,BG,istat-comuni
016183,Romano di Lombardia,03,Lombardia,Bergamo,BG,istat-comuni
016184,Roncobello,03,Lombardia,Bergamo,BG,istat-comuni
016185,Roncola,03,Lombardia,Bergamo,BG,istat-comuni
016186,Rota d'Imagna,03,Lombardia,Bergamo,BG,istat-comuni
016187,Rovetta,03,Lombardia,Bergamo,BG,istat-comuni
016188,San Giovanni Bianco,03,Lombardia,Bergamo,BG,istat-comuni
016189,San Paolo d'Argon,03,Lombardia,Bergamo,BG,istat-comuni
016190,San Pellegrino Terme,03,Lombardia,Bergamo,BG,istat-comuni
016191,Santa Brigida,03,Lombardia,Bergamo,BG,istat-comuni
016193,Sarnico,03,Lombardia,Bergamo,BG,istat-comuni
016194,Scanzorosciate,03,Lombardia,Bergamo,BG,istat-comuni
016195,Schilpario,03,Lombardia,Bergamo,BG,istat-comuni
016196,Sedrina,03,Lombardia,Bergamo,BG,istat-comuni
016197,Selvino,03,Lombardia,Bergamo,BG,istat-comuni
016198,Seriate,03,Lombardia,Bergamo,BG,istat-comuni
016199,Serina,03,Lombardia,Bergamo,BG,istat-comuni
016200,Solto Collina,03,Lombardia,Bergamo,BG,istat-comuni
016201,Songavazzo,03,Lombardia,Bergamo,BG,istat-comuni
016202,Sorisole,03,Lombardia,Bergamo,BG,istat-comuni
016203,Sotto il Monte Giovanni XXIII,03,Lombardia,Bergamo,BG,istat-comuni
016204,Sovere,03,Lombardia,Bergamo,BG,istat-comuni
016205,Spinone al Lago,03,Lombardia,Bergamo,BG,istat-comuni
016206,Spirano,03,Lombardia,Bergamo,BG,istat-comuni
016207,Stezzano,03,Lombardia,Bergamo,BG,istat-comuni
016208,Strozza,03,Lombardia,Bergamo,BG,istat-comuni
016209,Suisio,03,Lombardia,Bergamo,BG,istat-comuni
016210,Taleggio,03,Lombardia,Bergamo,BG,istat-comuni
016211,Tavernola Bergamasca,03,Lombardia,Bergamo,BG,istat-comuni
016212,Telgate,03,Lombardia,Bergamo,BG,istat-comuni
016213,Terno d'Isola,03,Lombardia,Bergamo,BG,istat-comuni
016214,Torre Boldone,03,Lombardia,Bergamo,BG,istat-comuni
016215,Torre de' Busi,03,Lombardia,Bergamo,BG,istat-comuni
016216,Torre de' Roveri,03,Lombardia,Bergamo,BG,istat-comuni
016217,Torre Pallavicina,03,Lombardia,Bergamo,BG,istat-comuni
016218,Trescore Balneario,03,Lombardia,Bergamo,BG,istat-comuni
016219,Treviglio,03,Lombardia,Bergamo,BG,istat-comuni
016220,Treviolo,03,Lombardia,Bergamo,BG,istat-comuni
016221,Ubiale Clanezzo,03,Lombardia,Bergamo,BG,istat-comuni
016222,Urgnano,03,Lombardia,Bergamo,BG,istat-comuni
016223,Valbondione,03,Lombardia,Bergamo,BG,istat-comuni
016224,Valbrembo,03,Lombardia,Bergamo,BG,istat-comuni
016225,Valgoglio,03,Lombardia,Bergamo,BG,istat-comuni
016226,Valleve,03,Lombardia,Bergamo,BG,istat-comuni
016227,Valnegra,03,Lombardia,Bergamo,BG,istat-comuni
016229,Valtorta,03,Lombardia,Bergamo,BG,istat-comuni
016230,Vedeseta,03,Lombardia,Bergamo,BG,istat-comuni
016232,Verdellino,03,Lombardia,Bergamo,BG,istat-comuni
016233,Verdello,03,Lombardia,Bergamo,BG,istat-comuni
016234,Vertova,03,Lombardia,Bergamo,BG,istat-comuni
016235,Viadanica,03,Lombardia,Bergamo,BG,istat-comuni
016236,Vigano San Martino,03,Lombardia,Bergamo,BG,istat-comuni
016237,Vigolo,03,Lombardia,Bergamo,BG,istat-comuni
016238,Villa d'Adda,03,Lombardia,Bergamo,BG,istat-comuni
016239,Villa d'Almè,03,Lombardia,Bergamo,BG,istat-comuni
016240,Villa di Serio,03,Lombardia,Bergamo,BG,istat-comuni
016241,Villa d'Ogna,03,Lombardia,Bergamo,BG,istat-comuni
016242,Villongo,03,Lombardia,Bergamo,BG,istat-comuni
016243,Vilminore di Scalve,03,Lombardia,Bergamo,BG,istat-comuni
016244,Zandobbio,03,Lombardia,Bergamo,BG,istat-comuni
016245,Zanica,03,Lombardia,Bergamo,BG,istat-comuni
016246,Zogno,03,Lombardia,Bergamo,BG,istat-comuni
016247,Costa Serina,03,Lombardia,Bergamo,BG,istat-comuni
016248,Algua,03,Lombardia,Bergamo,BG,istat-comuni
016249,Cornalba,03,Lombardia,Bergamo,BG,istat-comuni
016250,Medolago,03,Lombardia,Bergamo,BG,istat-comuni
016251,Solza,03,Lombardia,Bergamo,BG,istat-comuni
016252,Sant'Omobono Terme,03,Lombardia,Bergamo,BG,istat-comuni
016253,Val Brembilla,03,Lombardia,Bergamo,BG,istat-comuni
017001,Acquafredda,03,Lombardia,Brescia,BS,istat-comuni
017002,Adro,03,Lombardia,Brescia,BS,istat-comuni
017003,Agnosine,03,Lombardia,Brescia,BS,istat-comuni
017004,Alfianello,03,Lombardia,Brescia,BS,istat-comuni
017005,Anfo,03,Lombardia,Brescia,BS,istat-comuni
017006,Angolo Terme,03,Lombardia,Brescia,BS,istat-comuni
017007,Artogne,03,Lombardia,Brescia,BS,istat-comuni
017008,Azzano Mella,03,Lombardia,Brescia,BS,istat-comuni
017009,Bagnolo Mella,03,Lombardia,Brescia,BS,istat-comuni
017010,Bagolino,03,Lombardia,Brescia,BS,istat-comuni
017011,Barbariga,03,Lombardia,Brescia,BS,istat-comuni
017012,Barghe,03,Lombardia,Brescia,BS,istat-comuni
017013,Bassano Bresciano,03,Lombardia,Brescia,BS,istat-comuni
017014,Bedizzole,03,Lombardia,Brescia,BS,istat-comuni
017015,Berlingo,03,Lombardia,Brescia,BS,istat-comuni
017016,Berzo Demo,03,Lombardia,Brescia,BS,istat-comuni
017017,Berzo Inferiore,03,Lombardia,Brescia,BS,istat-comuni
017018,Bienno,03,Lombardia,Brescia,BS,istat-comuni
017019,Bione,03,Lombardia,Brescia,BS,istat-comuni
017020,Borgo San Giacomo,03,Lombardia,Brescia,BS,istat-comuni
017021,Borgosatollo,03,Lombardia,Brescia,BS,istat-comuni
017022,Borno,03,Lombardia,Brescia,BS,istat-comuni
017023,Botticino,03,Lombardia,Brescia,BS,istat-comuni
017024,Bovegno,03,Lombardia,Brescia,BS,istat-comuni
017025,Bovezzo,03,Lombardia,Brescia,BS,istat-comuni
017026,Brandico,03,Lombardia,Brescia,BS,istat-comuni
017027,Braone,03,Lombardia,Brescia,BS,istat-comuni
017028,Breno,03,Lombardia,Brescia,BS,istat-comuni
017029,Brescia,03,Lombardia,Brescia,BS,istat-comuni
017030,Brione,03,Lombardia,Brescia,BS,istat-comuni
017031,Caino,03,Lombardia,Brescia,BS,istat-comuni
017032,Calcinato,03,Lombardia,Brescia,BS,istat-comuni
017033,Calvagese della Riviera,03,Lombardia,Brescia,BS,istat-comuni
017034,Calvisano,03,Lombardia,Brescia,BS,istat-comuni
017035,Capo di Ponte,03,Lombardia,Brescia,BS,istat-comuni
017036,Capovalle,03,Lombardia,Brescia,BS,istat-comuni
017037,Capriano del Colle,03,Lombardia,Brescia,BS,istat-comuni
017038,Capriolo,03,Lombardia,Brescia,BS,istat-comuni
017039,Carpenedolo,03,Lombardia,Brescia,BS,istat-comuni
017040,Castegnato,03,Lombardia,Brescia,BS,istat-comuni
017041,Castelcovati,03,Lombardia,Brescia,BS,istat-comuni
017042,Castel Mella,03,Lombardia,Brescia,BS,istat-comuni
017043,Castenedolo,03,Lombardia,Brescia,BS,istat-comuni
017044,Casto,03,Lombardia,Brescia,BS,istat-comuni
017045,Castrezzato,03,Lombardia,Brescia,BS,istat-comuni
017046,Cazzago San Martino,03,Lombardia,Brescia,BS,istat-comuni
017047,Cedegolo,03,Lombardia,Brescia,BS,istat-comuni
017048,Cellatica,03,Lombardia,Brescia,BS,istat-comuni
017049,Cerveno,03,Lombardia,Brescia,BS,istat-comuni
017050,Ceto,03,Lombardia,Brescia,BS,istat-comuni
017051,Cevo,03,Lombardia,Brescia,BS,istat-comuni
017052,Chiari,03,Lombardia,Brescia,BS,istat-comuni
017053,Cigole,03,Lombardia,Brescia,BS,istat-comuni
017054,Cimbergo,03,Lombardia,Brescia,BS,istat-comuni
017055,Cividate Camuno,03,Lombardia,Brescia,BS,istat-comuni
017056,Coccaglio,03,Lombardia,Brescia,BS,istat-comuni
017057,Collebeato,03,Lombardia,Brescia,BS,istat-comuni
017058,Collio,03,Lombardia,Brescia,BS,istat-comuni
017059,Cologne,03,Lombardia,Brescia,BS,istat-comuni
017060,Comezzano-Cizzago,03,Lombardia,Brescia,BS,istat-comuni
017061,Concesio,03,Lombardia,Brescia,BS,istat-comuni
017062,Corte Franca,03,Lombardia,Brescia,BS,istat-comuni
017063,Corteno Golgi,03,Lombardia,Brescia,BS,istat-comuni
017064,Corzano,03,Lombardia,Brescia,BS,istat-comuni
017065,Darfo Boario Terme,03,Lombardia,Brescia,BS,istat-comuni
017066,Dello,03,Lombardia,Brescia,BS,istat-comuni
017067,Desenzano del Garda,03,Lombardia,Brescia,BS,istat-comuni
017068,Edolo,03,Lombardia,Brescia,BS,istat-comuni
017069,Erbusco,03,Lombardia,Brescia,BS,istat-comuni
017070,Esine,03,Lombardia,Brescia,BS,istat-comuni
017071,Fiesse,03,Lombardia,Brescia,BS,istat-comuni
017072,Flero,03,Lombardia,Brescia,BS,istat-comuni
017073,Gambara,03,Lombardia,Brescia,BS,istat-comuni
017074,Gardone Riviera,03,Lombardia,Brescia,BS,istat-comuni
017075,Gardone Val Trompia,03,Lombardia,Brescia,BS,istat-comuni
017076,Gargnano,03,Lombardia,Brescia,BS,istat-comuni
017077,Gavardo,03,Lombardia,Brescia,BS,istat-comuni
017078,Ghedi,03,Lombardia,Brescia,BS,istat-comuni
017079,Gianico,03,Lombardia,Brescia,BS,istat-comuni
017080,Gottolengo,03,Lombardia,Brescia,BS,istat-comuni
017081,Gussago,03,Lombardia,Brescia,BS,istat-comuni
017082,Idro,03,Lombardia,Brescia,BS,istat-comuni
017083,Incudine,03,Lombardia,Brescia,BS,istat-comuni
017084,Irma,03,Lombardia,Brescia,BS,istat-comuni
017085,Iseo,03,Lombardia,Brescia,BS,istat-comuni
017086,Isorella,03,Lombardia,Brescia,BS,istat-comuni
017087,Lavenone,03,Lombardia,Brescia,BS,istat-comuni
017088,Leno,03,Lombardia,Brescia,BS,istat-comuni
017089,Limone sul Garda,03,Lombardia,Brescia,BS,istat-comuni
017090,Lodrino,03,Lombardia,Brescia,BS,istat-comuni
017091,Lograto,03,Lombardia,Brescia,BS,istat-comuni
017092,Lonato del Garda,03,Lombardia,Brescia,BS,istat-comuni
017093,Longhena,03,Lombardia,Brescia,BS,istat-comuni
017094,Losine,03,Lombardia,Brescia,BS,istat-comuni
017095,Lozio,03,Lombardia,Brescia,BS,istat-comuni
017096,Lumezzane,03,Lombardia,Brescia,BS,istat-comuni
017097,Maclodio,03,Lombardia,Brescia,BS,istat-comuni
017098,Magasa,03,Lombardia,Brescia,BS,istat-comuni
017099,Mairano,03,Lombardia,Brescia,BS,istat-comuni
017100,Malegno,03,Lombardia,Brescia,BS,istat-comuni
017101,Malonno,03,Lombardia,Brescia,BS,istat-comuni
017102,Manerba del Garda,03,Lombardia,Brescia,BS,istat-comuni
017103,Manerbio,03,Lombardia,Brescia,BS,istat-comuni
017104,Marcheno,03,Lombardia,Brescia,BS,istat-comuni
017105,Marmentino,03,Lombardia,Brescia,BS,istat-comuni
017106,Marone,03,Lombardia,Brescia,BS,istat-comuni
017107,Mazzano,03,Lombardia,Brescia,BS,istat-comuni
017108,Milzano,03,Lombardia,Brescia,BS,istat-comuni
017109,Moniga del Garda,03,Lombardia,Brescia,BS,istat-comuni
017110,Monno,03,Lombardia,Brescia,BS,istat-comuni
017111,Monte Isola,03,Lombardia,Brescia,BS,istat-comuni
017112,Monticelli Brusati,03,Lombardia,Brescia,BS,istat-comuni
017113,Montichiari,03,Lombardia,Brescia,BS,istat-comuni
017114,Montirone,03,Lombardia,Brescia,BS,istat-comuni
017115,Mura,03,Lombardia,Brescia,BS,istat-comuni
017116,Muscoline,03,Lombardia,Brescia,BS,istat-comuni
017117,Nave,03,Lombardia,Brescia,BS,istat-comuni
017118,Niardo,03,Lombardia,Brescia,BS,istat-comuni
017119,Nuvolento,03,Lombardia,Brescia,BS,istat-comuni
017120,Nuvolera,03,Lombardia,Brescia,BS,istat-comuni
017121,Odolo,03,Lombardia,Brescia,BS,istat-comuni
017122,Offlaga,03,Lombardia,Brescia,BS,istat-comuni
017123,Ome,03,Lombardia,Brescia,BS,istat-comuni
017124,Ono San Pietro,03,Lombardia,Brescia,BS,istat-comuni
017125,Orzinuovi,03,Lombardia,Brescia,BS,istat-comuni
017126,Orzivecchi,03,Lombardia,Brescia,BS,istat-comuni
017127,Ospitaletto,03,Lombardia,Brescia,BS,istat-comuni
017128,Ossimo,03,Lombardia,Brescia,BS,istat-comuni
017129,Padenghe sul Garda,03,Lombardia,Brescia,BS,istat-comuni
017130,Paderno Franciacorta,03,Lombardia,Brescia,BS,istat-comuni
017131,Paisco Loveno,03,Lombardia,Brescia,BS,istat-comuni
017132,Paitone,03,Lombardia,Brescia,BS,istat-comuni
017133,Palazzolo sull'Oglio,03,Lombardia,Brescia,BS,istat-comuni
017134,Paratico,03,Lombardia,Brescia,BS,istat-comuni
017135,Paspardo,03,Lombardia,Brescia,BS,istat-comuni
017136,Passirano,03,Lombardia,Brescia,BS,istat-comuni
017137,Pavone del Mella,03,Lombardia,Brescia,BS,istat-comuni
017138,San Paolo,03,Lombardia,Brescia,BS,istat-comuni
017139,Pertica Alta,03,Lombardia,Brescia,BS,istat-comuni
017140,Pertica Bassa,03,Lombardia,Brescia,BS,istat-comuni
017141,Pezzaze,03,Lombardia,Brescia,BS,istat-comuni
017142,Pian Camuno,03,Lombardia,Brescia,BS,istat-comuni
017143,Pisogne,03,Lombardia,Brescia,BS,istat-comuni
017144,Polaveno,03,Lombardia,Brescia,BS,istat-comuni
017145,Polpenazze del Garda,03,Lombardia,Brescia,BS,istat-comuni
017146,Pompiano,03,Lombardia,Brescia,BS,istat-comuni
017147,Poncarale,03,Lombardia,Brescia,BS,istat-comuni
017148,Ponte di Legno,03,Lombardia,Brescia,BS,istat-comuni
017149,Pontevico,03,Lombardia,Brescia,BS,istat-comuni
017150,Pontoglio,03,Lombardia,Brescia,BS,istat-comuni
017151,Pozzolengo,03,Lombardia,Brescia,BS,istat-comuni
017152,Pralboino,03,Lombardia,Brescia,BS,istat-comuni
017153,Preseglie,03,Lombardia,Brescia,BS,istat-comuni
017155,Prevalle,03,Lombardia,Brescia,BS,istat-comuni
017156,Provaglio d'Iseo,03,Lombardia,Brescia,BS,istat-comuni
017157,Provaglio Val Sabbia,03,Lombardia,Brescia,BS,istat-comuni
017158,Puegnago del Garda,03,Lombardia,Brescia,BS,istat-comuni
017159,Quinzano d'Oglio,03,Lombardia,Brescia,BS,istat-comuni
017160,Remedello,03,Lombardia,Brescia,BS,istat-comuni
017161,Rezzato,03,Lombardia,Brescia,BS,istat-comuni
017162,Roccafranca,03,Lombardia,Brescia,BS,istat-comuni
017163,Rodengo Saiano,03,Lombardia,Brescia,BS,istat-comuni
017164,Roè Volciano,03,Lombardia,Brescia,BS,istat-comuni
017165,Roncadelle,03,Lombardia,Brescia,BS,istat-comuni
017166,Rovato,03,Lombardia,Brescia,BS,istat-comuni
017167,Rudiano,03,Lombardia,Brescia,BS,istat-comuni
017168,Sabbio Chiese,03,Lombardia,Brescia,BS,istat-comuni
017169,Sale Marasino,03,Lombardia,Brescia,BS,istat-comuni
017170,Salò,03,Lombardia,Brescia,BS,istat-comuni
017171,San Felice del Benaco,03,Lombardia,Brescia,BS,istat-comuni
017172,San Gervasio Bresciano,03,Lombardia,Brescia,BS,istat-comuni
017173,San Zeno Naviglio,03,Lombardia,Brescia,BS,istat-comuni
017174,Sarezzo,03,Lombardia,Brescia,BS,istat-comuni
017175,Saviore dell'Adamello,03,Lombardia,Brescia,BS,istat-comuni
017176,Sellero,03,Lombardia,Brescia,BS,istat-comuni
017177,Seniga,03,Lombardia,Brescia,BS,istat-comuni
017178,Serle,03,Lombardia,Brescia,BS,istat-comuni
017179,Sirmione,03,Lombardia,Brescia,BS,istat-comuni
017180,Soiano del Lago,03,Lombardia,Brescia,BS,istat-comuni
017181,Sonico,03,Lombardia,Brescia,BS,istat-comuni
017182,Sulzano,03,Lombardia,Brescia,BS,istat-comuni
017183,Tavernole sul Mella,03,Lombardia,Brescia,BS,istat-comuni
017184,Temù,03,Lombardia,Brescia,BS,istat-comuni
017185,Tignale,03,Lombardia,Brescia,BS,istat-comuni
017186,Torbole Casaglia,03,Lombardia,Brescia,BS,istat-comuni
017187,Toscolano-Maderno,03,Lombardia,Brescia,BS,istat-comuni
017188,Travagliato,03,Lombardia,Brescia,BS,istat-comuni
017189,Tremosine sul Garda,03,Lombardia,Brescia,BS,istat-comuni
017190,Trenzano,03,Lombardia,Brescia,BS,istat-comuni
017191,Treviso Bresciano,03,Lombardia,Brescia,BS,istat-comuni
017192,Urago d'Oglio,03,Lombardia,Brescia,BS,istat-comuni
017193,Vallio Terme,03,Lombardia,Brescia,BS,istat-comuni
017194,Valvestino,03,Lombardia,Brescia,BS,istat-comuni
017195,Verolanuova,03,Lombardia,Brescia,BS,istat-comuni
017196,Verolavecchia,03,Lombardia,Brescia,BS,istat-comuni
017197,Vestone,03,Lombardia,Brescia,BS,istat-comuni
017198,Vezza d'Oglio,03,Lombardia,Brescia,BS,istat-comuni
017199,Villa Carcina,03,Lombardia,Brescia,BS,istat-comuni
017200,Villachiara,03,Lombardia,Brescia,BS,istat-comuni
017201,Villanuova sul Clisi,03,Lombardia,Brescia,BS,istat-comuni
017202,Vione,03,Lombardia,Brescia,BS,istat-comuni
017203,Visano,03,Lombardia,Brescia,BS,istat-comuni
017204,Vobarno,03,Lombardia,Brescia,BS,istat-comuni
017205,Zone,03,Lombardia,Brescia,BS,istat-comuni
017206,Piancogno,03,Lombardia,Brescia,BS,istat-comuni
018001,Alagna,03,Lombardia,Pavia,PV,istat-comuni
018003,Albonese,03,Lombardia,Pavia,PV,istat-comuni
018004,Albuzzano,03,Lombardia,Pavia,PV,istat-comuni
018005,Arena Po,03,Lombardia,Pavia,PV,istat-comuni
018006,Badia Pavese,03,Lombardia,Pavia,PV,istat-comuni
018007,Bagnaria,03,Lombardia,Pavia,PV,istat-comuni
018008,Barbianello,03,Lombardia,Pavia,PV,istat-comuni
018009,Bascapè,03,Lombardia,Pavia,PV,istat-comuni
018011,Bastida Pancarana,03,Lombardia,Pavia,PV,istat-comuni
018012,Battuda,03,Lombardia,Pavia,PV,istat-comuni
018013,Belgioioso,03,Lombardia,Pavia,PV,istat-comuni
018014,Bereguardo,03,Lombardia,Pavia,PV,istat-comuni
018015,Borgarello,03,Lombardia,Pavia,PV,istat-comuni
018016,Borgo Priolo,03,Lombardia,Pavia,PV,istat-comuni
018017,Borgoratto Mormorolo,03,Lombardia,Pavia,PV,istat-comuni
018018,Borgo San Siro,03,Lombardia,Pavia,PV,istat-comuni
018019,Bornasco,03,Lombardia,Pavia,PV,istat-comuni
018020,Bosnasco,03,Lombardia,Pavia,PV,istat-comuni
018021,Brallo di Pregola,03,Lombardia,Pavia,PV,istat-comuni
018022,Breme,03,Lombardia,Pavia,PV,istat-comuni
018023,Bressana Bottarone,03,Lombardia,Pavia,PV,istat-comuni
018024,Broni,03,Lombardia,Pavia,PV,istat-comuni
018025,Calvignano,03,Lombardia,Pavia,PV,istat-comuni
018026,Campospinoso Albaredo,03,Lombardia,Pavia,PV,istat-comuni
018027,Candia Lomellina,03,Lombardia,Pavia,PV,istat-comuni
018029,Canneto Pavese,03,Lombardia,Pavia,PV,istat-comuni
018030,Carbonara al Ticino,03,Lombardia,Pavia,PV,istat-comuni
018031,Casanova Lonati,03,Lombardia,Pavia,PV,istat-comuni
018032,Casatisma,03,Lombardia,Pavia,PV,istat-comuni
018033,Casei Gerola,03,Lombardia,Pavia,PV,istat-comuni
018034,Casorate Primo,03,Lombardia,Pavia,PV,istat-comuni
018035,Cassolnovo,03,Lombardia,Pavia,PV,istat-comuni
018036,Castana,03,Lombardia,Pavia,PV,istat-comuni
018037,Casteggio,03,Lombardia,Pavia,PV,istat-comuni
018038,Castelletto di Branduzzo,03,Lombardia,Pavia,PV,istat-comuni
018039,Castello d'Agogna,03,Lombardia,Pavia,PV,istat-comuni
018040,Castelnovetto,03,Lombardia,Pavia,PV,istat-comuni
018041,Cava Manara,03,Lombardia,Pavia,PV,istat-comuni
018042,Cecima,03,Lombardia,Pavia,PV,istat-comuni
018043,Ceranova,03,Lombardia,Pavia,PV,istat-comuni
018044,Ceretto Lomellina,03,Lombardia,Pavia,PV,istat-comuni
018045,Cergnago,03,Lombardia,Pavia,PV,istat-comuni
018046,Certosa di Pavia,03,Lombardia,Pavia,PV,istat-comuni
018047,Cervesina,03,Lombardia,Pavia,PV,istat-comuni
018048,Chignolo Po,03,Lombardia,Pavia,PV,istat-comuni
018049,Cigognola,03,Lombardia,Pavia,PV,istat-comuni
018050,Cilavegna,03,Lombardia,Pavia,PV,istat-comuni
018051,Codevilla,03,Lombardia,Pavia,PV,istat-comuni
018052,Confienza,03,Lombardia,Pavia,PV,istat-comuni
018053,Copiano,03,Lombardia,Pavia,PV,istat-comuni
018054,Corana,03,Lombardia,Pavia,PV,istat-comuni
018057,Corvino San Quirico,03,Lombardia,Pavia,PV,istat-comuni
018058,Costa de' Nobili,03,Lombardia,Pavia,PV,istat-comuni
018059,Cozzo,03,Lombardia,Pavia,PV,istat-comuni
018060,Cura Carpignano,03,Lombardia,Pavia,PV,istat-comuni
018061,Dorno,03,Lombardia,Pavia,PV,istat-comuni
018062,Ferrera Erbognone,03,Lombardia,Pavia,PV,istat-comuni
018063,Filighera,03,Lombardia,Pavia,PV,istat-comuni
018064,Fortunago,03,Lombardia,Pavia,PV,istat-comuni
018065,Frascarolo,03,Lombardia,Pavia,PV,istat-comuni
018066,Galliavola,03,Lombardia,Pavia,PV,istat-comuni
018067,Gambarana,03,Lombardia,Pavia,PV,istat-comuni
018068,Gambolò,03,Lombardia,Pavia,PV,istat-comuni
018069,Garlasco,03,Lombardia,Pavia,PV,istat-comuni
018071,Gerenzago,03,Lombardia,Pavia,PV,istat-comuni
018072,Giussago,03,Lombardia,Pavia,PV,istat-comuni
018073,Godiasco Salice Terme,03,Lombardia,Pavia,PV,istat-comuni
018074,Golferenzo,03,Lombardia,Pavia,PV,istat-comuni
018075,Gravellona Lomellina,03,Lombardia,Pavia,PV,istat-comuni
018076,Gropello Cairoli,03,Lombardia,Pavia,PV,istat-comuni
018077,Inverno e Monteleone,03,Lombardia,Pavia,PV,istat-comuni
018078,Landriano,03,Lombardia,Pavia,PV,istat-comuni
018079,Langosco,03,Lombardia,Pavia,PV,istat-comuni
018080,Lardirago,03,Lombardia,Pavia,PV,istat-comuni
018081,Linarolo,03,Lombardia,Pavia,PV,istat-comuni
018083,Lomello,03,Lombardia,Pavia,PV,istat-comuni
018084,Lungavilla,03,Lombardia,Pavia,PV,istat-comuni
018085,Magherno,03,Lombardia,Pavia,PV,istat-comuni
018086,Marcignago,03,Lombardia,Pavia,PV,istat-comuni
018087,Marzano,03,Lombardia,Pavia,PV,istat-comuni
018088,Mede,03,Lombardia,Pavia,PV,istat-comuni
018089,Menconico,03,Lombardia,Pavia,PV,istat-comuni
018090,Mezzana Bigli,03,Lombardia,Pavia,PV,istat-comuni
018091,Mezzana Rabattone,03,Lombardia,Pavia,PV,istat-comuni
018092,Mezzanino,03,Lombardia,Pavia,PV,istat-comuni
018093,Miradolo Terme,03,Lombardia,Pavia,PV,istat-comuni
018094,Montalto Pavese,03,Lombardia,Pavia,PV,istat-comuni
018095,Montebello della Battaglia,03,Lombardia,Pavia,PV,istat-comuni
018096,Montecalvo Versiggia,03,Lombardia,Pavia,PV,istat-comuni
018097,Montescano,03,Lombardia,Pavia,PV,istat-comuni
018098,Montesegale,03,Lombardia,Pavia,PV,istat-comuni
018099,Monticelli Pavese,03,Lombardia,Pavia,PV,istat-comuni
018100,Montù Beccaria,03,Lombardia,Pavia,PV,istat-comuni
018101,Mornico Losana,03,Lombardia,Pavia,PV,istat-comuni
018102,Mortara,03,Lombardia,Pavia,PV,istat-comuni
018103,Nicorvo,03,Lombardia,Pavia,PV,istat-comuni
018104,Olevano di Lomellina,03,Lombardia,Pavia,PV,istat-comuni
018105,Oliva Gessi,03,Lombardia,Pavia,PV,istat-comuni
018106,Ottobiano,03,Lombardia,Pavia,PV,istat-comuni
018107,Palestro,03,Lombardia,Pavia,PV,istat-comuni
018108,Pancarana,03,Lombardia,Pavia,PV,istat-comuni
018109,Parona,03,Lombardia,Pavia,PV,istat-comuni
018110,Pavia,03,Lombardia,Pavia,PV,istat-comuni
018111,Pietra de' Giorgi,03,Lombardia,Pavia,PV,istat-comuni
018112,Pieve Albignola,03,Lombardia,Pavia,PV,istat-comuni
018113,Pieve del Cairo,03,Lombardia,Pavia,PV,istat-comuni
018114,Pieve Porto Morone,03,Lombardia,Pavia,PV,istat-comuni
018115,Pinarolo Po,03,Lombardia,Pavia,PV,istat-comuni
018116,Pizzale,03,Lombardia,Pavia,PV,istat-comuni
018117,Ponte Nizza,03,Lombardia,Pavia,PV,istat-comuni
018118,Portalbera,03,Lombardia,Pavia,PV,istat-comuni
018119,Rea,03,Lombardia,Pavia,PV,istat-comuni
018120,Redavalle,03,Lombardia,Pavia,PV,istat-comuni
018121,Retorbido,03,Lombardia,Pavia,PV,istat-comuni
018122,Rivanazzano Terme,03,Lombardia,Pavia,PV,istat-comuni
018123,Robbio,03,Lombardia,Pavia,PV,istat-comuni
018124,Robecco Pavese,03,Lombardia,Pavia,PV,istat-comuni
018125,Rocca de' Giorgi,03,Lombardia,Pavia,PV,istat-comuni
018126,Rocca Susella,03,Lombardia,Pavia,PV,istat-comuni
018127,Rognano,03,Lombardia,Pavia,PV,istat-comuni
018128,Romagnese,03,Lombardia,Pavia,PV,istat-comuni
018129,Roncaro,03,Lombardia,Pavia,PV,istat-comuni
018130,Rosasco,03,Lombardia,Pavia,PV,istat-comuni
018131,Rovescala,03,Lombardia,Pavia,PV,istat-comuni
018133,San Cipriano Po,03,Lombardia,Pavia,PV,istat-comuni
018134,San Damiano al Colle,03,Lombardia,Pavia,PV,istat-comuni
018135,San Genesio ed Uniti,03,Lombardia,Pavia,PV,istat-comuni
018136,San Giorgio di Lomellina,03,Lombardia,Pavia,PV,istat-comuni
018137,San Martino Siccomario,03,Lombardia,Pavia,PV,istat-comuni
018138,Sannazzaro de' Burgondi,03,Lombardia,Pavia,PV,istat-comuni
018139,Santa Cristina e Bissone,03,Lombardia,Pavia,PV,istat-comuni
018140,Santa Giuletta,03,Lombardia,Pavia,PV,istat-comuni
018141,Sant'Alessio con Vialone,03,Lombardia,Pavia,PV,istat-comuni
018142,Santa Margherita di Staffora,03,Lombardia,Pavia,PV,istat-comuni
018143,Santa Maria della Versa,03,Lombardia,Pavia,PV,istat-comuni
018144,Sant'Angelo Lomellina,03,Lombardia,Pavia,PV,istat-comuni
018145,San Zenone al Po,03,Lombardia,Pavia,PV,istat-comuni
018146,Sartirana Lomellina,03,Lombardia,Pavia,PV,istat-comuni
018147,Scaldasole,03,Lombardia,Pavia,PV,istat-comuni
018148,Semiana,03,Lombardia,Pavia,PV,istat-comuni
018149,Silvano Pietra,03,Lombardia,Pavia,PV,istat-comuni
018150,Siziano,03,Lombardia,Pavia,PV,istat-comuni
018151,Sommo,03,Lombardia,Pavia,PV,istat-comuni
018152,Spessa,03,Lombardia,Pavia,PV,istat-comuni
018153,Stradella,03,Lombardia,Pavia,PV,istat-comuni
018154,Suardi,03,Lombardia,Pavia,PV,istat-comuni
018155,Torrazza Coste,03,Lombardia,Pavia,PV,istat-comuni
018156,Torre Beretti e Castellaro,03,Lombardia,Pavia,PV,istat-comuni
018157,Torre d'Arese,03,Lombardia,Pavia,PV,istat-comuni
018158,Torre de' Negri,03,Lombardia,Pavia,PV,istat-comuni
018159,Torre d'Isola,03,Lombardia,Pavia,PV,istat-comuni
018160,Torrevecchia Pia,03,Lombardia,Pavia,PV,istat-comuni
018161,Torricella Verzate,03,Lombardia,Pavia,PV,istat-comuni
018162,Travacò Siccomario,03,Lombardia,Pavia,PV,istat-comuni
018163,Trivolzio,03,Lombardia,Pavia,PV,istat-comuni
018164,Tromello,03,Lombardia,Pavia,PV,istat-comuni
018165,Trovo,03,Lombardia,Pavia,PV,istat-comuni
018166,Val di Nizza,03,Lombardia,Pavia,PV,istat-comuni
018167,Valeggio,03,Lombardia,Pavia,PV,istat-comuni
018168,Valle Lomellina,03,Lombardia,Pavia,PV,istat-comuni
018169,Valle Salimbene,03,Lombardia,Pavia,PV,istat-comuni
018171,Varzi,03,Lombardia,Pavia,PV,istat-comuni
018172,Velezzo Lomellina,03,Lombardia,Pavia,PV,istat-comuni
018173,Vellezzo Bellini,03,Lombardia,Pavia,PV,istat-comuni
018174,Verretto,03,Lombardia,Pavia,PV,istat-comuni
018175,Verrua Po,03,Lombardia,Pavia,PV,istat-comuni
018176,Vidigulfo,03,Lombardia,Pavia,PV,istat-comuni
018177,Vigevano,03,Lombardia,Pavia,PV,istat-comuni
018178,Villa Biscossi,03,Lombardia,Pavia,PV,istat-comuni
018179,Villanova d'Ardenghi,03,Lombardia,Pavia,PV,istat-comuni
018180,Villanterio,03,Lombardia,Pavia,PV,istat-comuni
018181,Vistarino,03,Lombardia,Pavia,PV,istat-comuni
018182,Voghera,03,Lombardia,Pavia,PV,istat-comuni
018183,Volpara,03,Lombardia,Pavia,PV,istat-comuni
018184,Zavattarello,03,Lombardia,Pavia,PV,istat-comuni
018185,Zeccone,03,Lombardia,Pavia,PV,istat-comuni
018186,Zeme,03,Lombardia,Pavia,PV,istat-comuni
018187,Zenevredo,03,Lombardia,Pavia,PV,istat-comuni
018188,Zerbo,03,Lombardia,Pavia,PV,istat-comuni
018189,Zerbolò,03,Lombardia,Pavia,PV,istat-comuni
018190,Zinasco,03,Lombardia,Pavia,PV,istat-comuni
018191,Cornale e Bastida,03,Lombardia,Pavia,PV,istat-comuni
018192,Corteolona e Genzone,03,Lombardia,Pavia,PV,istat-comuni
018193,Colli Verdi,03,Lombardia,Pavia,PV,istat-comuni
019001,Acquanegra Cremonese,03,Lombardia,Cremona,CR,istat-comuni
019002,Agnadello,03,Lombardia,Cremona,CR,istat-comuni
019003,Annicco,03,Lombardia,Cremona,CR,istat-comuni
019004,Azzanello,03,Lombardia,Cremona,CR,istat-comuni
019005,Bagnolo Cremasco,03,Lombardia,Cremona,CR,istat-comuni
019006,Bonemerse,03,Lombardia,Cremona,CR,istat-comuni
019007,Bordolano,03,Lombardia,Cremona,CR,istat-comuni
019009,Calvatone,03,Lombardia,Cremona,CR,istat-comuni
019010,Camisano,03,Lombardia,Cremona,CR,istat-comuni
019011,Campagnola Cremasca,03,Lombardia,Cremona,CR,istat-comuni
019012,Capergnanica,03,Lombardia,Cremona,CR,istat-comuni
019013,Cappella Cantone,03,Lombardia,Cremona,CR,istat-comuni
019014,Cappella de' Picenardi,03,Lombardia,Cremona,CR,istat-comuni
019015,Capralba,03,Lombardia,Cremona,CR,istat-comuni
019016,Casalbuttano ed Uniti,03,Lombardia,Cremona,CR,istat-comuni
019017,Casale Cremasco-Vidolasco,03,Lombardia,Cremona,CR,istat-comuni
019018,Casaletto Ceredano,03,Lombardia,Cremona,CR,istat-comuni
019019,Casaletto di Sopra,03,Lombardia,Cremona,CR,istat-comuni
019020,Casaletto Vaprio,03,Lombardia,Cremona,CR,istat-comuni
019021,Casalmaggiore,03,Lombardia,Cremona,CR,istat-comuni
019022,Casalmorano,03,Lombardia,Cremona,CR,istat-comuni
019023,Casteldidone,03,Lombardia,Cremona,CR,istat-comuni
019024,Castel Gabbiano,03,Lombardia,Cremona,CR,istat-comuni
019025,Castelleone,03,Lombardia,Cremona,CR,istat-comuni
019026,Castelverde,03,Lombardia,Cremona,CR,istat-comuni
019027,Castelvisconti,03,Lombardia,Cremona,CR,istat-comuni
019028,Cella Dati,03,Lombardia,Cremona,CR,istat-comuni
019029,Chieve,03,Lombardia,Cremona,CR,istat-comuni
019030,Cicognolo,03,Lombardia,Cremona,CR,istat-comuni
019031,Cingia de' Botti,03,Lombardia,Cremona,CR,istat-comuni
019032,Corte de' Cortesi con Cignone,03,Lombardia,Cremona,CR,istat-comuni
019033,Corte de' Frati,03,Lombardia,Cremona,CR,istat-comuni
019034,Credera Rubbiano,03,Lombardia,Cremona,CR,istat-comuni
019035,Crema,03,Lombardia,Cremona,CR,istat-comuni
019036,Cremona,03,Lombardia,Cremona,CR,istat-comuni
019037,Cremosano,03,Lombardia,Cremona,CR,istat-comuni
019038,Crotta d'Adda,03,Lombardia,Cremona,CR,istat-comuni
019039,Cumignano sul Naviglio,03,Lombardia,Cremona,CR,istat-comuni
019040,Derovere,03,Lombardia,Cremona,CR,istat-comuni
019041,Dovera,03,Lombardia,Cremona,CR,istat-comuni
019043,Fiesco,03,Lombardia,Cremona,CR,istat-comuni
019044,Formigara,03,Lombardia,Cremona,CR,istat-comuni
019045,Gabbioneta-Binanuova,03,Lombardia,Cremona,CR,istat-comuni
019046,Gadesco-Pieve Delmona,03,Lombardia,Cremona,CR,istat-comuni
019047,Genivolta,03,Lombardia,Cremona,CR,istat-comuni
019048,Gerre de' Caprioli,03,Lombardia,Cremona,CR,istat-comuni
019049,Gombito,03,Lombardia,Cremona,CR,istat-comuni
019050,Grontardo,03,Lombardia,Cremona,CR,istat-comuni
019051,Grumello Cremonese ed Uniti,03,Lombardia,Cremona,CR,istat-comuni
019052,Gussola,03,Lombardia,Cremona,CR,istat-comuni
019053,Isola Dovarese,03,Lombardia,Cremona,CR,istat-comuni
019054,Izano,03,Lombardia,Cremona,CR,istat-comuni
019055,Madignano,03,Lombardia,Cremona,CR,istat-comuni
019056,Malagnino,03,Lombardia,Cremona,CR,istat-comuni
019057,Martignana di Po,03,Lombardia,Cremona,CR,istat-comuni
019058,Monte Cremasco,03,Lombardia,Cremona,CR,istat-comuni
019059,Montodine,03,Lombardia,Cremona,CR,istat-comuni
019060,Moscazzano,03,Lombardia,Cremona,CR,istat-comuni
019061,Motta Baluffi,03,Lombardia,Cremona,CR,istat-comuni
019062,Offanengo,03,Lombardia,Cremona,CR,istat-comuni
019063,Olmeneta,03,Lombardia,Cremona,CR,istat-comuni
019064,Ostiano,03,Lombardia,Cremona,CR,istat-comuni
019065,Paderno Ponchielli,03,Lombardia,Cremona,CR,istat-comuni
019066,Palazzo Pignano,03,Lombardia,Cremona,CR,istat-comuni
019067,Pandino,03,Lombardia,Cremona,CR,istat-comuni
019068,Persico Dosimo,03,Lombardia,Cremona,CR,istat-comuni
019069,Pescarolo ed Uniti,03,Lombardia,Cremona,CR,istat-comuni
019070,Pessina Cremonese,03,Lombardia,Cremona,CR,istat-comuni
019072,Pianengo,03,Lombardia,Cremona,CR,istat-comuni
019073,Pieranica,03,Lombardia,Cremona,CR,istat-comuni
019074,Pieve d'Olmi,03,Lombardia,Cremona,CR,istat-comuni
019075,Pieve San Giacomo,03,Lombardia,Cremona,CR,istat-comuni
019076,Pizzighettone,03,Lombardia,Cremona,CR,istat-comuni
019077,Pozzaglio ed Uniti,03,Lombardia,Cremona,CR,istat-comuni
019078,Quintano,03,Lombardia,Cremona,CR,istat-comuni
019079,Ricengo,03,Lombardia,Cremona,CR,istat-comuni
019080,Ripalta Arpina,03,Lombardia,Cremona,CR,istat-comuni
019081,Ripalta Cremasca,03,Lombardia,Cremona,CR,istat-comuni
019082,Ripalta Guerina,03,Lombardia,Cremona,CR,istat-comuni
019083,Rivarolo del Re ed Uniti,03,Lombardia,Cremona,CR,istat-comuni
019084,Rivolta d'Adda,03,Lombardia,Cremona,CR,istat-comuni
019085,Robecco d'Oglio,03,Lombardia,Cremona,CR,istat-comuni
019086,Romanengo,03,Lombardia,Cremona,CR,istat-comuni
019087,Salvirola,03,Lombardia,Cremona,CR,istat-comuni
019088,San Bassano,03,Lombardia,Cremona,CR,istat-comuni
019089,San Daniele Po,03,Lombardia,Cremona,CR,istat-comuni
019090,San Giovanni in Croce,03,Lombardia,Cremona,CR,istat-comuni
019091,San Martino del Lago,03,Lombardia,Cremona,CR,istat-comuni
019092,Scandolara Ravara,03,Lombardia,Cremona,CR,istat-comuni
019093,Scandolara Ripa d'Oglio,03,Lombardia,Cremona,CR,istat-comuni
019094,Sergnano,03,Lombardia,Cremona,CR,istat-comuni
019095,Sesto ed Uniti,03,Lombardia,Cremona,CR,istat-comuni
019096,Solarolo Rainerio,03,Lombardia,Cremona,CR,istat-comuni
019097,Soncino,03,Lombardia,Cremona,CR,istat-comuni
019098,Soresina,03,Lombardia,Cremona,CR,istat-comuni
019099,Sospiro,03,Lombardia,Cremona,CR,istat-comuni
019100,Spinadesco,03,Lombardia,Cremona,CR,istat-comuni
019101,Spineda,03,Lombardia,Cremona,CR,istat-comuni
019102,Spino d'Adda,03,Lombardia,Cremona,CR,istat-comuni
019103,Stagno Lombardo,03,Lombardia,Cremona,CR,istat-comuni
019104,Ticengo,03,Lombardia,Cremona,CR,istat-comuni
019105,Torlino Vimercati,03,Lombardia,Cremona,CR,istat-comuni
019106,Tornata,03,Lombardia,Cremona,CR,istat-comuni
019107,Torre de' Picenardi,03,Lombardia,Cremona,CR,istat-comuni
019108,Torricella del Pizzo,03,Lombardia,Cremona,CR,istat-comuni
019109,Trescore Cremasco,03,Lombardia,Cremona,CR,istat-comuni
019110,Trigolo,03,Lombardia,Cremona,CR,istat-comuni
019111,Vaiano Cremasco,03,Lombardia,Cremona,CR,istat-comuni
019112,Vailate,03,Lombardia,Cremona,CR,istat-comuni
019113,Vescovato,03,Lombardia,Cremona,CR,istat-comuni
019114,Volongo,03,Lombardia,Cremona,CR,istat-comuni
019115,Voltido,03,Lombardia,Cremona,CR,istat-comuni
019116,Piadena Drizzona,03,Lombardia,Cremona,CR,istat-comuni
020001,Acquanegra sul Chiese,03,Lombardia,Mantova,MN,istat-comuni
020002,Asola,03,Lombardia,Mantova,MN,istat-comuni
020003,Bagnolo San Vito,03,Lombardia,Mantova,MN,istat-comuni
020007,Bozzolo,03,Lombardia,Mantova,MN,istat-comuni
020008,Canneto sull'Oglio,03,Lombardia,Mantova,MN,istat-comuni
020010,Casalmoro,03,Lombardia,Mantova,MN,istat-comuni
020011,Casaloldo,03,Lombardia,Mantova,MN,istat-comuni
020012,Casalromano,03,Lombardia,Mantova,MN,istat-comuni
020013,Castelbelforte,03,Lombardia,Mantova,MN,istat-comuni
020014,Castel d'Ario,03,Lombardia,Mantova,MN,istat-comuni
020015,Castel Goffredo,03,Lombardia,Mantova,MN,istat-comuni
020016,Castellucchio,03,Lombardia,Mantova,MN,istat-comuni
020017,Castiglione delle Stiviere,03,Lombardia,Mantova,MN,istat-comuni
020018,Cavriana,03,Lombardia,Mantova,MN,istat-comuni
020019,Ceresara,03,Lombardia,Mantova,MN,istat-comuni
020020,Commessaggio,03,Lombardia,Mantova,MN,istat-comuni
020021,Curtatone,03,Lombardia,Mantova,MN,istat-comuni
020022,Dosolo,03,Lombardia,Mantova,MN,istat-comuni
020024,Gazoldo degli Ippoliti,03,Lombardia,Mantova,MN,istat-comuni
020025,Gazzuolo,03,Lombardia,Mantova,MN,istat-comuni
020026,Goito,03,Lombardia,Mantova,MN,istat-comuni
020027,Gonzaga,03,Lombardia,Mantova,MN,istat-comuni
020028,Guidizzolo,03,Lombardia,Mantova,MN,istat-comuni
020029,Magnacavallo,03,Lombardia,Mantova,MN,istat-comuni
020030,Mantova,03,Lombardia,Mantova,MN,istat-comuni
020031,Marcaria,03,Lombardia,Mantova,MN,istat-comuni
020032,Mariana Mantovana,03,Lombardia,Mantova,MN,istat-comuni
020033,Marmirolo,03,Lombardia,Mantova,MN,istat-comuni
020034,Medole,03,Lombardia,Mantova,MN,istat-comuni
020035,Moglia,03,Lombardia,Mantova,MN,istat-comuni
020036,Monzambano,03,Lombardia,Mantova,MN,istat-comuni
020037,Motteggiana,03,Lombardia,Mantova,MN,istat-comuni
020038,Ostiglia,03,Lombardia,Mantova,MN,istat-comuni
020039,Pegognaga,03,Lombardia,Mantova,MN,istat-comuni
020041,Piubega,03,Lombardia,Mantova,MN,istat-comuni
020042,Poggio Rusco,03,Lombardia,Mantova,MN,istat-comuni
020043,Pomponesco,03,Lombardia,Mantova,MN,istat-comuni
020044,Ponti sul Mincio,03,Lombardia,Mantova,MN,istat-comuni
020045,Porto Mantovano,03,Lombardia,Mantova,MN,istat-comuni
020046,Quingentole,03,Lombardia,Mantova,MN,istat-comuni
020047,Quistello,03,Lombardia,Mantova,MN,istat-comuni
020048,Redondesco,03,Lombardia,Mantova,MN,istat-comuni
020050,Rivarolo Mantovano,03,Lombardia,Mantova,MN,istat-comuni
020051,Rodigo,03,Lombardia,Mantova,MN,istat-comuni
020052,Roncoferraro,03,Lombardia,Mantova,MN,istat-comuni
020053,Roverbella,03,Lombardia,Mantova,MN,istat-comuni
020054,Sabbioneta,03,Lombardia,Mantova,MN,istat-comuni
020055,San Benedetto Po,03,Lombardia,Mantova,MN,istat-comuni
020056,San Giacomo delle Segnate,03,Lombardia,Mantova,MN,istat-comuni
020057,San Giorgio Bigarello,03,Lombardia,Mantova,MN,istat-comuni
020058,San Giovanni del Dosso,03,Lombardia,Mantova,MN,istat-comuni
020059,San Martino dall'Argine,03,Lombardia,Mantova,MN,istat-comuni
020060,Schivenoglia,03,Lombardia,Mantova,MN,istat-comuni
020061,Sermide e Felonica,03,Lombardia,Mantova,MN,istat-comuni
020062,Serravalle a Po,03,Lombardia,Mantova,MN,istat-comuni
020063,Solferino,03,Lombardia,Mantova,MN,istat-comuni
020064,Sustinente,03,Lombardia,Mantova,MN,istat-comuni
020065,Suzzara,03,Lombardia,Mantova,MN,istat-comuni
020066,Viadana,03,Lombardia,Mantova,MN,istat-comuni
020068,Villimpenta,03,Lombardia,Mantova,MN,istat-comuni
020070,Volta Mantovana,03,Lombardia,Mantova,MN,istat-comuni
020071,Borgo Virgilio,03,Lombardia,Mantova,MN,istat-comuni
020072,Borgo Mantovano,03,Lombardia,Mantova,MN,istat-comuni
020073,Borgocarbonara,03,Lombardia,Mantova,MN,istat-comuni
021001,Aldino,04,Trentino-Alto Adige/Südtirol,Bolzano/Bozen,BZ,istat-comuni
021002,Andriano,04,Trentino-Alto Adige/Südtirol,Bolzano/Bozen,BZ,istat-comuni
021003,Anterivo,04,Trentino-Alto Adige/Südtirol,Bolzano/Bozen,BZ,istat-comuni
021004,Appiano sulla strada del vino,04,Trentino-Alto Adige/Südtirol,Bolzano/Bozen,BZ,istat-comuni
021005,Avelengo,04,Trentino-Alto Adige/Südtirol,Bolzano/Bozen,BZ,istat-comuni
021006,Badia,04,Trentino-Alto Adige/Südtirol,Bolzano/Bozen,BZ,istat-comuni
021007,Barbiano,04,Trentino-Alto Adige/Südtirol,Bolzano/Bozen,BZ,istat-comuni
021008,Bolzano,04,Trentino-Alto Adige/Südtirol,Bolzano/Bozen,BZ,istat-comuni
021009,Braies,04,Trentino-Alto Adige/Südtirol,Bolzano/Bozen,BZ,istat-comuni
021010,Brennero,04,Trentino-Alto Adige/Südtirol,Bolzano/Bozen,BZ,istat-comuni
021011,Bressanone,04,Trentino-Alto Adige/Südtirol,Bolzano/Bozen,BZ,istat-comuni
021012,Bronzolo,04,Trentino-Alto Adige/Südtirol,Bolzano/Bozen,BZ,istat-comuni
021013,Brunico,04,Trentino-Alto Adige/Südtirol,Bolzano/Bozen,BZ,istat-comuni
021014,Caines,04,Trentino-Alto Adige/Südtirol,Bolzano/Bozen,BZ,istat-comuni
021015,Caldaro sulla strada del vino,04,Trentino-Alto Adige/Südtirol,Bolzano/Bozen,BZ,istat-comuni
021016,Campo di Trens,04,Trentino-Alto Adige/Südtirol,Bolzano/Bozen,BZ,istat-comuni
021017,Campo Tures,04,Trentino-Alto Adige/Südtirol,Bolzano/Bozen,BZ,istat-comuni
021018,Castelbello-Ciardes,04,Trentino-Alto Adige/Südtirol,Bolzano/Bozen,BZ,istat-comuni
021019,Castelrotto,04,Trentino-Alto Adige/Südtirol,Bolzano/Bozen,BZ,istat-comuni
021020,Cermes,04,Trentino-Alto Adige/Südtirol,Bolzano/Bozen,BZ,istat-comuni
021021,Chienes,04,Trentino-Alto Adige/Südtirol,Bolzano/Bozen,BZ,istat-comuni
021022,Chiusa,04,Trentino-Alto Adige/Südtirol,Bolzano/Bozen,BZ,istat-comuni
021023,Cornedo all'Isarco,04,Trentino-Alto Adige/Südtirol,Bolzano/Bozen,BZ,istat-comuni
021024,Cortaccia sulla strada del vino,04,Trentino-Alto Adige/Südtirol,Bolzano/Bozen,BZ,istat-comuni
021025,Cortina sulla strada del vino,04,Trentino-Alto Adige/Südtirol,Bolzano/Bozen,BZ,istat-comuni
021026,Corvara in Badia,04,Trentino-Alto Adige/Südtirol,Bolzano/Bozen,BZ,istat-comuni
021027,Curon Venosta,04,Trentino-Alto Adige/Südtirol,Bolzano/Bozen,BZ,istat-comuni
021028,Dobbiaco,04,Trentino-Alto Adige/Südtirol,Bolzano/Bozen,BZ,istat-comuni
021029,Egna,04,Trentino-Alto Adige/Südtirol,Bolzano/Bozen,BZ,istat-comuni
021030,Falzes,04,Trentino-Alto Adige/Südtirol,Bolzano/Bozen,BZ,istat-comuni
021031,Fiè allo Sciliar,04,Trentino-Alto Adige/Südtirol,Bolzano/Bozen,BZ,istat-comuni
021032,Fortezza,04,Trentino-Alto Adige/Südtirol,Bolzano/Bozen,BZ,istat-comuni
021033,Funes,04,Trentino-Alto Adige/Südtirol,Bolzano/Bozen,BZ,istat-comuni
021034,Gais,04,Trentino-Alto Adige/Südtirol,Bolzano/Bozen,BZ,istat-comuni
021035,Gargazzone,04,Trentino-Alto Adige/Südtirol,Bolzano/Bozen,BZ,istat-comuni
021036,Glorenza,04,Trentino-Alto Adige/Südtirol,Bolzano/Bozen,BZ,istat-comuni
021037,Laces,04,Trentino-Alto Adige/Südtirol,Bolzano/Bozen,BZ,istat-comuni
021038,Lagundo,04,Trentino-Alto Adige/Südtirol,Bolzano/Bozen,BZ,istat-comuni
021039,Laion,04,Trentino-Alto Adige/Südtirol,Bolzano/Bozen,BZ,istat-comuni
021040,Laives,04,Trentino-Alto Adige/Südtirol,Bolzano/Bozen,BZ,istat-comuni
021041,Lana,04,Trentino-Alto Adige/Südtirol,Bolzano/Bozen,BZ,istat-comuni
021042,Lasa,04,Trentino-Alto Adige/Südtirol,Bolzano/Bozen,BZ,istat-comuni
021043,Lauregno,04,Trentino-Alto Adige/Südtirol,Bolzano/Bozen,BZ,istat-comuni
021044,Luson,04,Trentino-Alto Adige/Südtirol,Bolzano/Bozen,BZ,istat-comuni
021045,Magrè sulla strada del vino,04,Trentino-Alto Adige/Südtirol,Bolzano/Bozen,BZ,istat-comuni
021046,Malles Venosta,04,Trentino-Alto Adige/Südtirol,Bolzano/Bozen,BZ,istat-comuni
021047,Marebbe,04,Trentino-Alto Adige/Südtirol,Bolzano/Bozen,BZ,istat-comuni
021048,Marlengo,04,Trentino-Alto Adige/Südtirol,Bolzano/Bozen,BZ,istat-comuni
021049,Martello,04,Trentino-Alto Adige/Südtirol,Bolzano/Bozen,BZ,istat-comuni
021050,Meltina,04,Trentino-Alto Adige/Südtirol,Bolzano/Bozen,BZ,istat-comuni
021051,Merano,04,Trentino-Alto Adige/Südtirol,Bolzano/Bozen,BZ,istat-comuni
021052,Monguelfo-Tesido,04,Trentino-Alto Adige/Südtirol,Bolzano/Bozen,BZ,istat-comuni
021053,Montagna sulla strada del vino,04,Trentino-Alto Adige/Südtirol,Bolzano/Bozen,BZ,istat-comuni
021054,Moso in Passiria,04,Trentino-Alto Adige/Südtirol,Bolzano/Bozen,BZ,istat-comuni
021055,Nalles,04,Trentino-Alto Adige/Südtirol,Bolzano/Bozen,BZ,istat-comuni
021056,Naturno,04,Trentino-Alto Adige/Südtirol,Bolzano/Bozen,BZ,istat-comuni
021057,Naz-Sciaves,04,Trentino-Alto Adige/Südtirol,Bolzano/Bozen,BZ,istat-comuni
021058,Nova Levante,04,Trentino-Alto Adige/Südtirol,Bolzano/Bozen,BZ,istat-comuni
021059,Nova Ponente,04,Trentino-Alto Adige/Südtirol,Bolzano/Bozen,BZ,istat-comuni
021060,Ora,04,Trentino-Alto Adige/Südtirol,Bolzano/Bozen,BZ,istat-comuni
021061,Ortisei,04,Trentino-Alto Adige/Südtirol,Bolzano/Bozen,BZ,istat-comuni
021062,Parcines,04,Trentino-Alto Adige/Südtirol,Bolzano/Bozen,BZ,istat-comuni
021063,Perca,04,Trentino-Alto Adige/Südtirol,Bolzano/Bozen,BZ,istat-comuni
021064,Plaus,04,Trentino-Alto Adige/Südtirol,Bolzano/Bozen,BZ,istat-comuni
021065,Ponte Gardena,04,Trentino-Alto Adige/Südtirol,Bolzano/Bozen,BZ,istat-comuni
021066,Postal,04,Trentino-Alto Adige/Südtirol,Bolzano/Bozen,BZ,istat-comuni
021067,Prato allo Stelvio,04,Trentino-Alto Adige/Südtirol,Bolzano/Bozen,BZ,istat-comuni
021068,Predoi,04,Trentino-Alto Adige/Südtirol,Bolzano/Bozen,BZ,istat-comuni
021069,Proves,04,Trentino-Alto Adige/Südtirol,Bolzano/Bozen,BZ,istat-comuni
021070,Racines,04,Trentino-Alto Adige/Südtirol,Bolzano/Bozen,BZ,istat-comuni
021071,Rasun-Anterselva,04,Trentino-Alto Adige/Südtirol,Bolzano/Bozen,BZ,istat-comuni
021072,Renon,04,Trentino-Alto Adige/Südtirol,Bolzano/Bozen,BZ,istat-comuni
021073,Rifiano,04,Trentino-Alto Adige/Südtirol,Bolzano/Bozen,BZ,istat-comuni
021074,Rio di Pusteria,04,Trentino-Alto Adige/Südtirol,Bolzano/Bozen,BZ,istat-comuni
021075,Rodengo,04,Trentino-Alto Adige/Südtirol,Bolzano/Bozen,BZ,istat-comuni
021076,Salorno sulla strada del vino,04,Trentino-Alto Adige/Südtirol,Bolzano/Bozen,BZ,istat-comuni
021077,San Candido,04,Trentino-Alto Adige/Südtirol,Bolzano/Bozen,BZ,istat-comuni
021079,San Genesio Atesino,04,Trentino-Alto Adige/Südtirol,Bolzano/Bozen,BZ,istat-comuni
021080,San Leonardo in Passiria,04,Trentino-Alto Adige/Südtirol,Bolzano/Bozen,BZ,istat-comuni
021081,San Lorenzo di Sebato,04,Trentino-Alto Adige/Südtirol,Bolzano/Bozen,BZ,istat-comuni
021082,San Martino in Badia,04,Trentino-Alto Adige/Südtirol,Bolzano/Bozen,BZ,istat-comuni
021083,San Martino in Passiria,04,Trentino-Alto Adige/Südtirol,Bolzano/Bozen,BZ,istat-comuni
021084,San Pancrazio,04,Trentino-Alto Adige/Südtirol,Bolzano/Bozen,BZ,istat-comuni
021085,Santa Cristina Valgardena,04,Trentino-Alto Adige/Südtirol,Bolzano/Bozen,BZ,istat-comuni
021086,Sarentino,04,Trentino-Alto Adige/Südtirol,Bolzano/Bozen,BZ,istat-comuni
021087,Scena,04,Trentino-Alto Adige/Südtirol,Bolzano/Bozen,BZ,istat-comuni
021088,Selva dei Molini,04,Trentino-Alto Adige/Südtirol,Bolzano/Bozen,BZ,istat-comuni
021089,Selva di Val Gardena,04,Trentino-Alto Adige/Südtirol,Bolzano/Bozen,BZ,istat-comuni
021091,Senales,04,Trentino-Alto Adige/Südtirol,Bolzano/Bozen,BZ,istat-comuni
021092,Sesto,04,Trentino-Alto Adige/Südtirol,Bolzano/Bozen,BZ,istat-comuni
021093,Silandro,04,Trentino-Alto Adige/Südtirol,Bolzano/Bozen,BZ,istat-comuni
021094,Sluderno,04,Trentino-Alto Adige/Südtirol,Bolzano/Bozen,BZ,istat-comuni
021095,Stelvio,04,Trentino-Alto Adige/Südtirol,Bolzano/Bozen,BZ,istat-comuni
021096,Terento,04,Trentino-Alto Adige/Südtirol,Bolzano/Bozen,BZ,istat-comuni
021097,Terlano,04,Trentino-Alto Adige/Südtirol,Bolzano/Bozen,BZ,istat-comuni
021098,Termeno sulla strada del vino,04,Trentino-Alto Adige/Südtirol,Bolzano/Bozen,BZ,istat-comuni
021099,Tesimo,04,Trentino-Alto Adige/Südtirol,Bolzano/Bozen,BZ,istat-comuni
021100,Tires,04,Trentino-Alto Adige/Südtirol,Bolzano/Bozen,BZ,istat-comuni
021101,Tirolo,04,Trentino-Alto Adige/Südtirol,Bolzano/Bozen,BZ,istat-comuni
021102,Trodena nel parco naturale,04,Trentino-Alto Adige/Südtirol,Bolzano/Bozen,BZ,istat-comuni
021103,Tubre,04,Trentino-Alto Adige/Südtirol,Bolzano/Bozen,BZ,istat-comuni
021104,Ultimo,04,Trentino-Alto Adige/Südtirol,Bolzano/Bozen,BZ,istat-comuni
021105,Vadena,04,Trentino-Alto Adige/Südtirol,Bolzano/Bozen,BZ,istat-comuni
021106,Valdaora,04,Trentino-Alto Adige/Südtirol,Bolzano/Bozen,BZ,istat-comuni
021107,Val di Vizze,04,Trentino-Alto Adige/Südtirol,Bolzano/Bozen,BZ,istat-comuni
021108,Valle Aurina,04,Trentino-Alto Adige/Südtirol,Bolzano/Bozen,BZ,istat-comuni
021109,Valle di Casies,04,Trentino-Alto Adige/Südtirol,Bolzano/Bozen,BZ,istat-comuni
021110,Vandoies,04,Trentino-Alto Adige/Südtirol,Bolzano/Bozen,BZ,istat-comuni
021111,Varna,04,Trentino-Alto Adige/Südtirol,Bolzano/Bozen,BZ,istat-comuni
021112,Verano,04,Trentino-Alto Adige/Südtirol,Bolzano/Bozen,BZ,istat-comuni
021113,Villabassa,04,Trentino-Alto Adige/Südtirol,Bolzano/Bozen,BZ,istat-comuni
021114,Villandro,04,Trentino-Alto Adige/Südtirol,Bolzano/Bozen,BZ,istat-comuni
021115,Vipiteno,04,Trentino-Alto Adige/Südtirol,Bolzano/Bozen,BZ,istat-comuni
021116,Velturno,04,Trentino-Alto Adige/Südtirol,Bolzano/Bozen,BZ,istat-comuni
021117,La Valle,04,Trentino-Alto Adige/Südtirol,Bolzano/Bozen,BZ,istat-comuni
021118,Senale-San Felice,04,Trentino-Alto Adige/Südtirol,Bolzano/Bozen,BZ,istat-comuni
022001,Ala,04,Trentino-Alto Adige/Südtirol,Trento,TN,istat-comuni
022002,Albiano,04,Trentino-Alto Adige/Südtirol,Trento,TN,istat-comuni
022003,Aldeno,04,Trentino-Alto Adige/Südtirol,Trento,TN,istat-comuni
022005,Andalo,04,Trentino-Alto Adige/Südtirol,Trento,TN,istat-comuni
022006,Arco,04,Trentino-Alto Adige/Südtirol,Trento,TN,istat-comuni
022007,Avio,04,Trentino-Alto Adige/Südtirol,Trento,TN,istat-comuni
022009,Baselga di Pinè,04,Trentino-Alto Adige/Südtirol,Trento,TN,istat-comuni
022011,Bedollo,04,Trentino-Alto Adige/Südtirol,Trento,TN,istat-comuni
022013,Besenello,04,Trentino-Alto Adige/Südtirol,Trento,TN,istat-comuni
022015,Bieno,04,Trentino-Alto Adige/Südtirol,Trento,TN,istat-comuni
022017,Bleggio Superiore,04,Trentino-Alto Adige/Südtirol,Trento,TN,istat-comuni
022018,Bocenago,04,Trentino-Alto Adige/Südtirol,Trento,TN,istat-comuni
022021,Bondone,04,Trentino-Alto Adige/Südtirol,Trento,TN,istat-comuni
022022,Borgo Valsugana,04,Trentino-Alto Adige/Südtirol,Trento,TN,istat-comuni
022025,Brentonico,04,Trentino-Alto Adige/Südtirol,Trento,TN,istat-comuni
022026,Bresimo,04,Trentino-Alto Adige/Südtirol,Trento,TN,istat-comuni
022029,Caderzone Terme,04,Trentino-Alto Adige/Südtirol,Trento,TN,istat-comuni
022032,Calceranica al Lago,04,Trentino-Alto Adige/Südtirol,Trento,TN,istat-comuni
022033,Caldes,04,Trentino-Alto Adige/Südtirol,Trento,TN,istat-comuni
022034,Caldonazzo,04,Trentino-Alto Adige/Südtirol,Trento,TN,istat-comuni
022035,Calliano,04,Trentino-Alto Adige/Südtirol,Trento,TN,istat-comuni
022036,Campitello di Fassa,04,Trentino-Alto Adige/Südtirol,Trento,TN,istat-comuni
022037,Campodenno,04,Trentino-Alto Adige/Südtirol,Trento,TN,istat-comuni
022038,Canal San Bovo,04,Trentino-Alto Adige/Südtirol,Trento,TN,istat-comuni
022039,Canazei,04,Trentino-Alto Adige/Südtirol,Trento,TN,istat-comuni
022040,Capriana,04,Trentino-Alto Adige/Südtirol,Trento,TN,istat-comuni
022042,Carisolo,04,Trentino-Alto Adige/Südtirol,Trento,TN,istat-comuni
022043,Carzano,04,Trentino-Alto Adige/Südtirol,Trento,TN,istat-comuni
022045,Castel Condino,04,Trentino-Alto Adige/Südtirol,Trento,TN,istat-comuni
022047,Castello-Molina di Fiemme,04,Trentino-Alto Adige/Südtirol,Trento,TN,istat-comuni
022048,Castello Tesino,04,Trentino-Alto Adige/Südtirol,Trento,TN,istat-comuni
022049,Castelnuovo,04,Trentino-Alto Adige/Südtirol,Trento,TN,istat-comuni
022050,Cavalese,04,Trentino-Alto Adige/Südtirol,Trento,TN,istat-comuni
022051,Cavareno,04,Trentino-Alto Adige/Südtirol,Trento,TN,istat-comuni
022052,Cavedago,04,Trentino-Alto Adige/Südtirol,Trento,TN,istat-comuni
022053,Cavedine,04,Trentino-Alto Adige/Südtirol,Trento,TN,istat-comuni
022054,Cavizzana,04,Trentino-Alto Adige/Südtirol,Trento,TN,istat-comuni
022058,Cimone,04,Trentino-Alto Adige/Südtirol,Trento,TN,istat-comuni
022059,Cinte Tesino,04,Trentino-Alto Adige/Südtirol,Trento,TN,istat-comuni
022060,Cis,04,Trentino-Alto Adige/Südtirol,Trento,TN,istat-comuni
022061,Civezzano,04,Trentino-Alto Adige/Südtirol,Trento,TN,istat-comuni
022062,Cles,04,Trentino-Alto Adige/Südtirol,Trento,TN,istat-comuni
022064,Commezzadura,04,Trentino-Alto Adige/Südtirol,Trento,TN,istat-comuni
022068,Croviana,04,Trentino-Alto Adige/Südtirol,Trento,TN,istat-comuni
022071,Dambel,04,Trentino-Alto Adige/Südtirol,Trento,TN,istat-comuni
022074,Denno,04,Trentino-Alto Adige/Südtirol,Trento,TN,istat-comuni
022078,Drena,04,Trentino-Alto Adige/Südtirol,Trento,TN,istat-comuni
022079,Dro,04,Trentino-Alto Adige/Südtirol,Trento,TN,istat-comuni
022081,Fai della Paganella,04,Trentino-Alto Adige/Südtirol,Trento,TN,istat-comuni
022083,Fiavè,04,Trentino-Alto Adige/Südtirol,Trento,TN,istat-comuni
022085,Fierozzo,04,Trentino-Alto Adige/Südtirol,Trento,TN,istat-comuni
022087,Folgaria,04,Trentino-Alto Adige/Südtirol,Trento,TN,istat-comuni
022089,Fornace,04,Trentino-Alto Adige/Südtirol,Trento,TN,istat-comuni
022090,Frassilongo,04,Trentino-Alto Adige/Südtirol,Trento,TN,istat-comuni
022091,Garniga Terme,04,Trentino-Alto Adige/Südtirol,Trento,TN,istat-comuni
022092,Giovo,04,Trentino-Alto Adige/Südtirol,Trento,TN,istat-comuni
022093,Giustino,04,Trentino-Alto Adige/Südtirol,Trento,TN,istat-comuni
022095,Grigno,04,Trentino-Alto Adige/Südtirol,Trento,TN,istat-comuni
022097,Imer,04,Trentino-Alto Adige/Südtirol,Trento,TN,istat-comuni
022098,Isera,04,Trentino-Alto Adige/Südtirol,Trento,TN,istat-comuni
022102,Lavarone,04,Trentino-Alto Adige/Südtirol,Trento,TN,istat-comuni
022103,Lavis,04,Trentino-Alto Adige/Südtirol,Trento,TN,istat-comuni
022104,Levico Terme,04,Trentino-Alto Adige/Südtirol,Trento,TN,istat-comuni
022106,Livo,04,Trentino-Alto Adige/Südtirol,Trento,TN,istat-comuni
022108,Lona-Lases,04,Trentino-Alto Adige/Südtirol,Trento,TN,istat-comuni
022109,Luserna,04,Trentino-Alto Adige/Südtirol,Trento,TN,istat-comuni
022110,Malé,04,Trentino-Alto Adige/Südtirol,Trento,TN,istat-comuni
022112,Massimeno,04,Trentino-Alto Adige/Südtirol,Trento,TN,istat-comuni
022113,Mazzin,04,Trentino-Alto Adige/Südtirol,Trento,TN,istat-comuni
022114,Mezzana,04,Trentino-Alto Adige/Südtirol,Trento,TN,istat-comuni
022115,Mezzano,04,Trentino-Alto Adige/Südtirol,Trento,TN,istat-comuni
022116,Mezzocorona,04,Trentino-Alto Adige/Südtirol,Trento,TN,istat-comuni
022117,Mezzolombardo,04,Trentino-Alto Adige/Südtirol,Trento,TN,istat-comuni
022118,Moena,04,Trentino-Alto Adige/Südtirol,Trento,TN,istat-comuni
022120,Molveno,04,Trentino-Alto Adige/Südtirol,Trento,TN,istat-comuni
022123,Mori,04,Trentino-Alto Adige/Südtirol,Trento,TN,istat-comuni
022124,Nago-Torbole,04,Trentino-Alto Adige/Südtirol,Trento,TN,istat-comuni
022127,Nogaredo,04,Trentino-Alto Adige/Südtirol,Trento,TN,istat-comuni
022128,Nomi,04,Trentino-Alto Adige/Südtirol,Trento,TN,istat-comuni
022129,Novaledo,04,Trentino-Alto Adige/Südtirol,Trento,TN,istat-comuni
022130,Ospedaletto,04,Trentino-Alto Adige/Südtirol,Trento,TN,istat-comuni
022131,Ossana,04,Trentino-Alto Adige/Südtirol,Trento,TN,istat-comuni
022133,Palù del Fersina,04,Trentino-Alto Adige/Südtirol,Trento,TN,istat-comuni
022134,Panchià,04,Trentino-Alto Adige/Südtirol,Trento,TN,istat-comuni
022135,Ronzo-Chienis,04,Trentino-Alto Adige/Südtirol,Trento,TN,istat-comuni
022136,Peio,04,Trentino-Alto Adige/Südtirol,Trento,TN,istat-comuni
022137,Pellizzano,04,Trentino-Alto Adige/Südtirol,Trento,TN,istat-comuni
022138,Pelugo,04,Trentino-Alto Adige/Südtirol,Trento,TN,istat-comuni
022139,Pergine Valsugana,04,Trentino-Alto Adige/Südtirol,Trento,TN,istat-comuni
022142,Pieve Tesino,04,Trentino-Alto Adige/Südtirol,Trento,TN,istat-comuni
022143,Pinzolo,04,Trentino-Alto Adige/Südtirol,Trento,TN,istat-comuni
022144,Pomarolo,04,Trentino-Alto Adige/Südtirol,Trento,TN,istat-comuni
022147,Predazzo,04,Trentino-Alto Adige/Südtirol,Trento,TN,istat-comuni
022150,Rabbi,04,Trentino-Alto Adige/Südtirol,Trento,TN,istat-comuni
022153,Riva del Garda,04,Trentino-Alto Adige/Südtirol,Trento,TN,istat-comuni
022155,Romeno,04,Trentino-Alto Adige/Südtirol,Trento,TN,istat-comuni
022156,Roncegno Terme,04,Trentino-Alto Adige/Südtirol,Trento,TN,istat-comuni
022157,Ronchi Valsugana,04,Trentino-Alto Adige/Südtirol,Trento,TN,istat-comuni
022159,Ronzone,04,Trentino-Alto Adige/Südtirol,Trento,TN,istat-comuni
022160,Roverè della Luna,04,Trentino-Alto Adige/Südtirol,Trento,TN,istat-comuni
022161,Rovereto,04,Trentino-Alto Adige/Südtirol,Trento,TN,istat-comuni
022162,Ruffrè-Mendola,04,Trentino-Alto Adige/Südtirol,Trento,TN,istat-comuni
022163,Rumo,04,Trentino-Alto Adige/Südtirol,Trento,TN,istat-comuni
022164,Sagron Mis,04,Trentino-Alto Adige/Südtirol,Trento,TN,istat-comuni
022165,Samone,04,Trentino-Alto Adige/Südtirol,Trento,TN,istat-comuni
022167,San Michele all'Adige,04,Trentino-Alto Adige/Südtirol,Trento,TN,istat-comuni
022168,Sant'Orsola Terme,04,Trentino-Alto Adige/Südtirol,Trento,TN,istat-comuni
022169,Sanzeno,04,Trentino-Alto Adige/Südtirol,Trento,TN,istat-comuni
022170,Sarnonico,04,Trentino-Alto Adige/Südtirol,Trento,TN,istat-comuni
022171,Scurelle,04,Trentino-Alto Adige/Südtirol,Trento,TN,istat-comuni
022172,Segonzano,04,Trentino-Alto Adige/Südtirol,Trento,TN,istat-comuni
022173,Sfruz,04,Trentino-Alto Adige/Südtirol,Trento,TN,istat-comuni
022176,Soraga di Fassa,04,Trentino-Alto Adige/Südtirol,Trento,TN,istat-comuni
022177,Sover,04,Trentino-Alto Adige/Südtirol,Trento,TN,istat-comuni
022179,Spiazzo,04,Trentino-Alto Adige/Südtirol,Trento,TN,istat-comuni
022180,Spormaggiore,04,Trentino-Alto Adige/Südtirol,Trento,TN,istat-comuni
022181,Sporminore,04,Trentino-Alto Adige/Südtirol,Trento,TN,istat-comuni
022182,Stenico,04,Trentino-Alto Adige/Südtirol,Trento,TN,istat-comuni
022183,Storo,04,Trentino-Alto Adige/Südtirol,Trento,TN,istat-comuni
022184,Strembo,04,Trentino-Alto Adige/Südtirol,Trento,TN,istat-comuni
022188,Telve,04,Trentino-Alto Adige/Südtirol,Trento,TN,istat-comuni
022189,Telve di Sopra,04,Trentino-Alto Adige/Südtirol,Trento,TN,istat-comuni
022190,Tenna,04,Trentino-Alto Adige/Südtirol,Trento,TN,istat-comuni
022191,Tenno,04,Trentino-Alto Adige/Südtirol,Trento,TN,istat-comuni
022193,Terragnolo,04,Trentino-Alto Adige/Südtirol,Trento,TN,istat-comuni
022195,Terzolas,04,Trentino-Alto Adige/Südtirol,Trento,TN,istat-comuni
022196,Tesero,04,Trentino-Alto Adige/Südtirol,Trento,TN,istat-comuni
022199,Tione di Trento,04,Trentino-Alto Adige/Südtirol,Trento,TN,istat-comuni
022200,Ton,04,Trentino-Alto Adige/Südtirol,Trento,TN,istat-comuni
022202,Torcegno,04,Trentino-Alto Adige/Südtirol,Trento,TN,istat-comuni
022203,Trambileno,04,Trentino-Alto Adige/Südtirol,Trento,TN,istat-comuni
022205,Trento,04,Trentino-Alto Adige/Südtirol,Trento,TN,istat-comuni
022209,Valfloriana,04,Trentino-Alto Adige/Südtirol,Trento,TN,istat-comuni
022210,Vallarsa,04,Trentino-Alto Adige/Südtirol,Trento,TN,istat-comuni
022213,Vermiglio,04,Trentino-Alto Adige/Südtirol,Trento,TN,istat-comuni
022216,Vignola-Falesina,04,Trentino-Alto Adige/Südtirol,Trento,TN,istat-comuni
022222,Villa Lagarina,04,Trentino-Alto Adige/Südtirol,Trento,TN,istat-comuni
022224,Volano,04,Trentino-Alto Adige/Südtirol,Trento,TN,istat-comuni
022226,Ziano di Fiemme,04,Trentino-Alto Adige/Südtirol,Trento,TN,istat-comuni
022228,Comano Terme,04,Trentino-Alto Adige/Südtirol,Trento,TN,istat-comuni
022229,Ledro,04,Trentino-Alto Adige/Südtirol,Trento,TN,istat-comuni
022230,Predaia,04,Trentino-Alto Adige/Südtirol,Trento,TN,istat-comuni
022231,San Lorenzo Dorsino,04,Trentino-Alto Adige/Südtirol,Trento,TN,istat-comuni
022232,Valdaone,04,Trentino-Alto Adige/Südtirol,Trento,TN,istat-comuni
022233,Dimaro Folgarida,04,Trentino-Alto Adige/Südtirol,Trento,TN,istat-comuni
022234,Pieve di Bono-Prezzo,04,Trentino-Alto Adige/Südtirol,Trento,TN,istat-comuni
022235,Altavalle,04,Trentino-Alto Adige/Südtirol,Trento,TN,istat-comuni
022236,Altopiano della Vigolana,04,Trentino-Alto Adige/Südtirol,Trento,TN,istat-comuni
022237,Amblar-Don,04,Trentino-Alto Adige/Südtirol,Trento,TN,istat-comuni
022238,Borgo Chiese,04,Trentino-Alto Adige/Südtirol,Trento,TN,istat-comuni
022239,Borgo Lares,04,Trentino-Alto Adige/Südtirol,Trento,TN,istat-comuni
022240,Castel Ivano,04,Trentino-Alto Adige/Südtirol,Trento,TN,istat-comuni
022241,Cembra Lisignago,04,Trentino-Alto Adige/Südtirol,Trento,TN,istat-comuni
022242,Contà,04,Trentino-Alto Adige/Südtirol,Trento,TN,istat-comuni
022243,Madruzzo,04,Trentino-Alto Adige/Südtirol,Trento,TN,istat-comuni
022244,Porte di Rendena,04,Trentino-Alto Adige/Südtirol,Trento,TN,istat-comuni
022245,Primiero San Martino di Castrozza,04,Trentino-Alto Adige/Südtirol,Trento,TN,istat-comuni
022246,Sella Giudicarie,04,Trentino-Alto Adige/Südtirol,Trento,TN,istat-comuni
022247,Tre Ville,04,Trentino-Alto Adige/Südtirol,Trento,TN,istat-comuni
022248,Vallelaghi,04,Trentino-Alto Adige/Südtirol,Trento,TN,istat-comuni
022249,Ville d'Anaunia,04,Trentino-Alto Adige/Südtirol,Trento,TN,istat-comuni
022250,San Giovanni di Fassa,04,Trentino-Alto Adige/Südtirol,Trento,TN,istat-comuni
022251,Terre d'Adige,04,Trentino-Alto Adige/Südtirol,Trento,TN,istat-comuni
022252,Borgo d'Anaunia,04,Trentino-Alto Adige/Südtirol,Trento,TN,istat-comuni
022253,Novella,04,Trentino-Alto Adige/Südtirol,Trento,TN,istat-comuni
022254,Ville di Fiemme,04,Trentino-Alto Adige/Südtirol,Trento,TN,istat-comuni
023001,Affi,05,Veneto,Verona,VR,istat-comuni
023002,Albaredo d'Adige,05,Veneto,Verona,VR,istat-comuni
023003,Angiari,05,Veneto,Verona,VR,istat-comuni
023004,Arcole,05,Veneto,Verona,VR,istat-comuni
023005,Badia Calavena,05,Veneto,Verona,VR,istat-comuni
023006,Bardolino,05,Veneto,Verona,VR,istat-comuni
023007,Belfiore,05,Veneto,Verona,VR,istat-comuni
023008,Bevilacqua,05,Veneto,Verona,VR,istat-comuni
023009,Bonavigo,05,Veneto,Verona,VR,istat-comuni
023010,Boschi Sant'Anna,05,Veneto,Verona,VR,istat-comuni
023011,Bosco Chiesanuova,05,Veneto,Verona,VR,istat-comuni
023012,Bovolone,05,Veneto,Verona,VR,istat-comuni
023013,Brentino Belluno,05,Veneto,Verona,VR,istat-comuni
023014,Brenzone sul Garda,05,Veneto,Verona,VR,istat-comuni
023015,Bussolengo,05,Veneto,Verona,VR,istat-comuni
023016,Buttapietra,05,Veneto,Verona,VR,istat-comuni
023017,Caldiero,05,Veneto,Verona,VR,istat-comuni
023018,Caprino Veronese,05,Veneto,Verona,VR,istat-comuni
023019,Casaleone,05,Veneto,Verona,VR,istat-comuni
023020,Castagnaro,05,Veneto,Verona,VR,istat-comuni
023021,Castel d'Azzano,05,Veneto,Verona,VR,istat-comuni
023022,Castelnuovo del Garda,05,Veneto,Verona,VR,istat-comuni
023023,Cavaion Veronese,05,Veneto,Verona,VR,istat-comuni
023024,Cazzano di Tramigna,05,Veneto,Verona,VR,istat-comuni
023025,Cerea,05,Veneto,Verona,VR,istat-comuni
023026,Cerro Veronese,05,Veneto,Verona,VR,istat-comuni
023027,Cologna Veneta,05,Veneto,Verona,VR,istat-comuni
023028,Colognola ai Colli,05,Veneto,Verona,VR,istat-comuni
023029,Concamarise,05,Veneto,Verona,VR,istat-comuni
023030,Costermano sul Garda,05,Veneto,Verona,VR,istat-comuni
023031,Dolcè,05,Veneto,Verona,VR,istat-comuni
023032,Erbè,05,Veneto,Verona,VR,istat-comuni
023033,Erbezzo,05,Veneto,Verona,VR,istat-comuni
023034,Ferrara di Monte Baldo,05,Veneto,Verona,VR,istat-comuni
023035,Fumane,05,Veneto,Verona,VR,istat-comuni
023036,Garda,05,Veneto,Verona,VR,istat-comuni
023037,Gazzo Veronese,05,Veneto,Verona,VR,istat-comuni
023038,Grezzana,05,Veneto,Verona,VR,istat-comuni
023039,Illasi,05,Veneto,Verona,VR,istat-comuni
023040,Isola della Scala,05,Veneto,Verona,VR,istat-comuni
023041,Isola Rizza,05,Veneto,Verona,VR,istat-comuni
023042,Lavagno,05,Veneto,Verona,VR,istat-comuni
023043,Lazise,05,Veneto,Verona,VR,istat-comuni
023044,Legnago,05,Veneto,Verona,VR,istat-comuni
023045,Malcesine,05,Veneto,Verona,VR,istat-comuni
023046,Marano di Valpolicella,05,Veneto,Verona,VR,istat-comuni
023047,Mezzane di Sotto,05,Veneto,Verona,VR,istat-comuni
023048,Minerbe,05,Veneto,Verona,VR,istat-comuni
023049,Montecchia di Crosara,05,Veneto,Verona,VR,istat-comuni
023050,Monteforte d'Alpone,05,Veneto,Verona,VR,istat-comuni
023051,Mozzecane,05,Veneto,Verona,VR,istat-comuni
023052,Negrar di Valpolicella,05,Veneto,Verona,VR,istat-comuni
023053,Nogara,05,Veneto,Verona,VR,istat-comuni
023054,Nogarole Rocca,05,Veneto,Verona,VR,istat-comuni
023055,Oppeano,05,Veneto,Verona,VR,istat-comuni
023056,Palù,05,Veneto,Verona,VR,istat-comuni
023057,Pastrengo,05,Veneto,Verona,VR,istat-comuni
023058,Pescantina,05,Veneto,Verona,VR,istat-comuni
023059,Peschiera del Garda,05,Veneto,Verona,VR,istat-comuni
023060,Povegliano Veronese,05,Veneto,Verona,VR,istat-comuni
023061,Pressana,05,Veneto,Verona,VR,istat-comuni
023062,Rivoli Veronese,05,Veneto,Verona,VR,istat-comuni
023063,Roncà,05,Veneto,Verona,VR,istat-comuni
023064,Ronco all'Adige,05,Veneto,Verona,VR,istat-comuni
023065,Roverchiara,05,Veneto,Verona,VR,istat-comuni
023066,Roveredo di Guà,05,Veneto,Verona,VR,istat-comuni
023067,Roverè Veronese,05,Veneto,Verona,VR,istat-comuni
023068,Salizzole,05,Veneto,Verona,VR,istat-comuni
023069,San Bonifacio,05,Veneto,Verona,VR,istat-comuni
023070,San Giovanni Ilarione,05,Veneto,Verona,VR,istat-comuni
023071,San Giovanni Lupatoto,05,Veneto,Verona,VR,istat-comuni
023072,Sanguinetto,05,Veneto,Verona,VR,istat-comuni
023073,San Martino Buon Albergo,05,Veneto,Verona,VR,istat-comuni
023074,San Mauro di Saline,05,Veneto,Verona,VR,istat-comuni
023075,San Pietro di Morubio,05,Veneto,Verona,VR,istat-comuni
023076,San Pietro in Cariano,05,Veneto,Verona,VR,istat-comuni
023077,Sant'Ambrogio di Valpolicella,05,Veneto,Verona,VR,istat-comuni
023078,Sant'Anna d'Alfaedo,05,Veneto,Verona,VR,istat-comuni
023079,San Zeno di Montagna,05,Veneto,Verona,VR,istat-comuni
023080,Selva di Progno,05,Veneto,Verona,VR,istat-comuni
023081,Soave,05,Veneto,Verona,VR,istat-comuni
023082,Sommacampagna,05,Veneto,Verona,VR,istat-comuni
023083,Sona,05,Veneto,Verona,VR,istat-comuni
023084,Sorgà,05,Veneto,Verona,VR,istat-comuni
023085,Terrazzo,05,Veneto,Verona,VR,istat-comuni
023086,Torri del Benaco,05,Veneto,Verona,VR,istat-comuni
023087,Tregnago,05,Veneto,Verona,VR,istat-comuni
023088,Trevenzuolo,05,Veneto,Verona,VR,istat-comuni
023089,Valeggio sul Mincio,05,Veneto,Verona,VR,istat-comuni
023090,Velo Veronese,05,Veneto,Verona,VR,istat-comuni
023091,Verona,05,Veneto,Verona,VR,istat-comuni
023092,Veronella,05,Veneto,Verona,VR,istat-comuni
023093,Vestenanova,05,Veneto,Verona,VR,istat-comuni
023094,Vigasio,05,Veneto,Verona,VR,istat-comuni
023095,Villa Bartolomea,05,Veneto,Verona,VR,istat-comuni
023096,Villafranca di Verona,05,Veneto,Verona,VR,istat-comuni
023097,Zevio,05,Veneto,Verona,VR,istat-comuni
023098,Zimella,05,Veneto,Verona,VR,istat-comuni
024001,Agugliaro,05,Veneto,Vicenza,VI,istat-comuni
024002,Albettone,05,Veneto,Vicenza,VI,istat-comuni
024003,Alonte,05,Veneto,Vicenza,VI,istat-comuni
024004,Altavilla Vicentina,05,Veneto,Vicenza,VI,istat-comuni
024005,Altissimo,05,Veneto,Vicenza,VI,istat-comuni
024006,Arcugnano,05,Veneto,Vicenza,VI,istat-comuni
024007,Arsiero,05,Veneto,Vicenza,VI,istat-comuni
024008,Arzignano,05,Veneto,Vicenza,VI,istat-comuni
024009,Asiago,05,Veneto,Vicenza,VI,istat-comuni
024010,Asigliano Veneto,05,Veneto,Vicenza,VI,istat-comuni
024012,Bassano del Grappa,05,Veneto,Vicenza,VI,istat-comuni
024013,Bolzano Vicentino,05,Veneto,Vicenza,VI,istat-comuni
024014,Breganze,05,Veneto,Vicenza,VI,istat-comuni
024015,Brendola,05,Veneto,Vicenza,VI,istat-comuni
024016,Bressanvido,05,Veneto,Vicenza,VI,istat-comuni
024017,Brogliano,05,Veneto,Vicenza,VI,istat-comuni
024018,Caldogno,05,Veneto,Vicenza,VI,istat-comuni
024019,Caltrano,05,Veneto,Vicenza,VI,istat-comuni
024020,Calvene,05,Veneto,Vicenza,VI,istat-comuni
024021,Camisano Vicentino,05,Veneto,Vicenza,VI,istat-comuni
024022,Campiglia dei Berici,05,Veneto,Vicenza,VI,istat-comuni
024024,Carrè,05,Veneto,Vicenza,VI,istat-comuni
024025,Cartigliano,05,Veneto,Vicenza,VI,istat-comuni
024026,Cassola,05,Veneto,Vicenza,VI,istat-comuni
024028,Castelgomberto,05,Veneto,Vicenza,VI,istat-comuni
024029,Chiampo,05,Veneto,Vicenza,VI,istat-comuni
024030,Chiuppano,05,Veneto,Vicenza,VI,istat-comuni
024032,Cogollo del Cengio,05,Veneto,Vicenza,VI,istat-comuni
024034,Cornedo Vicentino,05,Veneto,Vicenza,VI,istat-comuni
024035,Costabissara,05,Veneto,Vicenza,VI,istat-comuni
024036,Creazzo,05,Veneto,Vicenza,VI,istat-comuni
024037,Crespadoro,05,Veneto,Vicenza,VI,istat-comuni
024038,Dueville,05,Veneto,Vicenza,VI,istat-comuni
024039,Enego,05,Veneto,Vicenza,VI,istat-comuni
024040,Fara Vicentino,05,Veneto,Vicenza,VI,istat-comuni
024041,Foza,05,Veneto,Vicenza,VI,istat-comuni
024042,Gallio,05,Veneto,Vicenza,VI,istat-comuni
024043,Gambellara,05,Veneto,Vicenza,VI,istat-comuni
024046,Grisignano di Zocco,05,Veneto,Vicenza,VI,istat-comuni
024047,Grumolo delle Abbadesse,05,Veneto,Vicenza,VI,istat-comuni
024048,Isola Vicentina,05,Veneto,Vicenza,VI,istat-comuni
024049,Laghi,05,Veneto,Vicenza,VI,istat-comuni
024050,Lastebasse,05,Veneto,Vicenza,VI,istat-comuni
024051,Longare,05,Veneto,Vicenza,VI,istat-comuni
024052,Lonigo,05,Veneto,Vicenza,VI,istat-comuni
024053,Lugo di Vicenza,05,Veneto,Vicenza,VI,istat-comuni
024055,Malo,05,Veneto,Vicenza,VI,istat-comuni
024056,Marano Vicentino,05,Veneto,Vicenza,VI,istat-comuni
024057,Marostica,05,Veneto,Vicenza,VI,istat-comuni
024060,Montebello Vicentino,05,Veneto,Vicenza,VI,istat-comuni
024061,Montecchio Maggiore,05,Veneto,Vicenza,VI,istat-comuni
024062,Montecchio Precalcino,05,Veneto,Vicenza,VI,istat-comuni
024063,Monte di Malo,05,Veneto,Vicenza,VI,istat-comuni
024064,Montegalda,05,Veneto,Vicenza,VI,istat-comuni
024065,Montegaldella,05,Veneto,Vicenza,VI,istat-comuni
024066,Monteviale,05,Veneto,Vicenza,VI,istat-comuni
024067,Monticello Conte Otto,05,Veneto,Vicenza,VI,istat-comuni
024068,Montorso Vicentino,05,Veneto,Vicenza,VI,istat-comuni
024070,Mussolente,05,Veneto,Vicenza,VI,istat-comuni
024072,Nogarole Vicentino,05,Veneto,Vicenza,VI,istat-comuni
024073,Nove,05,Veneto,Vicenza,VI,istat-comuni
024074,Noventa Vicentina,05,Veneto,Vicenza,VI,istat-comuni
024075,Orgiano,05,Veneto,Vicenza,VI,istat-comuni
024076,Pedemonte,05,Veneto,Vicenza,VI,istat-comuni
024077,Pianezze,05,Veneto,Vicenza,VI,istat-comuni
024078,Piovene Rocchette,05,Veneto,Vicenza,VI,istat-comuni
024079,Pojana Maggiore,05,Veneto,Vicenza,VI,istat-comuni
024080,Posina,05,Veneto,Vicenza,VI,istat-comuni
024081,Pove del Grappa,05,Veneto,Vicenza,VI,istat-comuni
024082,Pozzoleone,05,Veneto,Vicenza,VI,istat-comuni
024083,Quinto Vicentino,05,Veneto,Vicenza,VI,istat-comuni
024084,Recoaro Terme,05,Veneto,Vicenza,VI,istat-comuni
024085,Roana,05,Veneto,Vicenza,VI,istat-comuni
024086,Romano d'Ezzelino,05,Veneto,Vicenza,VI,istat-comuni
024087,Rosà,05,Veneto,Vicenza,VI,istat-comuni
024088,Rossano Veneto,05,Veneto,Vicenza,VI,istat-comuni
024089,Rotzo,05,Veneto,Vicenza,VI,istat-comuni
024090,Salcedo,05,Veneto,Vicenza,VI,istat-comuni
024091,Sandrigo,05,Veneto,Vicenza,VI,istat-comuni
024094,San Pietro Mussolino,05,Veneto,Vicenza,VI,istat-comuni
024095,Santorso,05,Veneto,Vicenza,VI,istat-comuni
024096,San Vito di Leguzzano,05,Veneto,Vicenza,VI,istat-comuni
024097,Sarcedo,05,Veneto,Vicenza,VI,istat-comuni
024098,Sarego,05,Veneto,Vicenza,VI,istat-comuni
024099,Schiavon,05,Veneto,Vicenza,VI,istat-comuni
024100,Schio,05,Veneto,Vicenza,VI,istat-comuni
024101,Solagna,05,Veneto,Vicenza,VI,istat-comuni
024102,Sossano,05,Veneto,Vicenza,VI,istat-comuni
024104,Tezze sul Brenta,05,Veneto,Vicenza,VI,istat-comuni
024105,Thiene,05,Veneto,Vicenza,VI,istat-comuni
024106,Tonezza del Cimone,05,Veneto,Vicenza,VI,istat-comuni
024107,Torrebelvicino,05,Veneto,Vicenza,VI,istat-comuni
024108,Torri di Quartesolo,05,Veneto,Vicenza,VI,istat-comuni
024110,Trissino,05,Veneto,Vicenza,VI,istat-comuni
024111,Valdagno,05,Veneto,Vicenza,VI,istat-comuni
024112,Valdastico,05,Veneto,Vicenza,VI,istat-comuni
024113,Valli del Pasubio,05,Veneto,Vicenza,VI,istat-comuni
024115,Velo d'Astico,05,Veneto,Vicenza,VI,istat-comuni
024116,Vicenza,05,Veneto,Vicenza,VI,istat-comuni
024117,Villaga,05,Veneto,Vicenza,VI,istat-comuni
024118,Villaverla,05,Veneto,Vicenza,VI,istat-comuni
024119,Zanè,05,Veneto,Vicenza,VI,istat-comuni
024120,Zermeghedo,05,Veneto,Vicenza,VI,istat-comuni
024121,Zovencedo,05,Veneto,Vicenza,VI,istat-comuni
024122,Zugliano,05,Veneto,Vicenza,VI,istat-comuni
024123,Val Liona,05,Veneto,Vicenza,VI,istat-comuni
024124,Barbarano Mossano,05,Veneto,Vicenza,VI,istat-comuni
024125,Valbrenta,05,Veneto,Vicenza,VI,istat-comuni
024126,Colceresa,05,Veneto,Vicenza,VI,istat-comuni
024127,Lusiana Conco,05,Veneto,Vicenza,VI,istat-comuni
024128,Sovizzo,05,Veneto,Vicenza,VI,istat-comuni
024129,Castegnero Nanto,05,Veneto,Vicenza,VI,istat-comuni
025001,Agordo,05,Veneto,Belluno,BL,istat-comuni
025003,Alleghe,05,Veneto,Belluno,BL,istat-comuni
025004,Arsiè,05,Veneto,Belluno,BL,istat-comuni
025005,Auronzo di Cadore,05,Veneto,Belluno,BL,istat-comuni
025006,Belluno,05,Veneto,Belluno,BL,istat-comuni
025007,Borca di Cadore,05,Veneto,Belluno,BL,istat-comuni
025008,Calalzo di Cadore,05,Veneto,Belluno,BL,istat-comuni
025010,Cencenighe Agordino,05,Veneto,Belluno,BL,istat-comuni
025011,Cesiomaggiore,05,Veneto,Belluno,BL,istat-comuni
025012,Chies d'Alpago,05,Veneto,Belluno,BL,istat-comuni
025013,Cibiana di Cadore,05,Veneto,Belluno,BL,istat-comuni
025014,Colle Santa Lucia,05,Veneto,Belluno,BL,istat-comuni
025015,Comelico Superiore,05,Veneto,Belluno,BL,istat-comuni
025016,Cortina d'Ampezzo,05,Veneto,Belluno,BL,istat-comuni
025017,Danta di Cadore,05,Veneto,Belluno,BL,istat-comuni
025018,Domegge di Cadore,05,Veneto,Belluno,BL,istat-comuni
025019,Falcade,05,Veneto,Belluno,BL,istat-comuni
025021,Feltre,05,Veneto,Belluno,BL,istat-comuni
025022,Fonzaso,05,Veneto,Belluno,BL,istat-comuni
025023,Canale d'Agordo,05,Veneto,Belluno,BL,istat-comuni
025025,Gosaldo,05,Veneto,Belluno,BL,istat-comuni
025026,Lamon,05,Veneto,Belluno,BL,istat-comuni
025027,La Valle Agordina,05,Veneto,Belluno,BL,istat-comuni
025029,Limana,05,Veneto,Belluno,BL,istat-comuni
025030,Livinallongo del Col di Lana,05,Veneto,Belluno,BL,istat-comuni
025032,Lorenzago di Cadore,05,Veneto,Belluno,BL,istat-comuni
025033,Lozzo di Cadore,05,Veneto,Belluno,BL,istat-comuni
025035,Ospitale di Cadore,05,Veneto,Belluno,BL,istat-comuni
025036,Pedavena,05,Veneto,Belluno,BL,istat-comuni
025037,Perarolo di Cadore,05,Veneto,Belluno,BL,istat-comuni
025039,Pieve di Cadore,05,Veneto,Belluno,BL,istat-comuni
025040,Ponte nelle Alpi,05,Veneto,Belluno,BL,istat-comuni
025043,Rivamonte Agordino,05,Veneto,Belluno,BL,istat-comuni
025044,Rocca Pietore,05,Veneto,Belluno,BL,istat-comuni
025045,San Gregorio nelle Alpi,05,Veneto,Belluno,BL,istat-comuni
025046,San Nicolò di Comelico,05,Veneto,Belluno,BL,istat-comuni
025047,San Pietro di Cadore,05,Veneto,Belluno,BL,istat-comuni
025048,Santa Giustina,05,Veneto,Belluno,BL,istat-comuni
025049,San Tomaso Agordino,05,Veneto,Belluno,BL,istat-comuni
025050,Santo Stefano di Cadore,05,Veneto,Belluno,BL,istat-comuni
025051,San Vito di Cadore,05,Veneto,Belluno,BL,istat-comuni
025053,Sedico,05,Veneto,Belluno,BL,istat-comuni
025054,Selva di Cadore,05,Veneto,Belluno,BL,istat-comuni
025055,Seren del Grappa,05,Veneto,Belluno,BL,istat-comuni
025056,Sospirolo,05,Veneto,Belluno,BL,istat-comuni
025057,Soverzene,05,Veneto,Belluno,BL,istat-comuni
025058,Sovramonte,05,Veneto,Belluno,BL,istat-comuni
025059,Taibon Agordino,05,Veneto,Belluno,BL,istat-comuni
025060,Tambre,05,Veneto,Belluno,BL,istat-comuni
025062,Vallada Agordina,05,Veneto,Belluno,BL,istat-comuni
025063,Valle di Cadore,05,Veneto,Belluno,BL,istat-comuni
025065,Vigo di Cadore,05,Veneto,Belluno,BL,istat-comuni
025066,Vodo Cadore,05,Veneto,Belluno,BL,istat-comuni
025067,Voltago Agordino,05,Veneto,Belluno,BL,istat-comuni
025069,Zoppè di Cadore,05,Veneto,Belluno,BL,istat-comuni
025071,Longarone,05,Veneto,Belluno,BL,istat-comuni
025072,Alpago,05,Veneto,Belluno,BL,istat-comuni
025073,Val di Zoldo,05,Veneto,Belluno,BL,istat-comuni
025074,Borgo Valbelluna,05,Veneto,Belluno,BL,istat-comuni
025075,Setteville,05,Veneto,Belluno,BL,istat-comuni
026001,Altivole,05,Veneto,Treviso,TV,istat-comuni
026002,Arcade,05,Veneto,Treviso,TV,istat-comuni
026003,Asolo,05,Veneto,Treviso,TV,istat-comuni
026004,Borso del Grappa,05,Veneto,Treviso,TV,istat-comuni
026005,Breda di Piave,05,Veneto,Treviso,TV,istat-comuni
026006,Caerano di San Marco,05,Veneto,Treviso,TV,istat-comuni
026007,Cappella Maggiore,05,Veneto,Treviso,TV,istat-comuni
026008,Carbonera,05,Veneto,Treviso,TV,istat-comuni
026009,Casale sul Sile,05,Veneto,Treviso,TV,istat-comuni
026010,Casier,05,Veneto,Treviso,TV,istat-comuni
026011,Castelcucco,05,Veneto,Treviso,TV,istat-comuni
026012,Castelfranco Veneto,05,Veneto,Treviso,TV,istat-comuni
026013,Castello di Godego,05,Veneto,Treviso,TV,istat-comuni
026014,Cavaso del Tomba,05,Veneto,Treviso,TV,istat-comuni
026015,Cessalto,05,Veneto,Treviso,TV,istat-comuni
026016,Chiarano,05,Veneto,Treviso,TV,istat-comuni
026017,Cimadolmo,05,Veneto,Treviso,TV,istat-comuni
026018,Cison di Valmarino,05,Veneto,Treviso,TV,istat-comuni
026019,Codognè,05,Veneto,Treviso,TV,istat-comuni
026020,Colle Umberto,05,Veneto,Treviso,TV,istat-comuni
026021,Conegliano,05,Veneto,Treviso,TV,istat-comuni
026022,Cordignano,05,Veneto,Treviso,TV,istat-comuni
026023,Cornuda,05,Veneto,Treviso,TV,istat-comuni
026025,Crocetta del Montello,05,Veneto,Treviso,TV,istat-comuni
026026,Farra di Soligo,05,Veneto,Treviso,TV,istat-comuni
026027,Follina,05,Veneto,Treviso,TV,istat-comuni
026028,Fontanelle,05,Veneto,Treviso,TV,istat-comuni
026029,Fonte,05,Veneto,Treviso,TV,istat-comuni
026030,Fregona,05,Veneto,Treviso,TV,istat-comuni
026031,Gaiarine,05,Veneto,Treviso,TV,istat-comuni
026032,Giavera del Montello,05,Veneto,Treviso,TV,istat-comuni
026033,Godega di Sant'Urbano,05,Veneto,Treviso,TV,istat-comuni
026034,Gorgo al Monticano,05,Veneto,Treviso,TV,istat-comuni
026035,Istrana,05,Veneto,Treviso,TV,istat-comuni
026036,Loria,05,Veneto,Treviso,TV,istat-comuni
026037,Mansuè,05,Veneto,Treviso,TV,istat-comuni
026038,Mareno di Piave,05,Veneto,Treviso,TV,istat-comuni
026039,Maser,05,Veneto,Treviso,TV,istat-comuni
026040,Maserada sul Piave,05,Veneto,Treviso,TV,istat-comuni
026041,Meduna di Livenza,05,Veneto,Treviso,TV,istat-comuni
026042,Miane,05,Veneto,Treviso,TV,istat-comuni
026043,Mogliano Veneto,05,Veneto,Treviso,TV,istat-comuni
026044,Monastier di Treviso,05,Veneto,Treviso,TV,istat-comuni
026045,Monfumo,05,Veneto,Treviso,TV,istat-comuni
026046,Montebelluna,05,Veneto,Treviso,TV,istat-comuni
026047,Morgano,05,Veneto,Treviso,TV,istat-comuni
026048,Moriago della Battaglia,05,Veneto,Treviso,TV,istat-comuni
026049,Motta di Livenza,05,Veneto,Treviso,TV,istat-comuni
026050,Nervesa della Battaglia,05,Veneto,Treviso,TV,istat-comuni
026051,Oderzo,05,Veneto,Treviso,TV,istat-comuni
026052,Ormelle,05,Veneto,Treviso,TV,istat-comuni
026053,Orsago,05,Veneto,Treviso,TV,istat-comuni
026055,Paese,05,Veneto,Treviso,TV,istat-comuni
026056,Pederobba,05,Veneto,Treviso,TV,istat-comuni
026057,Pieve di Soligo,05,Veneto,Treviso,TV,istat-comuni
026058,Ponte di Piave,05,Veneto,Treviso,TV,istat-comuni
026059,Ponzano Veneto,05,Veneto,Treviso,TV,istat-comuni
026060,Portobuffolè,05,Veneto,Treviso,TV,istat-comuni
026061,Possagno,05,Veneto,Treviso,TV,istat-comuni
026062,Povegliano,05,Veneto,Treviso,TV,istat-comuni
026063,Preganziol,05,Veneto,Treviso,TV,istat-comuni
026064,Quinto di Treviso,05,Veneto,Treviso,TV,istat-comuni
026065,Refrontolo,05,Veneto,Treviso,TV,istat-comuni
026066,Resana,05,Veneto,Treviso,TV,istat-comuni
026067,Revine Lago,05,Veneto,Treviso,TV,istat-comuni
026068,Riese Pio X,05,Veneto,Treviso,TV,istat-comuni
026069,Roncade,05,Veneto,Treviso,TV,istat-comuni
026070,Salgareda,05,Veneto,Treviso,TV,istat-comuni
026071,San Biagio di Callalta,05,Veneto,Treviso,TV,istat-comuni
026072,San Fior,05,Veneto,Treviso,TV,istat-comuni
026073,San Pietro di Feletto,05,Veneto,Treviso,TV,istat-comuni
026074,San Polo di Piave,05,Veneto,Treviso,TV,istat-comuni
026075,Santa Lucia di Piave,05,Veneto,Treviso,TV,istat-comuni
026076,San Vendemiano,05,Veneto,Treviso,TV,istat-comuni
026077,San Zenone degli Ezzelini,05,Veneto,Treviso,TV,istat-comuni
026078,Sarmede,05,Veneto,Treviso,TV,istat-comuni
026079,Segusino,05,Veneto,Treviso,TV,istat-comuni
026080,Sernaglia della Battaglia,05,Veneto,Treviso,TV,istat-comuni
026081,Silea,05,Veneto,Treviso,TV,istat-comuni
026082,Spresiano,05,Veneto,Treviso,TV,istat-comuni
026083,Susegana,05,Veneto,Treviso,TV,istat-comuni
026084,Tarzo,05,Veneto,Treviso,TV,istat-comuni
026085,Trevignano,05,Veneto,Treviso,TV,istat-comuni
026086,Treviso,05,Veneto,Treviso,TV,istat-comuni
026087,Valdobbiadene,05,Veneto,Treviso,TV,istat-comuni
026088,Vazzola,05,Veneto,Treviso,TV,istat-comuni
026089,Vedelago,05,Veneto,Treviso,TV,istat-comuni
026090,Vidor,05,Veneto,Treviso,TV,istat-comuni
026091,Villorba,05,Veneto,Treviso,TV,istat-comuni
026092,Vittorio Veneto,05,Veneto,Treviso,TV,istat-comuni
026093,Volpago del Montello,05,Veneto,Treviso,TV,istat-comuni
026094,Zenson di Piave,05,Veneto,Treviso,TV,istat-comuni
026095,Zero Branco,05,Veneto,Treviso,TV,istat-comuni
026096,Pieve del Grappa,05,Veneto,Treviso,TV,istat-comuni
027001,Annone Veneto,05,Veneto,Venezia,VE,istat-comuni
027002,Campagna Lupia,05,Veneto,Venezia,VE,istat-comuni
027003,Campolongo Maggiore,05,Veneto,Venezia,VE,istat-comuni
027004,Camponogara,05,Veneto,Venezia,VE,istat-comuni
027005,Caorle,05,Veneto,Venezia,VE,istat-comuni
027006,Cavarzere,05,Veneto,Venezia,VE,istat-comuni
027007,Ceggia,05,Veneto,Venezia,VE,istat-comuni
027008,Chioggia,05,Veneto,Venezia,VE,istat-comuni
027009,Cinto Caomaggiore,05,Veneto,Venezia,VE,istat-comuni
027010,Cona,05,Veneto,Venezia,VE,istat-comuni
027011,Concordia Sagittaria,05,Veneto,Venezia,VE,istat-comuni
027012,Dolo,05,Veneto,Venezia,VE,istat-comuni
027013,Eraclea,05,Veneto,Venezia,VE,istat-comuni
027014,Fiesso d'Artico,05,Veneto,Venezia,VE,istat-comuni
027015,Fossalta di Piave,05,Veneto,Venezia,VE,istat-comuni
027016,Fossalta di Portogruaro,05,Veneto,Venezia,VE,istat-comuni
027017,Fossò,05,Veneto,Venezia,VE,istat-comuni
027018,Gruaro,05,Veneto,Venezia,VE,istat-comuni
027019,Jesolo,05,Veneto,Venezia,VE,istat-comuni
027020,Marcon,05,Veneto,Venezia,VE,istat-comuni
027021,Martellago,05,Veneto,Venezia,VE,istat-comuni
027022,Meolo,05,Veneto,Venezia,VE,istat-comuni
027023,Mira,05,Veneto,Venezia,VE,istat-comuni
027024,Mirano,05,Veneto,Venezia,VE,istat-comuni
027025,Musile di Piave,05,Veneto,Venezia,VE,istat-comuni
027026,Noale,05,Veneto,Venezia,VE,istat-comuni
027027,Noventa di Piave,05,Veneto,Venezia,VE,istat-comuni
027028,Pianiga,05,Veneto,Venezia,VE,istat-comuni
027029,Portogruaro,05,Veneto,Venezia,VE,istat-comuni
027030,Pramaggiore,05,Veneto,Venezia,VE,istat-comuni
027031,Quarto d'Altino,05,Veneto,Venezia,VE,istat-comuni
027032,Salzano,05,Veneto,Venezia,VE,istat-comuni
027033,San Donà di Piave,05,Veneto,Venezia,VE,istat-comuni
027034,San Michele al Tagliamento,05,Veneto,Venezia,VE,istat-comuni
027035,Santa Maria di Sala,05,Veneto,Venezia,VE,istat-comuni
027036,San Stino di Livenza,05,Veneto,Venezia,VE,istat-comuni
027037,Scorzè,05,Veneto,Venezia,VE,istat-comuni
027038,Spinea,05,Veneto,Venezia,VE,istat-comuni
027039,Stra,05,Veneto,Venezia,VE,istat-comuni
027040,Teglio Veneto,05,Veneto,Venezia,VE,istat-comuni
027041,Torre di Mosto,05,Veneto,Venezia,VE,istat-comuni
027042,Venezia,05,Veneto,Venezia,VE,istat-comuni
027043,Vigonovo,05,Veneto,Venezia,VE,istat-comuni
027044,Cavallino-Treporti,05,Veneto,Venezia,VE,istat-comuni
028001,Abano Terme,05,Veneto,Padova,PD,istat-comuni
028002,Agna,05,Veneto,Padova,PD,istat-comuni
028003,Albignasego,05,Veneto,Padova,PD,istat-comuni
028004,Anguillara Veneta,05,Veneto,Padova,PD,istat-comuni
028005,Arquà Petrarca,05,Veneto,Padova,PD,istat-comuni
028006,Arre,05,Veneto,Padova,PD,istat-comuni
028007,Arzergrande,05,Veneto,Padova,PD,istat-comuni
028008,Bagnoli di Sopra,05,Veneto,Padova,PD,istat-comuni
028009,Baone,05,Veneto,Padova,PD,istat-comuni
028010,Barbona,05,Veneto,Padova,PD,istat-comuni
028011,Battaglia Terme,05,Veneto,Padova,PD,istat-comuni
028012,Boara Pisani,05,Veneto,Padova,PD,istat-comuni
028013,Borgoricco,05,Veneto,Padova,PD,istat-comuni
028014,Bovolenta,05,Veneto,Padova,PD,istat-comuni
028015,Brugine,05,Veneto,Padova,PD,istat-comuni
028016,Cadoneghe,05,Veneto,Padova,PD,istat-comuni
028017,Campodarsego,05,Veneto,Padova,PD,istat-comuni
028018,Campodoro,05,Veneto,Padova,PD,istat-comuni
028019,Camposampiero,05,Veneto,Padova,PD,istat-comuni
028020,Campo San Martino,05,Veneto,Padova,PD,istat-comuni
028021,Candiana,05,Veneto,Padova,PD,istat-comuni
028023,Carmignano di Brenta,05,Veneto,Padova,PD,istat-comuni
028026,Cartura,05,Veneto,Padova,PD,istat-comuni
028027,Casale di Scodosia,05,Veneto,Padova,PD,istat-comuni
028028,Casalserugo,05,Veneto,Padova,PD,istat-comuni
028029,Castelbaldo,05,Veneto,Padova,PD,istat-comuni
028030,Cervarese Santa Croce,05,Veneto,Padova,PD,istat-comuni
028031,Cinto Euganeo,05,Veneto,Padova,PD,istat-comuni
028032,Cittadella,05,Veneto,Padova,PD,istat-comuni
028033,Codevigo,05,Veneto,Padova,PD,istat-comuni
028034,Conselve,05,Veneto,Padova,PD,istat-comuni
028035,Correzzola,05,Veneto,Padova,PD,istat-comuni
028036,Curtarolo,05,Veneto,Padova,PD,istat-comuni
028037,Este,05,Veneto,Padova,PD,istat-comuni
028038,Fontaniva,05,Veneto,Padova,PD,istat-comuni
028039,Galliera Veneta,05,Veneto,Padova,PD,istat-comuni
028040,Galzignano Terme,05,Veneto,Padova,PD,istat-comuni
028041,Gazzo,05,Veneto,Padova,PD,istat-comuni
028042,Grantorto,05,Veneto,Padova,PD,istat-comuni
028043,Granze,05,Veneto,Padova,PD,istat-comuni
028044,Legnaro,05,Veneto,Padova,PD,istat-comuni
028045,Limena,05,Veneto,Padova,PD,istat-comuni
028046,Loreggia,05,Veneto,Padova,PD,istat-comuni
028047,Lozzo Atestino,05,Veneto,Padova,PD,istat-comuni
028048,Maserà di Padova,05,Veneto,Padova,PD,istat-comuni
028049,Masi,05,Veneto,Padova,PD,istat-comuni
028050,Massanzago,05,Veneto,Padova,PD,istat-comuni
028052,Megliadino San Vitale,05,Veneto,Padova,PD,istat-comuni
028053,Merlara,05,Veneto,Padova,PD,istat-comuni
028054,Mestrino,05,Veneto,Padova,PD,istat-comuni
028055,Monselice,05,Veneto,Padova,PD,istat-comuni
028056,Montagnana,05,Veneto,Padova,PD,istat-comuni
028057,Montegrotto Terme,05,Veneto,Padova,PD,istat-comuni
028058,Noventa Padovana,05,Veneto,Padova,PD,istat-comuni
028059,Ospedaletto Euganeo,05,Veneto,Padova,PD,istat-comuni
028060,Padova,05,Veneto,Padova,PD,istat-comuni
028061,Pernumia,05,Veneto,Padova,PD,istat-comuni
028062,Piacenza d'Adige,05,Veneto,Padova,PD,istat-comuni
028063,Piazzola sul Brenta,05,Veneto,Padova,PD,istat-comuni
028064,Piombino Dese,05,Veneto,Padova,PD,istat-comuni
028065,Piove di Sacco,05,Veneto,Padova,PD,istat-comuni
028066,Polverara,05,Veneto,Padova,PD,istat-comuni
028067,Ponso,05,Veneto,Padova,PD,istat-comuni
028068,Pontelongo,05,Veneto,Padova,PD,istat-comuni
028069,Ponte San Nicolò,05,Veneto,Padova,PD,istat-comuni
028070,Pozzonovo,05,Veneto,Padova,PD,istat-comuni
028071,Rovolon,05,Veneto,Padova,PD,istat-comuni
028072,Rubano,05,Veneto,Padova,PD,istat-comuni
028073,Saccolongo,05,Veneto,Padova,PD,istat-comuni
028075,San Giorgio delle Pertiche,05,Veneto,Padova,PD,istat-comuni
028076,San Giorgio in Bosco,05,Veneto,Padova,PD,istat-comuni
028077,San Martino di Lupari,05,Veneto,Padova,PD,istat-comuni
028078,San Pietro in Gu,05,Veneto,Padova,PD,istat-comuni
028079,San Pietro Viminario,05,Veneto,Padova,PD,istat-comuni
028080,Santa Giustina in Colle,05,Veneto,Padova,PD,istat-comuni
028082,Sant'Angelo di Piove di Sacco,05,Veneto,Padova,PD,istat-comuni
028083,Sant'Elena,05,Veneto,Padova,PD,istat-comuni
028084,Sant'Urbano,05,Veneto,Padova,PD,istat-comuni
028085,Saonara,05,Veneto,Padova,PD,istat-comuni
028086,Selvazzano Dentro,05,Veneto,Padova,PD,istat-comuni
028087,Solesino,05,Veneto,Padova,PD,istat-comuni
028088,Stanghella,05,Veneto,Padova,PD,istat-comuni
028089,Teolo,05,Veneto,Padova,PD,istat-comuni
028090,Terrassa Padovana,05,Veneto,Padova,PD,istat-comuni
028091,Tombolo,05,Veneto,Padova,PD,istat-comuni
028092,Torreglia,05,Veneto,Padova,PD,istat-comuni
028093,Trebaseleghe,05,Veneto,Padova,PD,istat-comuni
028094,Tribano,05,Veneto,Padova,PD,istat-comuni
028095,Urbana,05,Veneto,Padova,PD,istat-comuni
028096,Veggiano,05,Veneto,Padova,PD,istat-comuni
028097,Vescovana,05,Veneto,Padova,PD,istat-comuni
028099,Vigodarzere,05,Veneto,Padova,PD,istat-comuni
028100,Vigonza,05,Veneto,Padova,PD,istat-comuni
028101,Villa del Conte,05,Veneto,Padova,PD,istat-comuni
028102,Villa Estense,05,Veneto,Padova,PD,istat-comuni
028103,Villafranca Padovana,05,Veneto,Padova,PD,istat-comuni
028104,Villanova di Camposampiero,05,Veneto,Padova,PD,istat-comuni
028105,Vo',05,Veneto,Padova,PD,istat-comuni
028106,Due Carrare,05,Veneto,Padova,PD,istat-comuni
028107,Borgo Veneto,05,Veneto,Padova,PD,istat-comuni
028108,Santa Caterina d'Este,05,Veneto,Padova,PD,istat-comuni
029001,Adria,05,Veneto,Rovigo,RO,istat-comuni
029002,Ariano nel Polesine,05,Veneto,Rovigo,RO,istat-comuni
029003,Arquà Polesine,05,Veneto,Rovigo,RO,istat-comuni
029004,Badia Polesine,05,Veneto,Rovigo,RO,istat-comuni
029005,Bagnolo di Po,05,Veneto,Rovigo,RO,istat-comuni
029006,Bergantino,05,Veneto,Rovigo,RO,istat-comuni
029007,Bosaro,05,Veneto,Rovigo,RO,istat-comuni
029008,Calto,05,Veneto,Rovigo,RO,istat-comuni
029009,Canaro,05,Veneto,Rovigo,RO,istat-comuni
029010,Canda,05,Veneto,Rovigo,RO,istat-comuni
029011,Castelguglielmo,05,Veneto,Rovigo,RO,istat-comuni
029012,Castelmassa,05,Veneto,Rovigo,RO,istat-comuni
029013,Castelnovo Bariano,05,Veneto,Rovigo,RO,istat-comuni
029014,Ceneselli,05,Veneto,Rovigo,RO,istat-comuni
029015,Ceregnano,05,Veneto,Rovigo,RO,istat-comuni
029017,Corbola,05,Veneto,Rovigo,RO,istat-comuni
029018,Costa di Rovigo,05,Veneto,Rovigo,RO,istat-comuni
029019,Crespino,05,Veneto,Rovigo,RO,istat-comuni
029021,Ficarolo,05,Veneto,Rovigo,RO,istat-comuni
029022,Fiesso Umbertiano,05,Veneto,Rovigo,RO,istat-comuni
029023,Frassinelle Polesine,05,Veneto,Rovigo,RO,istat-comuni
029024,Fratta Polesine,05,Veneto,Rovigo,RO,istat-comuni
029025,Gaiba,05,Veneto,Rovigo,RO,istat-comuni
029026,Gavello,05,Veneto,Rovigo,RO,istat-comuni
029027,Giacciano con Baruchella,05,Veneto,Rovigo,RO,istat-comuni
029028,Guarda Veneta,05,Veneto,Rovigo,RO,istat-comuni
029029,Lendinara,05,Veneto,Rovigo,RO,istat-comuni
029030,Loreo,05,Veneto,Rovigo,RO,istat-comuni
029031,Lusia,05,Veneto,Rovigo,RO,istat-comuni
029032,Melara,05,Veneto,Rovigo,RO,istat-comuni
029033,Occhiobello,05,Veneto,Rovigo,RO,istat-comuni
029034,Papozze,05,Veneto,Rovigo,RO,istat-comuni
029035,Pettorazza Grimani,05,Veneto,Rovigo,RO,istat-comuni
029036,Pincara,05,Veneto,Rovigo,RO,istat-comuni
029037,Polesella,05,Veneto,Rovigo,RO,istat-comuni
029038,Pontecchio Polesine,05,Veneto,Rovigo,RO,istat-comuni
029039,Porto Tolle,05,Veneto,Rovigo,RO,istat-comuni
029040,Rosolina,05,Veneto,Rovigo,RO,istat-comuni
029041,Rovigo,05,Veneto,Rovigo,RO,istat-comuni
029042,Salara,05,Veneto,Rovigo,RO,istat-comuni
029043,San Bellino,05,Veneto,Rovigo,RO,istat-comuni
029044,San Martino di Venezze,05,Veneto,Rovigo,RO,istat-comuni
029045,Stienta,05,Veneto,Rovigo,RO,istat-comuni
029046,Taglio di Po,05,Veneto,Rovigo,RO,istat-comuni
029047,Trecenta,05,Veneto,Rovigo,RO,istat-comuni
029048,Villadose,05,Veneto,Rovigo,RO,istat-comuni
029049,Villamarzana,05,Veneto,Rovigo,RO,istat-comuni
029050,Villanova del Ghebbo,05,Veneto,Rovigo,RO,istat-comuni
029051,Villanova Marchesana,05,Veneto,Rovigo,RO,istat-comuni
029052,Porto Viro,05,Veneto,Rovigo,RO,istat-comuni
030001,Aiello del Friuli,06,Friuli-Venezia Giulia,Udine,UD,istat-comuni
030002,Amaro,06,Friuli-Venezia Giulia,Udine,UD,istat-comuni
030003,Ampezzo,06,Friuli-Venezia Giulia,Udine,UD,istat-comuni
030004,Aquileia,06,Friuli-Venezia Giulia,Udine,UD,istat-comuni
030005,Arta Terme,06,Friuli-Venezia Giulia,Udine,UD,istat-comuni
030006,Artegna,06,Friuli-Venezia Giulia,Udine,UD,istat-comuni
030007,Attimis,06,Friuli-Venezia Giulia,Udine,UD,istat-comuni
030008,Bagnaria Arsa,06,Friuli-Venezia Giulia,Udine,UD,istat-comuni
030009,Basiliano,06,Friuli-Venezia Giulia,Udine,UD,istat-comuni
030010,Bertiolo,06,Friuli-Venezia Giulia,Udine,UD,istat-comuni
030011,Bicinicco,06,Friuli-Venezia Giulia,Udine,UD,istat-comuni
030012,Bordano,06,Friuli-Venezia Giulia,Udine,UD,istat-comuni
030013,Buja,06,Friuli-Venezia Giulia,Udine,UD,istat-comuni
030014,Buttrio,06,Friuli-Venezia Giulia,Udine,UD,istat-comuni
030015,Camino al Tagliamento,06,Friuli-Venezia Giulia,Udine,UD,istat-comuni
030016,Campoformido,06,Friuli-Venezia Giulia,Udine,UD,istat-comuni
030018,Carlino,06,Friuli-Venezia Giulia,Udine,UD,istat-comuni
030019,Cassacco,06,Friuli-Venezia Giulia,Udine,UD,istat-comuni
030020,Castions di Strada,06,Friuli-Venezia Giulia,Udine,UD,istat-comuni
030021,Cavazzo Carnico,06,Friuli-Venezia Giulia,Udine,UD,istat-comuni
030022,Cercivento,06,Friuli-Venezia Giulia,Udine,UD,istat-comuni
030023,Cervignano del Friuli,06,Friuli-Venezia Giulia,Udine,UD,istat-comuni
030024,Chiopris-Viscone,06,Friuli-Venezia Giulia,Udine,UD,istat-comuni
030025,Chiusaforte,06,Friuli-Venezia Giulia,Udine,UD,istat-comuni
030026,Cividale del Friuli,06,Friuli-Venezia Giulia,Udine,UD,istat-comuni
030027,Codroipo,06,Friuli-Venezia Giulia,Udine,UD,istat-comuni
030028,Colloredo di Monte Albano,06,Friuli-Venezia Giulia,Udine,UD,istat-comuni
030029,Comeglians,06,Friuli-Venezia Giulia,Udine,UD,istat-comuni
030030,Corno di Rosazzo,06,Friuli-Venezia Giulia,Udine,UD,istat-comuni
030031,Coseano,06,Friuli-Venezia Giulia,Udine,UD,istat-comuni
030032,Dignano,06,Friuli-Venezia Giulia,Udine,UD,istat-comuni
030033,Dogna,06,Friuli-Venezia Giulia,Udine,UD,istat-comuni
030034,Drenchia,06,Friuli-Venezia Giulia,Udine,UD,istat-comuni
030035,Enemonzo,06,Friuli-Venezia Giulia,Udine,UD,istat-comuni
030036,Faedis,06,Friuli-Venezia Giulia,Udine,UD,istat-comuni
030037,Fagagna,06,Friuli-Venezia Giulia,Udine,UD,istat-comuni
030039,Flaibano,06,Friuli-Venezia Giulia,Udine,UD,istat-comuni
030040,Forni Avoltri,06,Friuli-Venezia Giulia,Udine,UD,istat-comuni
030041,Forni di Sopra,06,Friuli-Venezia Giulia,Udine,UD,istat-comuni
030042,Forni di Sotto,06,Friuli-Venezia Giulia,Udine,UD,istat-comuni
030043,Gemona del Friuli,06,Friuli-Venezia Giulia,Udine,UD,istat-comuni
030044,Gonars,06,Friuli-Venezia Giulia,Udine,UD,istat-comuni
030045,Grimacco,06,Friuli-Venezia Giulia,Udine,UD,istat-comuni
030046,Latisana,06,Friuli-Venezia Giulia,Udine,UD,istat-comuni
030047,Lauco,06,Friuli-Venezia Giulia,Udine,UD,istat-comuni
030048,Lestizza,06,Friuli-Venezia Giulia,Udine,UD,istat-comuni
030049,Lignano Sabbiadoro,06,Friuli-Venezia Giulia,Udine,UD,istat-comuni
030051,Lusevera,06,Friuli-Venezia Giulia,Udine,UD,istat-comuni
030052,Magnano in Riviera,06,Friuli-Venezia Giulia,Udine,UD,istat-comuni
030053,Majano,06,Friuli-Venezia Giulia,Udine,UD,istat-comuni
030054,Malborghetto Valbruna,06,Friuli-Venezia Giulia,Udine,UD,istat-comuni
030055,Manzano,06,Friuli-Venezia Giulia,Udine,UD,istat-comuni
030056,Marano Lagunare,06,Friuli-Venezia Giulia,Udine,UD,istat-comuni
030057,Martignacco,06,Friuli-Venezia Giulia,Udine,UD,istat-comuni
030058,Mereto di Tomba,06,Friuli-Venezia Giulia,Udine,UD,istat-comuni
030059,Moggio Udinese,06,Friuli-Venezia Giulia,Udine,UD,istat-comuni
030060,Moimacco,06,Friuli-Venezia Giulia,Udine,UD,istat-comuni
030061,Montenars,06,Friuli-Venezia Giulia,Udine,UD,istat-comuni
030062,Mortegliano,06,Friuli-Venezia Giulia,Udine,UD,istat-comuni
030063,Moruzzo,06,Friuli-Venezia Giulia,Udine,UD,istat-comuni
030064,Muzzana del Turgnano,06,Friuli-Venezia Giulia,Udine,UD,istat-comuni
030065,Nimis,06,Friuli-Venezia Giulia,Udine,UD,istat-comuni
030066,Osoppo,06,Friuli-Venezia Giulia,Udine,UD,istat-comuni
030067,Ovaro,06,Friuli-Venezia Giulia,Udine,UD,istat-comuni
030068,Pagnacco,06,Friuli-Venezia Giulia,Udine,UD,istat-comuni
030069,Palazzolo dello Stella,06,Friuli-Venezia Giulia,Udine,UD,istat-comuni
030070,Palmanova,06,Friuli-Venezia Giulia,Udine,UD,istat-comuni
030071,Paluzza,06,Friuli-Venezia Giulia,Udine,UD,istat-comuni
030072,Pasian di Prato,06,Friuli-Venezia Giulia,Udine,UD,istat-comuni
030073,Paularo,06,Friuli-Venezia Giulia,Udine,UD,istat-comuni
030074,Pavia di Udine,06,Friuli-Venezia Giulia,Udine,UD,istat-comuni
030075,Pocenia,06,Friuli-Venezia Giulia,Udine,UD,istat-comuni
030076,Pontebba,06,Friuli-Venezia Giulia,Udine,UD,istat-comuni
030077,Porpetto,06,Friuli-Venezia Giulia,Udine,UD,istat-comuni
030078,Povoletto,06,Friuli-Venezia Giulia,Udine,UD,istat-comuni
030079,Pozzuolo del Friuli,06,Friuli-Venezia Giulia,Udine,UD,istat-comuni
030080,Pradamano,06,Friuli-Venezia Giulia,Udine,UD,istat-comuni
030081,Prato Carnico,06,Friuli-Venezia Giulia,Udine,UD,istat-comuni
030082,Precenicco,06,Friuli-Venezia Giulia,Udine,UD,istat-comuni
030083,Premariacco,06,Friuli-Venezia Giulia,Udine,UD,istat-comuni
030084,Preone,06,Friuli-Venezia Giulia,Udine,UD,istat-comuni
030085,Prepotto,06,Friuli-Venezia Giulia,Udine,UD,istat-comuni
030086,Pulfero,06,Friuli-Venezia Giulia,Udine,UD,istat-comuni
030087,Ragogna,06,Friuli-Venezia Giulia,Udine,UD,istat-comuni
030088,Ravascletto,06,Friuli-Venezia Giulia,Udine,UD,istat-comuni
030089,Raveo,06,Friuli-Venezia Giulia,Udine,UD,istat-comuni
030090,Reana del Rojale,06,Friuli-Venezia Giulia,Udine,UD,istat-comuni
030091,Remanzacco,06,Friuli-Venezia Giulia,Udine,UD,istat-comuni
030092,Resia,06,Friuli-Venezia Giulia,Udine,UD,istat-comuni
030093,Resiutta,06,Friuli-Venezia Giulia,Udine,UD,istat-comuni
030094,Rigolato,06,Friuli-Venezia Giulia,Udine,UD,istat-comuni
030095,Rive d'Arcano,06,Friuli-Venezia Giulia,Udine,UD,istat-comuni
030097,Ronchis,06,Friuli-Venezia Giulia,Udine,UD,istat-comuni
030098,Ruda,06,Friuli-Venezia Giulia,Udine,UD,istat-comuni
030099,San Daniele del Friuli,06,Friuli-Venezia Giulia,Udine,UD,istat-comuni
030100,San Giorgio di Nogaro,06,Friuli-Venezia Giulia,Udine,UD,istat-comuni
030101,San Giovanni al Natisone,06,Friuli-Venezia Giulia,Udine,UD,istat-comuni
030102,San Leonardo,06,Friuli-Venezia Giulia,Udine,UD,istat-comuni
030103,San Pietro al Natisone,06,Friuli-Venezia Giulia,Udine,UD,istat-comuni
030104,Santa Maria la Longa,06,Friuli-Venezia Giulia,Udine,UD,istat-comuni
030105,San Vito al Torre,06,Friuli-Venezia Giulia,Udine,UD,istat-comuni
030106,San Vito di Fagagna,06,Friuli-Venezia Giulia,Udine,UD,istat-comuni
030107,Sauris,06,Friuli-Venezia Giulia,Udine,UD,istat-comuni
030108,Savogna,06,Friuli-Venezia Giulia,Udine,UD,istat-comuni
030109,Sedegliano,06,Friuli-Venezia Giulia,Udine,UD,istat-comuni
030110,Socchieve,06,Friuli-Venezia Giulia,Udine,UD,istat-comuni
030111,Stregna,06,Friuli-Venezia Giulia,Udine,UD,istat-comuni
030112,Sutrio,06,Friuli-Venezia Giulia,Udine,UD,istat-comuni
030113,Taipana,06,Friuli-Venezia Giulia,Udine,UD,istat-comuni
030114,Talmassons,06,Friuli-Venezia Giulia,Udine,UD,istat-comuni
030116,Tarcento,06,Friuli-Venezia Giulia,Udine,UD,istat-comuni
030117,Tarvisio,06,Friuli-Venezia Giulia,Udine,UD,istat-comuni
030118,Tavagnacco,06,Friuli-Venezia Giulia,Udine,UD,istat-comuni
030120,Terzo d'Aquileia,06,Friuli-Venezia Giulia,Udine,UD,istat-comuni
030121,Tolmezzo,06,Friuli-Venezia Giulia,Udine,UD,istat-comuni
030122,Torreano,06,Friuli-Venezia Giulia,Udine,UD,istat-comuni
030123,Torviscosa,06,Friuli-Venezia Giulia,Udine,UD,istat-comuni
030124,Trasaghis,06,Friuli-Venezia Giulia,Udine,UD,istat-comuni
030126,Treppo Grande,06,Friuli-Venezia Giulia,Udine,UD,istat-comuni
030127,Tricesimo,06,Friuli-Venezia Giulia,Udine,UD,istat-comuni
030128,Trivignano Udinese,06,Friuli-Venezia Giulia,Udine,UD,istat-comuni
030129,Udine,06,Friuli-Venezia Giulia,Udine,UD,istat-comuni
030130,Varmo,06,Friuli-Venezia Giulia,Udine,UD,istat-comuni
030131,Venzone,06,Friuli-Venezia Giulia,Udine,UD,istat-comuni
030132,Verzegnis,06,Friuli-Venezia Giulia,Udine,UD,istat-comuni
030133,Villa Santina,06,Friuli-Venezia Giulia,Udine,UD,istat-comuni
030135,Visco,06,Friuli-Venezia Giulia,Udine,UD,istat-comuni
030136,Zuglio,06,Friuli-Venezia Giulia,Udine,UD,istat-comuni
030137,Forgaria nel Friuli,06,Friuli-Venezia Giulia,Udine,UD,istat-comuni
030138,Campolongo Tapogliano,06,Friuli-Venezia Giulia,Udine,UD,istat-comuni
030188,Rivignano Teor,06,Friuli-Venezia Giulia,Udine,UD,istat-comuni
030189,Sappada,06,Friuli-Venezia Giulia,Udine,UD,istat-comuni
030190,Fiumicello Villa Vicentina,06,Friuli-Venezia Giulia,Udine,UD,istat-comuni
030191,Treppo Ligosullo,06,Friuli-Venezia Giulia,Udine,UD,istat-comuni
031001,Capriva del Friuli,06,Friuli-Venezia Giulia,Gorizia,GO,istat-comuni
031002,Cormons,06,Friuli-Venezia Giulia,Gorizia,GO,istat-comuni
031003,Doberdò del Lago,06,Friuli-Venezia Giulia,Gorizia,GO,istat-comuni
031004,Dolegna del Collio,06,Friuli-Venezia Giulia,Gorizia,GO,istat-comuni
031005,Farra d'Isonzo,06,Friuli-Venezia Giulia,Gorizia,GO,istat-comuni
031006,Fogliano Redipuglia,06,Friuli-Venezia Giulia,Gorizia,GO,istat-comuni
031007,Gorizia,06,Friuli-Venezia Giulia,Gorizia,GO,istat-comuni
031008,Gradisca d'Isonzo,06,Friuli-Venezia Giulia,Gorizia,GO,istat-comuni
031009,Grado,06,Friuli-Venezia Giulia,Gorizia,GO,istat-comuni
031010,Mariano del Friuli,06,Friuli-Venezia Giulia,Gorizia,GO,istat-comuni
031011,Medea,06,Friuli-Venezia Giulia,Gorizia,GO,istat-comuni
031012,Monfalcone,06,Friuli-Venezia Giulia,Gorizia,GO,istat-comuni
031013,Moraro,06,Friuli-Venezia Giulia,Gorizia,GO,istat-comuni
031014,Mossa,06,Friuli-Venezia Giulia,Gorizia,GO,istat-comuni
031015,Romans d'Isonzo,06,Friuli-Venezia Giulia,Gorizia,GO,istat-comuni
031016,Ronchi dei Legionari,06,Friuli-Venezia Giulia,Gorizia,GO,istat-comuni
031017,Sagrado,06,Friuli-Venezia Giulia,Gorizia,GO,istat-comuni
031018,San Canzian d'Isonzo,06,Friuli-Venezia Giulia,Gorizia,GO,istat-comuni
031019,San Floriano del Collio,06,Friuli-Venezia Giulia,Gorizia,GO,istat-comuni
031020,San Lorenzo Isontino,06,Friuli-Venezia Giulia,Gorizia,GO,istat-comuni
031021,San Pier d'Isonzo,06,Friuli-Venezia Giulia,Gorizia,GO,istat-comuni
031022,Savogna d'Isonzo,06,Friuli-Venezia Giulia,Gorizia,GO,istat-comuni
031023,Staranzano,06,Friuli-Venezia Giulia,Gorizia,GO,istat-comuni
031024,Turriaco,06,Friuli-Venezia Giulia,Gorizia,GO,istat-comuni
031025,Villesse,06,Friuli-Venezia Giulia,Gorizia,GO,istat-comuni
032001,Duino Aurisina,06,Friuli-Venezia Giulia,Trieste,TS,istat-comuni
032002,Monrupino,06,Friuli-Venezia Giulia,Trieste,TS,istat-comuni
032003,Muggia,06,Friuli-Venezia Giulia,Trieste,TS,istat-comuni
032004,San Dorligo della Valle,06,Friuli-Venezia Giulia,Trieste,TS,istat-comuni
032005,Sgonico,06,Friuli-Venezia Giulia,Trieste,TS,istat-comuni
032006,Trieste,06,Friuli-Venezia Giulia,Trieste,TS,istat-comuni
033001,Agazzano,08,Emilia-Romagna,Piacenza,PC,istat-comuni
033002,Alseno,08,Emilia-Romagna,Piacenza,PC,istat-comuni
033003,Besenzone,08,Emilia-Romagna,Piacenza,PC,istat-comuni
033004,Bettola,08,Emilia-Romagna,Piacenza,PC,istat-comuni
033005,Bobbio,08,Emilia-Romagna,Piacenza,PC,istat-comuni
033006,Borgonovo Val Tidone,08,Emilia-Romagna,Piacenza,PC,istat-comuni
033007,Cadeo,08,Emilia-Romagna,Piacenza,PC,istat-comuni
033008,Calendasco,08,Emilia-Romagna,Piacenza,PC,istat-comuni
033010,Caorso,08,Emilia-Romagna,Piacenza,PC,istat-comuni
033011,Carpaneto Piacentino,08,Emilia-Romagna,Piacenza,PC,istat-comuni
033012,Castell'Arquato,08,Emilia-Romagna,Piacenza,PC,istat-comuni
033013,Castel San Giovanni,08,Emilia-Romagna,Piacenza,PC,istat-comuni
033014,Castelvetro Piacentino,08,Emilia-Romagna,Piacenza,PC,istat-comuni
033015,Cerignale,08,Emilia-Romagna,Piacenza,PC,istat-comuni
033016,Coli,08,Emilia-Romagna,Piacenza,PC,istat-comuni
033017,Corte Brugnatella,08,Emilia-Romagna,Piacenza,PC,istat-comuni
033018,Cortemaggiore,08,Emilia-Romagna,Piacenza,PC,istat-comuni
033019,Farini,08,Emilia-Romagna,Piacenza,PC,istat-comuni
033020,Ferriere,08,Emilia-Romagna,Piacenza,PC,istat-comuni
033021,Fiorenzuola d'Arda,08,Emilia-Romagna,Piacenza,PC,istat-comuni
033022,Gazzola,08,Emilia-Romagna,Piacenza,PC,istat-comuni
033023,Gossolengo,08,Emilia-Romagna,Piacenza,PC,istat-comuni
033024,Gragnano Trebbiense,08,Emilia-Romagna,Piacenza,PC,istat-comuni
033025,Gropparello,08,Emilia-Romagna,Piacenza,PC,istat-comuni
033026,Lugagnano Val d'Arda,08,Emilia-Romagna,Piacenza,PC,istat-comuni
033027,Monticelli d'Ongina,08,Emilia-Romagna,Piacenza,PC,istat-comuni
033028,Morfasso,08,Emilia-Romagna,Piacenza,PC,istat-comuni
033030,Ottone,08,Emilia-Romagna,Piacenza,PC,istat-comuni
033032,Piacenza,08,Emilia-Romagna,Piacenza,PC,istat-comuni
033033,Pianello Val Tidone,08,Emilia-Romagna,Piacenza,PC,istat-comuni
033034,Piozzano,08,Emilia-Romagna,Piacenza,PC,istat-comuni
033035,Podenzano,08,Emilia-Romagna,Piacenza,PC,istat-comuni
033036,Ponte dell'Olio,08,Emilia-Romagna,Piacenza,PC,istat-comuni
033037,Pontenure,08,Emilia-Romagna,Piacenza,PC,istat-comuni
033038,Rivergaro,08,Emilia-Romagna,Piacenza,PC,istat-comuni
033039,Rottofreno,08,Emilia-Romagna,Piacenza,PC,istat-comuni
033040,San Giorgio Piacentino,08,Emilia-Romagna,Piacenza,PC,istat-comuni
033041,San Pietro in Cerro,08,Emilia-Romagna,Piacenza,PC,istat-comuni
033042,Sarmato,08,Emilia-Romagna,Piacenza,PC,istat-comuni
033043,Travo,08,Emilia-Romagna,Piacenza,PC,istat-comuni
033044,Vernasca,08,Emilia-Romagna,Piacenza,PC,istat-comuni
033045,Vigolzone,08,Emilia-Romagna,Piacenza,PC,istat-comuni
033046,Villanova sull'Arda,08,Emilia-Romagna,Piacenza,PC,istat-comuni
033047,Zerba,08,Emilia-Romagna,Piacenza,PC,istat-comuni
033048,Ziano Piacentino,08,Emilia-Romagna,Piacenza,PC,istat-comuni
033049,Alta Val Tidone,08,Emilia-Romagna,Piacenza,PC,istat-comuni
034001,Albareto,08,Emilia-Romagna,Parma,PR,istat-comuni
034002,Bardi,08,Emilia-Romagna,Parma,PR,istat-comuni
034003,Bedonia,08,Emilia-Romagna,Parma,PR,istat-comuni
034004,Berceto,08,Emilia-Romagna,Parma,PR,istat-comuni
034005,Bore,08,Emilia-Romagna,Parma,PR,istat-comuni
034006,Borgo Val di Taro,08,Emilia-Romagna,Parma,PR,istat-comuni
034007,Busseto,08,Emilia-Romagna,Parma,PR,istat-comuni
034008,Calestano,08,Emilia-Romagna,Parma,PR,istat-comuni
034009,Collecchio,08,Emilia-Romagna,Parma,PR,istat-comuni
034010,Colorno,08,Emilia-Romagna,Parma,PR,istat-comuni
034011,Compiano,08,Emilia-Romagna,Parma,PR,istat-comuni
034012,Corniglio,08,Emilia-Romagna,Parma,PR,istat-comuni
034013,Felino,08,Emilia-Romagna,Parma,PR,istat-comuni
034014,Fidenza,08,Emilia-Romagna,Parma,PR,istat-comuni
034015,Fontanellato,08,Emilia-Romagna,Parma,PR,istat-comuni
034016,Fontevivo,08,Emilia-Romagna,Parma,PR,istat-comuni
034017,Fornovo di Taro,08,Emilia-Romagna,Parma,PR,istat-comuni
034018,Langhirano,08,Emilia-Romagna,Parma,PR,istat-comuni
034019,Lesignano de' Bagni,08,Emilia-Romagna,Parma,PR,istat-comuni
034020,Medesano,08,Emilia-Romagna,Parma,PR,istat-comuni
034022,Monchio delle Corti,08,Emilia-Romagna,Parma,PR,istat-comuni
034023,Montechiarugolo,08,Emilia-Romagna,Parma,PR,istat-comuni
034024,Neviano degli Arduini,08,Emilia-Romagna,Parma,PR,istat-comuni
034025,Noceto,08,Emilia-Romagna,Parma,PR,istat-comuni
034026,Palanzano,08,Emilia-Romagna,Parma,PR,istat-comuni
034027,Parma,08,Emilia-Romagna,Parma,PR,istat-comuni
034028,Pellegrino Parmense,08,Emilia-Romagna,Parma,PR,istat-comuni
034030,Roccabianca,08,Emilia-Romagna,Parma,PR,istat-comuni
034031,Sala Baganza,08,Emilia-Romagna,Parma,PR,istat-comuni
034032,Salsomaggiore Terme,08,Emilia-Romagna,Parma,PR,istat-comuni
034033,San Secondo Parmense,08,Emilia-Romagna,Parma,PR,istat-comuni
034035,Solignano,08,Emilia-Romagna,Parma,PR,istat-comuni
034036,Soragna,08,Emilia-Romagna,Parma,PR,istat-comuni
034038,Terenzo,08,Emilia-Romagna,Parma,PR,istat-comuni
034039,Tizzano Val Parma,08,Emilia-Romagna,Parma,PR,istat-comuni
034040,Tornolo,08,Emilia-Romagna,Parma,PR,istat-comuni
034041,Torrile,08,Emilia-Romagna,Parma,PR,istat-comuni
034042,Traversetolo,08,Emilia-Romagna,Parma,PR,istat-comuni
034044,Valmozzola,08,Emilia-Romagna,Parma,PR,istat-comuni
034045,Varano de' Melegari,08,Emilia-Romagna,Parma,PR,istat-comuni
034046,Varsi,08,Emilia-Romagna,Parma,PR,istat-comuni
034049,Sissa Trecasali,08,Emilia-Romagna,Parma,PR,istat-comuni
034050,Polesine Zibello,08,Emilia-Romagna,Parma,PR,istat-comuni
034051,Sorbolo Mezzani,08,Emilia-Romagna,Parma,PR,istat-comuni
035001,Albinea,08,Emilia-Romagna,Reggio nell'Emilia,RE,istat-comuni
035002,Bagnolo in Piano,08,Emilia-Romagna,Reggio nell'Emilia,RE,istat-comuni
035003,Baiso,08,Emilia-Romagna,Reggio nell'Emilia,RE,istat-comuni
035004,Bibbiano,08,Emilia-Romagna,Reggio nell'Emilia,RE,istat-comuni
035005,Boretto,08,Emilia-Romagna,Reggio nell'Emilia,RE,istat-comuni
035006,Brescello,08,Emilia-Romagna,Reggio nell'Emilia,RE,istat-comuni
035008,Cadelbosco di Sopra,08,Emilia-Romagna,Reggio nell'Emilia,RE,istat-comuni
035009,Campagnola Emilia,08,Emilia-Romagna,Reggio nell'Emilia,RE,istat-comuni
035010,Campegine,08,Emilia-Romagna,Reggio nell'Emilia,RE,istat-comuni
035011,Carpineti,08,Emilia-Romagna,Reggio nell'Emilia,RE,istat-comuni
035012,Casalgrande,08,Emilia-Romagna,Reggio nell'Emilia,RE,istat-comuni
035013,Casina,08,Emilia-Romagna,Reggio nell'Emilia,RE,istat-comuni
035014,Castellarano,08,Emilia-Romagna,Reggio nell'Emilia,RE,istat-comuni
035015,Castelnovo di Sotto,08,Emilia-Romagna,Reggio nell'Emilia,RE,istat-comuni
035016,Castelnovo ne' Monti,08,Emilia-Romagna,Reggio nell'Emilia,RE,istat-comuni
035017,Cavriago,08,Emilia-Romagna,Reggio nell'Emilia,RE,istat-comuni
035018,Canossa,08,Emilia-Romagna,Reggio nell'Emilia,RE,istat-comuni
035020,Correggio,08,Emilia-Romagna,Reggio nell'Emilia,RE,istat-comuni
035021,Fabbrico,08,Emilia-Romagna,Reggio nell'Emilia,RE,istat-comuni
035022,Gattatico,08,Emilia-Romagna,Reggio nell'Emilia,RE,istat-comuni
035023,Gualtieri,08,Emilia-Romagna,Reggio nell'Emilia,RE,istat-comuni
035024,Guastalla,08,Emilia-Romagna,Reggio nell'Emilia,RE,istat-comuni
035026,Luzzara,08,Emilia-Romagna,Reggio nell'Emilia,RE,istat-comuni
035027,Montecchio Emilia,08,Emilia-Romagna,Reggio nell'Emilia,RE,istat-comuni
035028,Novellara,08,Emilia-Romagna,Reggio nell'Emilia,RE,istat-comuni
035029,Poviglio,08,Emilia-Romagna,Reggio nell'Emilia,RE,istat-comuni
035030,Quattro Castella,08,Emilia-Romagna,Reggio nell'Emilia,RE,istat-comuni
035032,Reggiolo,08,Emilia-Romagna,Reggio nell'Emilia,RE,istat-comuni
035033,Reggio nell'Emilia,08,Emilia-Romagna,Reggio nell'Emilia,RE,istat-comuni
035034,Rio Saliceto,08,Emilia-Romagna,Reggio nell'Emilia,RE,istat-comuni
035035,Rolo,08,Emilia-Romagna,Reggio nell'Emilia,RE,istat-comuni
035036,Rubiera,08,Emilia-Romagna,Reggio nell'Emilia,RE,istat-comuni
035037,San Martino in Rio,08,Emilia-Romagna,Reggio nell'Emilia,RE,istat-comuni
035038,San Polo d'Enza,08,Emilia-Romagna,Reggio nell'Emilia,RE,istat-comuni
035039,Sant'Ilario d'Enza,08,Emilia-Romagna,Reggio nell'Emilia,RE,istat-comuni
035040,Scandiano,08,Emilia-Romagna,Reggio nell'Emilia,RE,istat-comuni
035041,Toano,08,Emilia-Romagna,Reggio nell'Emilia,RE,istat-comuni
035042,Vetto,08,Emilia-Romagna,Reggio nell'Emilia,RE,istat-comuni
035043,Vezzano sul Crostolo,08,Emilia-Romagna,Reggio nell'Emilia,RE,istat-comuni
035044,Viano,08,Emilia-Romagna,Reggio nell'Emilia,RE,istat-comuni
035045,Villa Minozzo,08,Emilia-Romagna,Reggio nell'Emilia,RE,istat-comuni
035046,Ventasso,08,Emilia-Romagna,Reggio nell'Emilia,RE,istat-comuni
036001,Bastiglia,08,Emilia-Romagna,Modena,MO,istat-comuni
036002,Bomporto,08,Emilia-Romagna,Modena,MO,istat-comuni
036003,Campogalliano,08,Emilia-Romagna,Modena,MO,istat-comuni
036004,Camposanto,08,Emilia-Romagna,Modena,MO,istat-comuni
036005,Carpi,08,Emilia-Romagna,Modena,MO,istat-comuni
036006,Castelfranco Emilia,08,Emilia-Romagna,Modena,MO,istat-comuni
036007,Castelnuovo Rangone,08,Emilia-Romagna,Modena,MO,istat-comuni
036008,Castelvetro di Modena,08,Emilia-Romagna,Modena,MO,istat-comuni
036009,Cavezzo,08,Emilia-Romagna,Modena,MO,istat-comuni
036010,Concordia sulla Secchia,08,Emilia-Romagna,Modena,MO,istat-comuni
036011,Fanano,08,Emilia-Romagna,Modena,MO,istat-comuni
036012,Finale Emilia,08,Emilia-Romagna,Modena,MO,istat-comuni
036013,Fiorano Modenese,08,Emilia-Romagna,Modena,MO,istat-comuni
036014,Fiumalbo,08,Emilia-Romagna,Modena,MO,istat-comuni
036015,Formigine,08,Emilia-Romagna,Modena,MO,istat-comuni
036016,Frassinoro,08,Emilia-Romagna,Modena,MO,istat-comuni
036017,Guiglia,08,Emilia-Romagna,Modena,MO,istat-comuni
036018,Lama Mocogno,08,Emilia-Romagna,Modena,MO,istat-comuni
036019,Maranello,08,Emilia-Romagna,Modena,MO,istat-comuni
036020,Marano sul Panaro,08,Emilia-Romagna,Modena,MO,istat-comuni
036021,Medolla,08,Emilia-Romagna,Modena,MO,istat-comuni
036022,Mirandola,08,Emilia-Romagna,Modena,MO,istat-comuni
036023,Modena,08,Emilia-Romagna,Modena,MO,istat-comuni
036024,Montecreto,08,Emilia-Romagna,Modena,MO,istat-comuni
036025,Montefiorino,08,Emilia-Romagna,Modena,MO,istat-comuni
036026,Montese,08,Emilia-Romagna,Modena,MO,istat-comuni
036027,Nonantola,08,Emilia-Romagna,Modena,MO,istat-comuni
036028,Novi di Modena,08,Emilia-Romagna,Modena,MO,istat-comuni
036029,Palagano,08,Emilia-Romagna,Modena,MO,istat-comuni
036030,Pavullo nel Frignano,08,Emilia-Romagna,Modena,MO,istat-comuni
036031,Pievepelago,08,Emilia-Romagna,Modena,MO,istat-comuni
036032,Polinago,08,Emilia-Romagna,Modena,MO,istat-comuni
036033,Prignano sulla Secchia,08,Emilia-Romagna,Modena,MO,istat-comuni
036034,Ravarino,08,Emilia-Romagna,Modena,MO,istat-comuni
036035,Riolunato,08,Emilia-Romagna,Modena,MO,istat-comuni
036036,San Cesario sul Panaro,08,Emilia-Romagna,Modena,MO,istat-comuni
036037,San Felice sul Panaro,08,Emilia-Romagna,Modena,MO,istat-comuni
036038,San Possidonio,08,Emilia-Romagna,Modena,MO,istat-comuni
036039,San Prospero,08,Emilia-Romagna,Modena,MO,istat-comuni
036040,Sassuolo,08,Emilia-Romagna,Modena,MO,istat-comuni
036041,Savignano sul Panaro,08,Emilia-Romagna,Modena,MO,istat-comuni
036042,Serramazzoni,08,Emilia-Romagna,Modena,MO,istat-comuni
036043,Sestola,08,Emilia-Romagna,Modena,MO,istat-comuni
036044,Soliera,08,Emilia-Romagna,Modena,MO,istat-comuni
036045,Spilamberto,08,Emilia-Romagna,Modena,MO,istat-comuni
036046,Vignola,08,Emilia-Romagna,Modena,MO,istat-comuni
036047,Zocca,08,Emilia-Romagna,Modena,MO,istat-comuni
037001,Anzola dell'Emilia,08,Emilia-Romagna,Bologna,BO,istat-comuni
037002,Argelato,08,Emilia-Romagna,Bologna,BO,istat-comuni
037003,Baricella,08,Emilia-Romagna,Bologna,BO,istat-comuni
037005,Bentivoglio,08,Emilia-Romagna,Bologna,BO,istat-comuni
037006,Bologna,08,Emilia-Romagna,Bologna,BO,istat-comuni
037007,Borgo Tossignano,08,Emilia-Romagna,Bologna,BO,istat-comuni
037008,Budrio,08,Emilia-Romagna,Bologna,BO,istat-comuni
037009,Calderara di Reno,08,Emilia-Romagna,Bologna,BO,istat-comuni
037010,Camugnano,08,Emilia-Romagna,Bologna,BO,istat-comuni
037011,Casalecchio di Reno,08,Emilia-Romagna,Bologna,BO,istat-comuni
037012,Casalfiumanese,08,Emilia-Romagna,Bologna,BO,istat-comuni
037013,Castel d'Aiano,08,Emilia-Romagna,Bologna,BO,istat-comuni
037014,Castel del Rio,08,Emilia-Romagna,Bologna,BO,istat-comuni
037015,Castel di Casio,08,Emilia-Romagna,Bologna,BO,istat-comuni
037016,Castel Guelfo di Bologna,08,Emilia-Romagna,Bologna,BO,istat-comuni
037017,Castello d'Argile,08,Emilia-Romagna,Bologna,BO,istat-comuni
037019,Castel Maggiore,08,Emilia-Romagna,Bologna,BO,istat-comuni
037020,Castel San Pietro Terme,08,Emilia-Romagna,Bologna,BO,istat-comuni
037021,Castenaso,08,Emilia-Romagna,Bologna,BO,istat-comuni
037022,Castiglione dei Pepoli,08,Emilia-Romagna,Bologna,BO,istat-comuni
037024,Crevalcore,08,Emilia-Romagna,Bologna,BO,istat-comuni
037025,Dozza,08,Emilia-Romagna,Bologna,BO,istat-comuni
037026,Fontanelice,08,Emilia-Romagna,Bologna,BO,istat-comuni
037027,Gaggio Montano,08,Emilia-Romagna,Bologna,BO,istat-comuni
037028,Galliera,08,Emilia-Romagna,Bologna,BO,istat-comuni
037030,Granarolo dell'Emilia,08,Emilia-Romagna,Bologna,BO,istat-comuni
037031,Grizzana Morandi,08,Emilia-Romagna,Bologna,BO,istat-comuni
037032,Imola,08,Emilia-Romagna,Bologna,BO,istat-comuni
037033,Lizzano in Belvedere,08,Emilia-Romagna,Bologna,BO,istat-comuni
037034,Loiano,08,Emilia-Romagna,Bologna,BO,istat-comuni
037035,Malalbergo,08,Emilia-Romagna,Bologna,BO,istat-comuni
037036,Marzabotto,08,Emilia-Romagna,Bologna,BO,istat-comuni
037037,Medicina,08,Emilia-Romagna,Bologna,BO,istat-comuni
037038,Minerbio,08,Emilia-Romagna,Bologna,BO,istat-comuni
037039,Molinella,08,Emilia-Romagna,Bologna,BO,istat-comuni
037040,Monghidoro,08,Emilia-Romagna,Bologna,BO,istat-comuni
037041,Monterenzio,08,Emilia-Romagna,Bologna,BO,istat-comuni
037042,Monte San Pietro,08,Emilia-Romagna,Bologna,BO,istat-comuni
037044,Monzuno,08,Emilia-Romagna,Bologna,BO,istat-comuni
037045,Mordano,08,Emilia-Romagna,Bologna,BO,istat-comuni
037046,Ozzano dell'Emilia,08,Emilia-Romagna,Bologna,BO,istat-comuni
037047,Pianoro,08,Emilia-Romagna,Bologna,BO,istat-comuni
037048,Pieve di Cento,08,Emilia-Romagna,Bologna,BO,istat-comuni
037050,Sala Bolognese,08,Emilia-Romagna,Bologna,BO,istat-comuni
037051,San Benedetto Val di Sambro,08,Emilia-Romagna,Bologna,BO,istat-comuni
037052,San Giorgio di Piano,08,Emilia-Romagna,Bologna,BO,istat-comuni
037053,San Giovanni in Persiceto,08,Emilia-Romagna,Bologna,BO,istat-comuni
037054,San Lazzaro di Savena,08,Emilia-Romagna,Bologna,BO,istat-comuni
037055,San Pietro in Casale,08,Emilia-Romagna,Bologna,BO,istat-comuni
037056,Sant'Agata Bolognese,08,Emilia-Romagna,Bologna,BO,istat-comuni
037057,Sasso Marconi,08,Emilia-Romagna,Bologna,BO,istat-comuni
037059,Vergato,08,Emilia-Romagna,Bologna,BO,istat-comuni
037060,Zola Predosa,08,Emilia-Romagna,Bologna,BO,istat-comuni
037061,Valsamoggia,08,Emilia-Romagna,Bologna,BO,istat-comuni
037062,Alto Reno Terme,08,Emilia-Romagna,Bologna,BO,istat-comuni
038001,Argenta,08,Emilia-Romagna,Ferrara,FE,istat-comuni
038003,Bondeno,08,Emilia-Romagna,Ferrara,FE,istat-comuni
038004,Cento,08,Emilia-Romagna,Ferrara,FE,istat-comuni
038005,Codigoro,08,Emilia-Romagna,Ferrara,FE,istat-comuni
038006,Comacchio,08,Emilia-Romagna,Ferrara,FE,istat-comuni
038007,Copparo,08,Emilia-Romagna,Ferrara,FE,istat-comuni
038008,Ferrara,08,Emilia-Romagna,Ferrara,FE,istat-comuni
038010,Jolanda di Savoia,08,Emilia-Romagna,Ferrara,FE,istat-comuni
038011,Lagosanto,08,Emilia-Romagna,Ferrara,FE,istat-comuni
038012,Masi Torello,08,Emilia-Romagna,Ferrara,FE,istat-comuni
038014,Mesola,08,Emilia-Romagna,Ferrara,FE,istat-comuni
038017,Ostellato,08,Emilia-Romagna,Ferrara,FE,istat-comuni
038018,Poggio Renatico,08,Emilia-Romagna,Ferrara,FE,istat-comuni
038019,Portomaggiore,08,Emilia-Romagna,Ferrara,FE,istat-comuni
038022,Vigarano Mainarda,08,Emilia-Romagna,Ferrara,FE,istat-comuni
038023,Voghiera,08,Emilia-Romagna,Ferrara,FE,istat-comuni
038025,Goro,08,Emilia-Romagna,Ferrara,FE,istat-comuni
038027,Fiscaglia,08,Emilia-Romagna,Ferrara,FE,istat-comuni
038028,Terre del Reno,08,Emilia-Romagna,Ferrara,FE,istat-comuni
038029,Riva del Po,08,Emilia-Romagna,Ferrara,FE,istat-comuni
038030,Tresignana,08,Emilia-Romagna,Ferrara,FE,istat-comuni
039001,Alfonsine,08,Emilia-Romagna,Ravenna,RA,istat-comuni
039002,Bagnacavallo,08,Emilia-Romagna,Ravenna,RA,istat-comuni
039003,Bagnara di Romagna,08,Emilia-Romagna,Ravenna,RA,istat-comuni
039004,Brisighella,08,Emilia-Romagna,Ravenna,RA,istat-comuni
039005,Casola Valsenio,08,Emilia-Romagna,Ravenna,RA,istat-comuni
039006,Castel Bolognese,08,Emilia-Romagna,Ravenna,RA,istat-comuni
039007,Cervia,08,Emilia-Romagna,Ravenna,RA,istat-comuni
039008,Conselice,08,Emilia-Romagna,Ravenna,RA,istat-comuni
039009,Cotignola,08,Emilia-Romagna,Ravenna,RA,istat-comuni
039010,Faenza,08,Emilia-Romagna,Ravenna,RA,istat-comuni
039011,Fusignano,08,Emilia-Romagna,Ravenna,RA,istat-comuni
039012,Lugo,08,Emilia-Romagna,Ravenna,RA,istat-comuni
039013,Massa Lombarda,08,Emilia-Romagna,Ravenna,RA,istat-comuni
039014,Ravenna,08,Emilia-Romagna,Ravenna,RA,istat-comuni
039015,Riolo Terme,08,Emilia-Romagna,Ravenna,RA,istat-comuni
039016,Russi,08,Emilia-Romagna,Ravenna,RA,istat-comuni
039017,Sant'Agata sul Santerno,08,Emilia-Romagna,Ravenna,RA,istat-comuni
039018,Solarolo,08,Emilia-Romagna,Ravenna,RA,istat-comuni
040001,Bagno di Romagna,08,Emilia-Romagna,Forlì-Cesena,FC,istat-comuni
040003,Bertinoro,08,Emilia-Romagna,Forlì-Cesena,FC,istat-comuni
040004,Borghi,08,Emilia-Romagna,Forlì-Cesena,FC,istat-comuni
040005,Castrocaro Terme e Terra del Sole,08,Emilia-Romagna,Forlì-Cesena,FC,istat-comuni
040007,Cesena,08,Emilia-Romagna,Forlì-Cesena,FC,istat-comuni
040008,Cesenatico,08,Emilia-Romagna,Forlì-Cesena,FC,istat-comuni
040009,Civitella di Romagna,08,Emilia-Romagna,Forlì-Cesena,FC,istat-comuni
040011,Dovadola,08,Emilia-Romagna,Forlì-Cesena,FC,istat-comuni
040012,Forlì,08,Emilia-Romagna,Forlì-Cesena,FC,istat-comuni
040013,Forlimpopoli,08,Emilia-Romagna,Forlì-Cesena,FC,istat-comuni
040014,Galeata,08,Emilia-Romagna,Forlì-Cesena,FC,istat-comuni
040015,Gambettola,08,Emilia-Romagna,Forlì-Cesena,FC,istat-comuni
040016,Gatteo,08,Emilia-Romagna,Forlì-Cesena,FC,istat-comuni
040018,Longiano,08,Emilia-Romagna,Forlì-Cesena,FC,istat-comuni
040019,Meldola,08,Emilia-Romagna,Forlì-Cesena,FC,istat-comuni
040020,Mercato Saraceno,08,Emilia-Romagna,Forlì-Cesena,FC,istat-comuni
040022,Modigliana,08,Emilia-Romagna,Forlì-Cesena,FC,istat-comuni
040028,Montiano,08,Emilia-Romagna,Forlì-Cesena,FC,istat-comuni
040031,Portico e San Benedetto,08,Emilia-Romagna,Forlì-Cesena,FC,istat-comuni
040032,Predappio,08,Emilia-Romagna,Forlì-Cesena,FC,istat-comuni
040033,Premilcuore,08,Emilia-Romagna,Forlì-Cesena,FC,istat-comuni
040036,Rocca San Casciano,08,Emilia-Romagna,Forlì-Cesena,FC,istat-comuni
040037,Roncofreddo,08,Emilia-Romagna,Forlì-Cesena,FC,istat-comuni
040041,San Mauro Pascoli,08,Emilia-Romagna,Forlì-Cesena,FC,istat-comuni
040043,Santa Sofia,08,Emilia-Romagna,Forlì-Cesena,FC,istat-comuni
040044,Sarsina,08,Emilia-Romagna,Forlì-Cesena,FC,istat-comuni
040045,Savignano sul Rubicone,08,Emilia-Romagna,Forlì-Cesena,FC,istat-comuni
040046,Sogliano al Rubicone,08,Emilia-Romagna,Forlì-Cesena,FC,istat-comuni
040049,Tredozio,08,Emilia-Romagna,Forlì-Cesena,FC,istat-comuni
040050,Verghereto,08,Emilia-Romagna,Forlì-Cesena,FC,istat-comuni
041001,Acqualagna,11,Marche,Pesaro e Urbino,PU,istat-comuni
041002,Apecchio,11,Marche,Pesaro e Urbino,PU,istat-comuni
041005,Belforte all'Isauro,11,Marche,Pesaro e Urbino,PU,istat-comuni
041006,Borgo Pace,11,Marche,Pesaro e Urbino,PU,istat-comuni
041007,Cagli,11,Marche,Pesaro e Urbino,PU,istat-comuni
041008,Cantiano,11,Marche,Pesaro e Urbino,PU,istat-comuni
041009,Carpegna,11,Marche,Pesaro e Urbino,PU,istat-comuni
041010,Cartoceto,11,Marche,Pesaro e Urbino,PU,istat-comuni
041013,Fano,11,Marche,Pesaro e Urbino,PU,istat-comuni
041014,Fermignano,11,Marche,Pesaro e Urbino,PU,istat-comuni
041015,Fossombrone,11,Marche,Pesaro e Urbino,PU,istat-comuni
041016,Fratte Rosa,11,Marche,Pesaro e Urbino,PU,istat-comuni
041017,Frontino,11,Marche,Pesaro e Urbino,PU,istat-comuni
041018,Frontone,11,Marche,Pesaro e Urbino,PU,istat-comuni
041019,Gabicce Mare,11,Marche,Pesaro e Urbino,PU,istat-comuni
041020,Gradara,11,Marche,Pesaro e Urbino,PU,istat-comuni
041021,Isola del Piano,11,Marche,Pesaro e Urbino,PU,istat-comuni
041022,Lunano,11,Marche,Pesaro e Urbino,PU,istat-comuni
041023,Macerata Feltria,11,Marche,Pesaro e Urbino,PU,istat-comuni
041025,Mercatello sul Metauro,11,Marche,Pesaro e Urbino,PU,istat-comuni
041026,Mercatino Conca,11,Marche,Pesaro e Urbino,PU,istat-comuni
041027,Mombaroccio,11,Marche,Pesaro e Urbino,PU,istat-comuni
041028,Mondavio,11,Marche,Pesaro e Urbino,PU,istat-comuni
041029,Mondolfo,11,Marche,Pesaro e Urbino,PU,istat-comuni
041030,Montecalvo in Foglia,11,Marche,Pesaro e Urbino,PU,istat-comuni
041031,Monte Cerignone,11,Marche,Pesaro e Urbino,PU,istat-comuni
041034,Montefelcino,11,Marche,Pesaro e Urbino,PU,istat-comuni
041035,Monte Grimano Terme,11,Marche,Pesaro e Urbino,PU,istat-comuni
041036,Montelabbate,11,Marche,Pesaro e Urbino,PU,istat-comuni
041038,Monte Porzio,11,Marche,Pesaro e Urbino,PU,istat-comuni
041041,Peglio,11,Marche,Pesaro e Urbino,PU,istat-comuni
041043,Pergola,11,Marche,Pesaro e Urbino,PU,istat-comuni
041044,Pesaro,11,Marche,Pesaro e Urbino,PU,istat-comuni
041045,Petriano,11,Marche,Pesaro e Urbino,PU,istat-comuni
041047,Piandimeleto,11,Marche,Pesaro e Urbino,PU,istat-comuni
041048,Pietrarubbia,11,Marche,Pesaro e Urbino,PU,istat-comuni
041049,Piobbico,11,Marche,Pesaro e Urbino,PU,istat-comuni
041051,San Costanzo,11,Marche,Pesaro e Urbino,PU,istat-comuni
041054,San Lorenzo in Campo,11,Marche,Pesaro e Urbino,PU,istat-comuni
041057,Sant'Angelo in Vado,11,Marche,Pesaro e Urbino,PU,istat-comuni
041058,Sant'Ippolito,11,Marche,Pesaro e Urbino,PU,istat-comuni
041061,Serra Sant'Abbondio,11,Marche,Pesaro e Urbino,PU,istat-comuni
041064,Tavoleto,11,Marche,Pesaro e Urbino,PU,istat-comuni
041065,Tavullia,11,Marche,Pesaro e Urbino,PU,istat-comuni
041066,Urbania,11,Marche,Pesaro e Urbino,PU,istat-comuni
041067,Urbino,11,Marche,Pesaro e Urbino,PU,istat-comuni
041068,Vallefoglia,11,Marche,Pesaro e Urbino,PU,istat-comuni
041069,Colli al Metauro,11,Marche,Pesaro e Urbino,PU,istat-comuni
041070,Terre Roveresche,11,Marche,Pesaro e Urbino,PU,istat-comuni
041071,Sassocorvaro Auditore,11,Marche,Pesaro e Urbino,PU,istat-comuni
042001,Agugliano,11,Marche,Ancona,AN,istat-comuni
042002,Ancona,11,Marche,Ancona,AN,istat-comuni
042003,Arcevia,11,Marche,Ancona,AN,istat-comuni
042004,Barbara,11,Marche,Ancona,AN,istat-comuni
042005,Belvedere Ostrense,11,Marche,Ancona,AN,istat-comuni
042006,Camerano,11,Marche,Ancona,AN,istat-comuni
042007,Camerata Picena,11,Marche,Ancona,AN,istat-comuni
042008,Castelbellino,11,Marche,Ancona,AN,istat-comuni
042010,Castelfidardo,11,Marche,Ancona,AN,istat-comuni
042011,Castelleone di Suasa,11,Marche,Ancona,AN,istat-comuni
042012,Castelplanio,11,Marche,Ancona,AN,istat-comuni
042013,Cerreto d'Esi,11,Marche,Ancona,AN,istat-comuni
042014,Chiaravalle,11,Marche,Ancona,AN,istat-comuni
042015,Corinaldo,11,Marche,Ancona,AN,istat-comuni
042016,Cupramontana,11,Marche,Ancona,AN,istat-comuni
042017,Fabriano,11,Marche,Ancona,AN,istat-comuni
042018,Falconara Marittima,11,Marche,Ancona,AN,istat-comuni
042019,Filottrano,11,Marche,Ancona,AN,istat-comuni
042020,Genga,11,Marche,Ancona,AN,istat-comuni
042021,Jesi,11,Marche,Ancona,AN,istat-comuni
042022,Loreto,11,Marche,Ancona,AN,istat-comuni
042023,Maiolati Spontini,11,Marche,Ancona,AN,istat-comuni
042024,Mergo,11,Marche,Ancona,AN,istat-comuni
042025,Monsano,11,Marche,Ancona,AN,istat-comuni
042026,Montecarotto,11,Marche,Ancona,AN,istat-comuni
042027,Montemarciano,11,Marche,Ancona,AN,istat-comuni
042029,Monte Roberto,11,Marche,Ancona,AN,istat-comuni
042030,Monte San Vito,11,Marche,Ancona,AN,istat-comuni
042031,Morro d'Alba,11,Marche,Ancona,AN,istat-comuni
042032,Numana,11,Marche,Ancona,AN,istat-comuni
042033,Offagna,11,Marche,Ancona,AN,istat-comuni
042034,Osimo,11,Marche,Ancona,AN,istat-comuni
042035,Ostra,11,Marche,Ancona,AN,istat-comuni
042036,Ostra Vetere,11,Marche,Ancona,AN,istat-comuni
042037,Poggio San Marcello,11,Marche,Ancona,AN,istat-comuni
042038,Polverigi,11,Marche,Ancona,AN,istat-comuni
042040,Rosora,11,Marche,Ancona,AN,istat-comuni
042041,San Marcello,11,Marche,Ancona,AN,istat-comuni
042042,San Paolo di Jesi,11,Marche,Ancona,AN,istat-comuni
042043,Santa Maria Nuova,11,Marche,Ancona,AN,istat-comuni
042044,Sassoferrato,11,Marche,Ancona,AN,istat-comuni
042045,Senigallia,11,Marche,Ancona,AN,istat-comuni
042046,Serra de' Conti,11,Marche,Ancona,AN,istat-comuni
042047,Serra San Quirico,11,Marche,Ancona,AN,istat-comuni
042048,Sirolo,11,Marche,Ancona,AN,istat-comuni
042049,Staffolo,11,Marche,Ancona,AN,istat-comuni
042050,Trecastelli,11,Marche,Ancona,AN,istat-comuni
043002,Apiro,11,Marche,Macerata,MC,istat-comuni
043003,Appignano,11,Marche,Macerata,MC,istat-comuni
043004,Belforte del Chienti,11,Marche,Macerata,MC,istat-comuni
043005,Bolognola,11,Marche,Macerata,MC,istat-comuni
043006,Caldarola,11,Marche,Macerata,MC,istat-comuni
043007,Camerino,11,Marche,Macerata,MC,istat-comuni
043008,Camporotondo di Fiastrone,11,Marche,Macerata,MC,istat-comuni
043009,Castelraimondo,11,Marche,Macerata,MC,istat-comuni
043010,Castelsantangelo sul Nera,11,Marche,Macerata,MC,istat-comuni
043011,Cessapalombo,11,Marche,Macerata,MC,istat-comuni
043012,Cingoli,11,Marche,Macerata,MC,istat-comuni
043013,Civitanova Marche,11,Marche,Macerata,MC,istat-comuni
043014,Colmurano,11,Marche,Macerata,MC,istat-comuni
043015,Corridonia,11,Marche,Macerata,MC,istat-comuni
043016,Esanatoglia,11,Marche,Macerata,MC,istat-comuni
043017,Fiastra,11,Marche,Macerata,MC,istat-comuni
043019,Fiuminata,11,Marche,Macerata,MC,istat-comuni
043020,Gagliole,11,Marche,Macerata,MC,istat-comuni
043021,Gualdo,11,Marche,Macerata,MC,istat-comuni
043022,Loro Piceno,11,Marche,Macerata,MC,istat-comuni
043023,Macerata,11,Marche,Macerata,MC,istat-comuni
043024,Matelica,11,Marche,Macerata,MC,istat-comuni
043025,Mogliano,11,Marche,Macerata,MC,istat-comuni
043026,Montecassiano,11,Marche,Macerata,MC,istat-comuni
043027,Monte Cavallo,11,Marche,Macerata,MC,istat-comuni
043028,Montecosaro,11,Marche,Macerata,MC,istat-comuni
043029,Montefano,11,Marche,Macerata,MC,istat-comuni
043030,Montelupone,11,Marche,Macerata,MC,istat-comuni
043031,Monte San Giusto,11,Marche,Macerata,MC,istat-comuni
043032,Monte San Martino,11,Marche,Macerata,MC,istat-comuni
043033,Morrovalle,11,Marche,Macerata,MC,istat-comuni
043034,Muccia,11,Marche,Macerata,MC,istat-comuni
043035,Penna San Giovanni,11,Marche,Macerata,MC,istat-comuni
043036,Petriolo,11,Marche,Macerata,MC,istat-comuni
043038,Pieve Torina,11,Marche,Macerata,MC,istat-comuni
043039,Pioraco,11,Marche,Macerata,MC,istat-comuni
043040,Poggio San Vicino,11,Marche,Macerata,MC,istat-comuni
043041,Pollenza,11,Marche,Macerata,MC,istat-comuni
043042,Porto Recanati,11,Marche,Macerata,MC,istat-comuni
043043,Potenza Picena,11,Marche,Macerata,MC,istat-comuni
043044,Recanati,11,Marche,Macerata,MC,istat-comuni
043045,Ripe San Ginesio,11,Marche,Macerata,MC,istat-comuni
043046,San Ginesio,11,Marche,Macerata,MC,istat-comuni
043047,San Severino Marche,11,Marche,Macerata,MC,istat-comuni
043048,Sant'Angelo in Pontano,11,Marche,Macerata,MC,istat-comuni
043049,Sarnano,11,Marche,Macerata,MC,istat-comuni
043050,Sefro,11,Marche,Macerata,MC,istat-comuni
043051,Serrapetrona,11,Marche,Macerata,MC,istat-comuni
043052,Serravalle di Chienti,11,Marche,Macerata,MC,istat-comuni
043053,Tolentino,11,Marche,Macerata,MC,istat-comuni
043054,Treia,11,Marche,Macerata,MC,istat-comuni
043055,Urbisaglia,11,Marche,Macerata,MC,istat-comuni
043056,Ussita,11,Marche,Macerata,MC,istat-comuni
043057,Visso,11,Marche,Macerata,MC,istat-comuni
043058,Valfornace,11,Marche,Macerata,MC,istat-comuni
044001,Acquasanta Terme,11,Marche,Ascoli Piceno,AP,istat-comuni
044002,Acquaviva Picena,11,Marche,Ascoli Piceno,AP,istat-comuni
044005,Appignano del Tronto,11,Marche,Ascoli Piceno,AP,istat-comuni
044006,Arquata del Tronto,11,Marche,Ascoli Piceno,AP,istat-comuni
044007,Ascoli Piceno,11,Marche,Ascoli Piceno,AP,istat-comuni
044010,Carassai,11,Marche,Ascoli Piceno,AP,istat-comuni
044011,Castel di Lama,11,Marche,Ascoli Piceno,AP,istat-comuni
044012,Castignano,11,Marche,Ascoli Piceno,AP,istat-comuni
044013,Castorano,11,Marche,Ascoli Piceno,AP,istat-comuni
044014,Colli del Tronto,11,Marche,Ascoli Piceno,AP,istat-comuni
044015,Comunanza,11,Marche,Ascoli Piceno,AP,istat-comuni
044016,Cossignano,11,Marche,Ascoli Piceno,AP,istat-comuni
044017,Cupra Marittima,11,Marche,Ascoli Piceno,AP,istat-comuni
044020,Folignano,11,Marche,Ascoli Piceno,AP,istat-comuni
044021,Force,11,Marche,Ascoli Piceno,AP,istat-comuni
044023,Grottammare,11,Marche,Ascoli Piceno,AP,istat-comuni
044027,Maltignano,11,Marche,Ascoli Piceno,AP,istat-comuni
044029,Massignano,11,Marche,Ascoli Piceno,AP,istat-comuni
044031,Monsampolo del Tronto,11,Marche,Ascoli Piceno,AP,istat-comuni
044032,Montalto delle Marche,11,Marche,Ascoli Piceno,AP,istat-comuni
044034,Montedinove,11,Marche,Ascoli Piceno,AP,istat-comuni
044036,Montefiore dell'Aso,11,Marche,Ascoli Piceno,AP,istat-comuni
044038,Montegallo,11,Marche,Ascoli Piceno,AP,istat-comuni
044044,Montemonaco,11,Marche,Ascoli Piceno,AP,istat-comuni
044045,Monteprandone,11,Marche,Ascoli Piceno,AP,istat-comuni
044054,Offida,11,Marche,Ascoli Piceno,AP,istat-comuni
044056,Palmiano,11,Marche,Ascoli Piceno,AP,istat-comuni
044063,Ripatransone,11,Marche,Ascoli Piceno,AP,istat-comuni
044064,Roccafluvione,11,Marche,Ascoli Piceno,AP,istat-comuni
044065,Rotella,11,Marche,Ascoli Piceno,AP,istat-comuni
044066,San Benedetto del Tronto,11,Marche,Ascoli Piceno,AP,istat-comuni
044071,Spinetoli,11,Marche,Ascoli Piceno,AP,istat-comuni
044073,Venarotta,11,Marche,Ascoli Piceno,AP,istat-comuni
045001,Aulla,09,Toscana,Massa-Carrara,MS,istat-comuni
045002,Bagnone,09,Toscana,Massa-Carrara,MS,istat-comuni
045003,Carrara,09,Toscana,Massa-Carrara,MS,istat-comuni
045004,Casola in Lunigiana,09,Toscana,Massa-Carrara,MS,istat-comuni
045005,Comano,09,Toscana,Massa-Carrara,MS,istat-comuni
045006,Filattiera,09,Toscana,Massa-Carrara,MS,istat-comuni
045007,Fivizzano,09,Toscana,Massa-Carrara,MS,istat-comuni
045008,Fosdinovo,09,Toscana,Massa-Carrara,MS,istat-comuni
045009,Licciana Nardi,09,Toscana,Massa-Carrara,MS,istat-comuni
045010,Massa,09,Toscana,Massa-Carrara,MS,istat-comuni
045011,Montignoso,09,Toscana,Massa-Carrara,MS,istat-comuni
045012,Mulazzo,09,Toscana,Massa-Carrara,MS,istat-comuni
045013,Podenzana,09,Toscana,Massa-Carrara,MS,istat-comuni
045014,Pontremoli,09,Toscana,Massa-Carrara,MS,istat-comuni
045015,Tresana,09,Toscana,Massa-Carrara,MS,istat-comuni
045016,Villafranca in Lunigiana,09,Toscana,Massa-Carrara,MS,istat-comuni
045017,Zeri,09,Toscana,Massa-Carrara,MS,istat-comuni
046001,Altopascio,09,Toscana,Lucca,LU,istat-comuni
046002,Bagni di Lucca,09,Toscana,Lucca,LU,istat-comuni
046003,Barga,09,Toscana,Lucca,LU,istat-comuni
046004,Borgo a Mozzano,09,Toscana,Lucca,LU,istat-comuni
046005,Camaiore,09,Toscana,Lucca,LU,istat-comuni
046006,Camporgiano,09,Toscana,Lucca,LU,istat-comuni
046007,Capannori,09,Toscana,Lucca,LU,istat-comuni
046008,Careggine,09,Toscana,Lucca,LU,istat-comuni
046009,Castelnuovo di Garfagnana,09,Toscana,Lucca,LU,istat-comuni
046010,Castiglione di Garfagnana,09,Toscana,Lucca,LU,istat-comuni
046011,Coreglia Antelminelli,09,Toscana,Lucca,LU,istat-comuni
046013,Forte dei Marmi,09,Toscana,Lucca,LU,istat-comuni
046014,Fosciandora,09,Toscana,Lucca,LU,istat-comuni
046015,Gallicano,09,Toscana,Lucca,LU,istat-comuni
046017,Lucca,09,Toscana,Lucca,LU,istat-comuni
046018,Massarosa,09,Toscana,Lucca,LU,istat-comuni
046019,Minucciano,09,Toscana,Lucca,LU,istat-comuni
046020,Molazzana,09,Toscana,Lucca,LU,istat-comuni
046021,Montecarlo,09,Toscana,Lucca,LU,istat-comuni
046022,Pescaglia,09,Toscana,Lucca,LU,istat-comuni
046023,Piazza al Serchio,09,Toscana,Lucca,LU,istat-comuni
046024,Pietrasanta,09,Toscana,Lucca,LU,istat-comuni
046025,Pieve Fosciana,09,Toscana,Lucca,LU,istat-comuni
046026,Porcari,09,Toscana,Lucca,LU,istat-comuni
046027,San Romano in Garfagnana,09,Toscana,Lucca,LU,istat-comuni
046028,Seravezza,09,Toscana,Lucca,LU,istat-comuni
046030,Stazzema,09,Toscana,Lucca,LU,istat-comuni
046031,Vagli Sotto,09,Toscana,Lucca,LU,istat-comuni
046033,Viareggio,09,Toscana,Lucca,LU,istat-comuni
046034,Villa Basilica,09,Toscana,Lucca,LU,istat-comuni
046035,Villa Collemandina,09,Toscana,Lucca,LU,istat-comuni
046036,Fabbriche di Vergemoli,09,Toscana,Lucca,LU,istat-comuni
046037,Sillano Giuncugnano,09,Toscana,Lucca,LU,istat-comuni
047002,Agliana,09,Toscana,Pistoia,PT,istat-comuni
047003,Buggiano,09,Toscana,Pistoia,PT,istat-comuni
047005,Lamporecchio,09,Toscana,Pistoia,PT,istat-comuni
047006,Larciano,09,Toscana,Pistoia,PT,istat-comuni
047007,Marliana,09,Toscana,Pistoia,PT,istat-comuni
047008,Massa e Cozzile,09,Toscana,Pistoia,PT,istat-comuni
047009,Monsummano Terme,09,Toscana,Pistoia,PT,istat-comuni
047010,Montale,09,Toscana,Pistoia,PT,istat-comuni
047011,Montecatini-Terme,09,Toscana,Pistoia,PT,istat-comuni
047012,Pescia,09,Toscana,Pistoia,PT,istat-comuni
047013,Pieve a Nievole,09,Toscana,Pistoia,PT,istat-comuni
047014,Pistoia,09,Toscana,Pistoia,PT,istat-comuni
047016,Ponte Buggianese,09,Toscana,Pistoia,PT,istat-comuni
047017,Quarrata,09,Toscana,Pistoia,PT,istat-comuni
047018,Sambuca Pistoiese,09,Toscana,Pistoia,PT,istat-comuni
047020,Serravalle Pistoiese,09,Toscana,Pistoia,PT,istat-comuni
047021,Uzzano,09,Toscana,Pistoia,PT,istat-comuni
047022,Chiesina Uzzanese,09,Toscana,Pistoia,PT,istat-comuni
047023,Abetone Cutigliano,09,Toscana,Pistoia,PT,istat-comuni
047024,San Marcello Piteglio,09,Toscana,Pistoia,PT,istat-comuni
048001,Bagno a Ripoli,09,Toscana,Firenze,FI,istat-comuni
048002,Barberino di Mugello,09,Toscana,Firenze,FI,istat-comuni
048004,Borgo San Lorenzo,09,Toscana,Firenze,FI,istat-comuni
048005,Calenzano,09,Toscana,Firenze,FI,istat-comuni
048006,Campi Bisenzio,09,Toscana,Firenze,FI,istat-comuni
048008,Capraia e Limite,09,Toscana,Firenze,FI,istat-comuni
048010,Castelfiorentino,09,Toscana,Firenze,FI,istat-comuni
048011,Cerreto Guidi,09,Toscana,Firenze,FI,istat-comuni
048012,Certaldo,09,Toscana,Firenze,FI,istat-comuni
048013,Dicomano,09,Toscana,Firenze,FI,istat-comuni
048014,Empoli,09,Toscana,Firenze,FI,istat-comuni
048015,Fiesole,09,Toscana,Firenze,FI,istat-comuni
048017,Firenze,09,Toscana,Firenze,FI,istat-comuni
048018,Firenzuola,09,Toscana,Firenze,FI,istat-comuni
048019,Fucecchio,09,Toscana,Firenze,FI,istat-comuni
048020,Gambassi Terme,09,Toscana,Firenze,FI,istat-comuni
048021,Greve in Chianti,09,Toscana,Firenze,FI,istat-comuni
048022,Impruneta,09,Toscana,Firenze,FI,istat-comuni
048024,Lastra a Signa,09,Toscana,Firenze,FI,istat-comuni
048025,Londa,09,Toscana,Firenze,FI,istat-comuni
048026,Marradi,09,Toscana,Firenze,FI,istat-comuni
048027,Montaione,09,Toscana,Firenze,FI,istat-comuni
048028,Montelupo Fiorentino,09,Toscana,Firenze,FI,istat-comuni
048030,Montespertoli,09,Toscana,Firenze,FI,istat-comuni
048031,Palazzuolo sul Senio,09,Toscana,Firenze,FI,istat-comuni
048032,Pelago,09,Toscana,Firenze,FI,istat-comuni
048033,Pontassieve,09,Toscana,Firenze,FI,istat-comuni
048035,Reggello,09,Toscana,Firenze,FI,istat-comuni
048036,Rignano sull'Arno,09,Toscana,Firenze,FI,istat-comuni
048037,Rufina,09,Toscana,Firenze,FI,istat-comuni
048038,San Casciano in Val di Pesa,09,Toscana,Firenze,FI,istat-comuni
048039,San Godenzo,09,Toscana,Firenze,FI,istat-comuni
048041,Scandicci,09,Toscana,Firenze,FI,istat-comuni
048043,Sesto Fiorentino,09,Toscana,Firenze,FI,istat-comuni
048044,Signa,09,Toscana,Firenze,FI,istat-comuni
048046,Vaglia,09,Toscana,Firenze,FI,istat-comuni
048049,Vicchio,09,Toscana,Firenze,FI,istat-comuni
048050,Vinci,09,Toscana,Firenze,FI,istat-comuni
048052,Figline e Incisa Valdarno,09,Toscana,Firenze,FI,istat-comuni
048053,Scarperia e San Piero,09,Toscana,Firenze,FI,istat-comuni
048054,Barberino Tavarnelle,09,Toscana,Firenze,FI,istat-comuni
049001,Bibbona,09,Toscana,Livorno,LI,istat-comuni
049002,Campiglia Marittima,09,Toscana,Livorno,LI,istat-comuni
049003,Campo nell'Elba,09,Toscana,Livorno,LI,istat-comuni
049004,Capoliveri,09,Toscana,Livorno,LI,istat-comuni
049005,Capraia Isola,09,Toscana,Livorno,LI,istat-comuni
049006,Castagneto Carducci,09,Toscana,Livorno,LI,istat-comuni
049007,Cecina,09,Toscana,Livorno,LI,istat-comuni
049008,Collesalvetti,09,Toscana,Livorno,LI,istat-comuni
049009,Livorno,09,Toscana,Livorno,LI,istat-comuni
049010,Marciana,09,Toscana,Livorno,LI,istat-comuni
049011,Marciana Marina,09,Toscana,Livorno,LI,istat-comuni
049012,Piombino,09,Toscana,Livorno,LI,istat-comuni
049013,Porto Azzurro,09,Toscana,Livorno,LI,istat-comuni
049014,Portoferraio,09,Toscana,Livorno,LI,istat-comuni
049017,Rosignano Marittimo,09,Toscana,Livorno,LI,istat-comuni
049018,San Vincenzo,09,Toscana,Livorno,LI,istat-comuni
049019,Sassetta,09,Toscana,Livorno,LI,istat-comuni
049020,Suvereto,09,Toscana,Livorno,LI,istat-comuni
049021,Rio,09,Toscana,Livorno,LI,istat-comuni
050001,Bientina,09,Toscana,Pisa,PI,istat-comuni
050002,Buti,09,Toscana,Pisa,PI,istat-comuni
050003,Calci,09,Toscana,Pisa,PI,istat-comuni
050004,Calcinaia,09,Toscana,Pisa,PI,istat-comuni
050005,Capannoli,09,Toscana,Pisa,PI,istat-comuni
050006,Casale Marittimo,09,Toscana,Pisa,PI,istat-comuni
050008,Cascina,09,Toscana,Pisa,PI,istat-comuni
050009,Castelfranco di Sotto,09,Toscana,Pisa,PI,istat-comuni
050010,Castellina Marittima,09,Toscana,Pisa,PI,istat-comuni
050011,Castelnuovo di Val di Cecina,09,Toscana,Pisa,PI,istat-comuni
050012,Chianni,09,Toscana,Pisa,PI,istat-comuni
050014,Fauglia,09,Toscana,Pisa,PI,istat-comuni
050015,Guardistallo,09,Toscana,Pisa,PI,istat-comuni
050016,Lajatico,09,Toscana,Pisa,PI,istat-comuni
050019,Montecatini Val di Cecina,09,Toscana,Pisa,PI,istat-comuni
050020,Montescudaio,09,Toscana,Pisa,PI,istat-comuni
050021,Monteverdi Marittimo,09,Toscana,Pisa,PI,istat-comuni
050022,Montopoli in Val d'Arno,09,Toscana,Pisa,PI,istat-comuni
050023,Orciano Pisano,09,Toscana,Pisa,PI,istat-comuni
050024,Palaia,09,Toscana,Pisa,PI,istat-comuni
050025,Peccioli,09,Toscana,Pisa,PI,istat-comuni
050026,Pisa,09,Toscana,Pisa,PI,istat-comuni
050027,Pomarance,09,Toscana,Pisa,PI,istat-comuni
050028,Ponsacco,09,Toscana,Pisa,PI,istat-comuni
050029,Pontedera,09,Toscana,Pisa,PI,istat-comuni
050030,Riparbella,09,Toscana,Pisa,PI,istat-comuni
050031,San Giuliano Terme,09,Toscana,Pisa,PI,istat-comuni
050032,San Miniato,09,Toscana,Pisa,PI,istat-comuni
050033,Santa Croce sull'Arno,09,Toscana,Pisa,PI,istat-comuni
050034,Santa Luce,09,Toscana,Pisa,PI,istat-comuni
050035,Santa Maria a Monte,09,Toscana,Pisa,PI,istat-comuni
050036,Terricciola,09,Toscana,Pisa,PI,istat-comuni
050037,Vecchiano,09,Toscana,Pisa,PI,istat-comuni
050038,Vicopisano,09,Toscana,Pisa,PI,istat-comuni
050039,Volterra,09,Toscana,Pisa,PI,istat-comuni
050040,Casciana Terme Lari,09,Toscana,Pisa,PI,istat-comuni
050041,Crespina Lorenzana,09,Toscana,Pisa,PI,istat-comuni
051001,Anghiari,09,Toscana,Arezzo,AR,istat-comuni
051002,Arezzo,09,Toscana,Arezzo,AR,istat-comuni
051003,Badia Tedalda,09,Toscana,Arezzo,AR,istat-comuni
051004,Bibbiena,09,Toscana,Arezzo,AR,istat-comuni
051005,Bucine,09,Toscana,Arezzo,AR,istat-comuni
051006,Capolona,09,Toscana,Arezzo,AR,istat-comuni
051007,Caprese Michelangelo,09,Toscana,Arezzo,AR,istat-comuni
051008,Castel Focognano,09,Toscana,Arezzo,AR,istat-comuni
051010,Castel San Niccolò,09,Toscana,Arezzo,AR,istat-comuni
051011,Castiglion Fibocchi,09,Toscana,Arezzo,AR,istat-comuni
051012,Castiglion Fiorentino,09,Toscana,Arezzo,AR,istat-comuni
051013,Cavriglia,09,Toscana,Arezzo,AR,istat-comuni
051014,Chitignano,09,Toscana,Arezzo,AR,istat-comuni
051015,Chiusi della Verna,09,Toscana,Arezzo,AR,istat-comuni
051016,Civitella in Val di Chiana,09,Toscana,Arezzo,AR,istat-comuni
051017,Cortona,09,Toscana,Arezzo,AR,istat-comuni
051018,Foiano della Chiana,09,Toscana,Arezzo,AR,istat-comuni
051020,Loro Ciuffenna,09,Toscana,Arezzo,AR,istat-comuni
051021,Lucignano,09,Toscana,Arezzo,AR,istat-comuni
051022,Marciano della Chiana,09,Toscana,Arezzo,AR,istat-comuni
051023,Montemignaio,09,Toscana,Arezzo,AR,istat-comuni
051024,Monterchi,09,Toscana,Arezzo,AR,istat-comuni
051025,Monte San Savino,09,Toscana,Arezzo,AR,istat-comuni
051026,Montevarchi,09,Toscana,Arezzo,AR,istat-comuni
051027,Ortignano Raggiolo,09,Toscana,Arezzo,AR,istat-comuni
051030,Pieve Santo Stefano,09,Toscana,Arezzo,AR,istat-comuni
051031,Poppi,09,Toscana,Arezzo,AR,istat-comuni
051033,San Giovanni Valdarno,09,Toscana,Arezzo,AR,istat-comuni
051034,Sansepolcro,09,Toscana,Arezzo,AR,istat-comuni
051035,Sestino,09,Toscana,Arezzo,AR,istat-comuni
051037,Subbiano,09,Toscana,Arezzo,AR,istat-comuni
051038,Talla,09,Toscana,Arezzo,AR,istat-comuni
051039,Terranuova Bracciolini,09,Toscana,Arezzo,AR,istat-comuni
051040,Castelfranco Piandiscò,09,Toscana,Arezzo,AR,istat-comuni
051041,Pratovecchio Stia,09,Toscana,Arezzo,AR,istat-comuni
051042,Laterina Pergine Valdarno,09,Toscana,Arezzo,AR,istat-comuni
052001,Abbadia San Salvatore,09,Toscana,Siena,SI,istat-comuni
052002,Asciano,09,Toscana,Siena,SI,istat-comuni
052003,Buonconvento,09,Toscana,Siena,SI,istat-comuni
052004,Casole d'Elsa,09,Toscana,Siena,SI,istat-comuni
052005,Castellina in Chianti,09,Toscana,Siena,SI,istat-comuni
052006,Castelnuovo Berardenga,09,Toscana,Siena,SI,istat-comuni
052007,Castiglione d'Orcia,09,Toscana,Siena,SI,istat-comuni
052008,Cetona,09,Toscana,Siena,SI,istat-comuni
052009,Chianciano Terme,09,Toscana,Siena,SI,istat-comuni
052010,Chiusdino,09,Toscana,Siena,SI,istat-comuni
052011,Chiusi,09,Toscana,Siena,SI,istat-comuni
052012,Colle di Val d'Elsa,09,Toscana,Siena,SI,istat-comuni
052013,Gaiole in Chianti,09,Toscana,Siena,SI,istat-comuni
052015,Montepulciano,09,Toscana,Siena,SI,istat-comuni
052016,Monteriggioni,09,Toscana,Siena,SI,istat-comuni
052017,Monteroni d'Arbia,09,Toscana,Siena,SI,istat-comuni
052018,Monticiano,09,Toscana,Siena,SI,istat-comuni
052019,Murlo,09,Toscana,Siena,SI,istat-comuni
052020,Piancastagnaio,09,Toscana,Siena,SI,istat-comuni
052021,Pienza,09,Toscana,Siena,SI,istat-comuni
052022,Poggibonsi,09,Toscana,Siena,SI,istat-comuni
052023,Radda in Chianti,09,Toscana,Siena,SI,istat-comuni
052024,Radicofani,09,Toscana,Siena,SI,istat-comuni
052025,Radicondoli,09,Toscana,Siena,SI,istat-comuni
052026,Rapolano Terme,09,Toscana,Siena,SI,istat-comuni
052027,San Casciano dei Bagni,09,Toscana,Siena,SI,istat-comuni
052028,San Gimignano,09,Toscana,Siena,SI,istat-comuni
052030,San Quirico d'Orcia,09,Toscana,Siena,SI,istat-comuni
052031,Sarteano,09,Toscana,Siena,SI,istat-comuni
052032,Siena,09,Toscana,Siena,SI,istat-comuni
052033,Sinalunga,09,Toscana,Siena,SI,istat-comuni
052034,Sovicille,09,Toscana,Siena,SI,istat-comuni
052035,Torrita di Siena,09,Toscana,Siena,SI,istat-comuni
052036,Trequanda,09,Toscana,Siena,SI,istat-comuni
052037,Montalcino,09,Toscana,Siena,SI,istat-comuni
053001,Arcidosso,09,Toscana,Grosseto,GR,istat-comuni
053002,Campagnatico,09,Toscana,Grosseto,GR,istat-comuni
053003,Capalbio,09,Toscana,Grosseto,GR,istat-comuni
053004,Castel del Piano,09,Toscana,Grosseto,GR,istat-comuni
053005,Castell'Azzara,09,Toscana,Grosseto,GR,istat-comuni
053006,Castiglione della Pescaia,09,Toscana,Grosseto,GR,istat-comuni
053007,Cinigiano,09,Toscana,Grosseto,GR,istat-comuni
053008,Civitella Paganico,09,Toscana,Grosseto,GR,istat-comuni
053009,Follonica,09,Toscana,Grosseto,GR,istat-comuni
053010,Gavorrano,09,Toscana,Grosseto,GR,istat-comuni
053011,Grosseto,09,Toscana,Grosseto,GR,istat-comuni
053012,Isola del Giglio,09,Toscana,Grosseto,GR,istat-comuni
053013,Magliano in Toscana,09,Toscana,Grosseto,GR,istat-comuni
053014,Manciano,09,Toscana,Grosseto,GR,istat-comuni
053015,Massa Marittima,09,Toscana,Grosseto,GR,istat-comuni
053016,Monte Argentario,09,Toscana,Grosseto,GR,istat-comuni
053017,Montieri,09,Toscana,Grosseto,GR,istat-comuni
053018,Orbetello,09,Toscana,Grosseto,GR,istat-comuni
053019,Pitigliano,09,Toscana,Grosseto,GR,istat-comuni
053020,Roccalbegna,09,Toscana,Grosseto,GR,istat-comuni
053021,Roccastrada,09,Toscana,Grosseto,GR,istat-comuni
053022,Santa Fiora,09,Toscana,Grosseto,GR,istat-comuni
053023,Scansano,09,Toscana,Grosseto,GR,istat-comuni
053024,Scarlino,09,Toscana,Grosseto,GR,istat-comuni
053025,Seggiano,09,Toscana,Grosseto,GR,istat-comuni
053026,Sorano,09,Toscana,Grosseto,GR,istat-comuni
053027,Monterotondo Marittimo,09,Toscana,Grosseto,GR,istat-comuni
053028,Semproniano,09,Toscana,Grosseto,GR,istat-comuni
054001,Assisi,10,Umbria,Perugia,PG,istat-comuni
054002,Bastia Umbra,10,Umbria,Perugia,PG,istat-comuni
054003,Bettona,10,Umbria,Perugia,PG,istat-comuni
054004,Bevagna,10,Umbria,Perugia,PG,istat-comuni
054005,Campello sul Clitunno,10,Umbria,Perugia,PG,istat-comuni
054006,Cannara,10,Umbria,Perugia,PG,istat-comuni
054007,Cascia,10,Umbria,Perugia,PG,istat-comuni
054008,Castel Ritaldi,10,Umbria,Perugia,PG,istat-comuni
054009,Castiglione del Lago,10,Umbria,Perugia,PG,istat-comuni
054010,Cerreto di Spoleto,10,Umbria,Perugia,PG,istat-comuni
054011,Citerna,10,Umbria,Perugia,PG,istat-comuni
054012,Città della Pieve,10,Umbria,Perugia,PG,istat-comuni
054013,Città di Castello,10,Umbria,Perugia,PG,istat-comuni
054014,Collazzone,10,Umbria,Perugia,PG,istat-comuni
054015,Corciano,10,Umbria,Perugia,PG,istat-comuni
054016,Costacciaro,10,Umbria,Perugia,PG,istat-comuni
054017,Deruta,10,Umbria,Perugia,PG,istat-comuni
054018,Foligno,10,Umbria,Perugia,PG,istat-comuni
054019,Fossato di Vico,10,Umbria,Perugia,PG,istat-comuni
054020,Fratta Todina,10,Umbria,Perugia,PG,istat-comuni
054021,Giano dell'Umbria,10,Umbria,Perugia,PG,istat-comuni
054022,Gualdo Cattaneo,10,Umbria,Perugia,PG,istat-comuni
054023,Gualdo Tadino,10,Umbria,Perugia,PG,istat-comuni
054024,Gubbio,10,Umbria,Perugia,PG,istat-comuni
054025,Lisciano Niccone,10,Umbria,Perugia,PG,istat-comuni
054026,Magione,10,Umbria,Perugia,PG,istat-comuni
054027,Marsciano,10,Umbria,Perugia,PG,istat-comuni
054028,Massa Martana,10,Umbria,Perugia,PG,istat-comuni
054029,Monte Castello di Vibio,10,Umbria,Perugia,PG,istat-comuni
054030,Montefalco,10,Umbria,Perugia,PG,istat-comuni
054031,Monteleone di Spoleto,10,Umbria,Perugia,PG,istat-comuni
054032,Monte Santa Maria Tiberina,10,Umbria,Perugia,PG,istat-comuni
054033,Montone,10,Umbria,Perugia,PG,istat-comuni
054034,Nocera Umbra,10,Umbria,Perugia,PG,istat-comuni
054035,Norcia,10,Umbria,Perugia,PG,istat-comuni
054036,Paciano,10,Umbria,Perugia,PG,istat-comuni
054037,Panicale,10,Umbria,Perugia,PG,istat-comuni
054038,Passignano sul Trasimeno,10,Umbria,Perugia,PG,istat-comuni
054039,Perugia,10,Umbria,Perugia,PG,istat-comuni
054040,Piegaro,10,Umbria,Perugia,PG,istat-comuni
054041,Pietralunga,10,Umbria,Perugia,PG,istat-comuni
054042,Poggiodomo,10,Umbria,Perugia,PG,istat-comuni
054043,Preci,10,Umbria,Perugia,PG,istat-comuni
054044,San Giustino,10,Umbria,Perugia,PG,istat-comuni
054045,Sant'Anatolia di Narco,10,Umbria,Perugia,PG,istat-comuni
054046,Scheggia e Pascelupo,10,Umbria,Perugia,PG,istat-comuni
054047,Scheggino,10,Umbria,Perugia,PG,istat-comuni
054048,Sellano,10,Umbria,Perugia,PG,istat-comuni
054049,Sigillo,10,Umbria,Perugia,PG,istat-comuni
054050,Spello,10,Umbria,Perugia,PG,istat-comuni
054051,Spoleto,10,Umbria,Perugia,PG,istat-comuni
054052,Todi,10,Umbria,Perugia,PG,istat-comuni
054053,Torgiano,10,Umbria,Perugia,PG,istat-comuni
054054,Trevi,10,Umbria,Perugia,PG,istat-comuni
054055,Tuoro sul Trasimeno,10,Umbria,Perugia,PG,istat-comuni
054056,Umbertide,10,Umbria,Perugia,PG,istat-comuni
054057,Valfabbrica,10,Umbria,Perugia,PG,istat-comuni
054058,Vallo di Nera,10,Umbria,Perugia,PG,istat-comuni
054059,Valtopina,10,Umbria,Perugia,PG,istat-comuni
055001,Acquasparta,10,Umbria,Terni,TR,istat-comuni
055002,Allerona,10,Umbria,Terni,TR,istat-comuni
055003,Alviano,10,Umbria,Terni,TR,istat-comuni
055004,Amelia,10,Umbria,Terni,TR,istat-comuni
055005,Arrone,10,Umbria,Terni,TR,istat-comuni
055006,Attigliano,10,Umbria,Terni,TR,istat-comuni
055007,Baschi,10,Umbria,Terni,TR,istat-comuni
055008,Calvi dell'Umbria,10,Umbria,Terni,TR,istat-comuni
055009,Castel Giorgio,10,Umbria,Terni,TR,istat-comuni
055010,Castel Viscardo,10,Umbria,Terni,TR,istat-comuni
055011,Fabro,10,Umbria,Terni,TR,istat-comuni
055012,Ferentillo,10,Umbria,Terni,TR,istat-comuni
055013,Ficulle,10,Umbria,Terni,TR,istat-comuni
055014,Giove,10,Umbria,Terni,TR,istat-comuni
055015,Guardea,10,Umbria,Terni,TR,istat-comuni
055016,Lugnano in Teverina,10,Umbria,Terni,TR,istat-comuni
055017,Montecastrilli,10,Umbria,Terni,TR,istat-comuni
055018,Montecchio,10,Umbria,Terni,TR,istat-comuni
055019,Montefranco,10,Umbria,Terni,TR,istat-comuni
055020,Montegabbione,10,Umbria,Terni,TR,istat-comuni
055021,Monteleone d'Orvieto,10,Umbria,Terni,TR,istat-comuni
055022,Narni,10,Umbria,Terni,TR,istat-comuni
055023,Orvieto,10,Umbria,Terni,TR,istat-comuni
055024,Otricoli,10,Umbria,Terni,TR,istat-comuni
055025,Parrano,10,Umbria,Terni,TR,istat-comuni
055026,Penna in Teverina,10,Umbria,Terni,TR,istat-comuni
055027,Polino,10,Umbria,Terni,TR,istat-comuni
055028,Porano,10,Umbria,Terni,TR,istat-comuni
055029,San Gemini,10,Umbria,Terni,TR,istat-comuni
055030,San Venanzo,10,Umbria,Terni,TR,istat-comuni
055031,Stroncone,10,Umbria,Terni,TR,istat-comuni
055032,Terni,10,Umbria,Terni,TR,istat-comuni
055033,Avigliano Umbro,10,Umbria,Terni,TR,istat-comuni
056001,Acquapendente,12,Lazio,Viterbo,VT,istat-comuni
056002,Arlena di Castro,12,Lazio,Viterbo,VT,istat-comuni
056003,Bagnoregio,12,Lazio,Viterbo,VT,istat-comuni
056004,Barbarano Romano,12,Lazio,Viterbo,VT,istat-comuni
056005,Bassano Romano,12,Lazio,Viterbo,VT,istat-comuni
056006,Bassano in Teverina,12,Lazio,Viterbo,VT,istat-comuni
056007,Blera,12,Lazio,Viterbo,VT,istat-comuni
056008,Bolsena,12,Lazio,Viterbo,VT,istat-comuni
056009,Bomarzo,12,Lazio,Viterbo,VT,istat-comuni
056010,Calcata,12,Lazio,Viterbo,VT,istat-comuni
056011,Canepina,12,Lazio,Viterbo,VT,istat-comuni
056012,Canino,12,Lazio,Viterbo,VT,istat-comuni
056013,Capodimonte,12,Lazio,Viterbo,VT,istat-comuni
056014,Capranica,12,Lazio,Viterbo,VT,istat-comuni
056015,Caprarola,12,Lazio,Viterbo,VT,istat-comuni
056016,Carbognano,12,Lazio,Viterbo,VT,istat-comuni
056017,Castel Sant'Elia,12,Lazio,Viterbo,VT,istat-comuni
056018,Castiglione in Teverina,12,Lazio,Viterbo,VT,istat-comuni
056019,Celleno,12,Lazio,Viterbo,VT,istat-comuni
056020,Cellere,12,Lazio,Viterbo,VT,istat-comuni
056021,Civita Castellana,12,Lazio,Viterbo,VT,istat-comuni
056022,Civitella d'Agliano,12,Lazio,Viterbo,VT,istat-comuni
056023,Corchiano,12,Lazio,Viterbo,VT,istat-comuni
056024,Fabrica di Roma,12,Lazio,Viterbo,VT,istat-comuni
056025,Faleria,12,Lazio,Viterbo,VT,istat-comuni
056026,Farnese,12,Lazio,Viterbo,VT,istat-comuni
056027,Gallese,12,Lazio,Viterbo,VT,istat-comuni
056028,Gradoli,12,Lazio,Viterbo,VT,istat-comuni
056029,Graffignano,12,Lazio,Viterbo,VT,istat-comuni
056030,Grotte di Castro,12,Lazio,Viterbo,VT,istat-comuni
056031,Ischia di Castro,12,Lazio,Viterbo,VT,istat-comuni
056032,Latera,12,Lazio,Viterbo,VT,istat-comuni
056033,Lubriano,12,Lazio,Viterbo,VT,istat-comuni
056034,Marta,12,Lazio,Viterbo,VT,istat-comuni
056035,Montalto di Castro,12,Lazio,Viterbo,VT,istat-comuni
056036,Montefiascone,12,Lazio,Viterbo,VT,istat-comuni
056037,Monte Romano,12,Lazio,Viterbo,VT,istat-comuni
056038,Monterosi,12,Lazio,Viterbo,VT,istat-comuni
056039,Nepi,12,Lazio,Viterbo,VT,istat-comuni
056040,Onano,12,Lazio,Viterbo,VT,istat-comuni
056041,Oriolo Romano,12,Lazio,Viterbo,VT,istat-comuni
056042,Orte,12,Lazio,Viterbo,VT,istat-comuni
056043,Piansano,12,Lazio,Viterbo,VT,istat-comuni
056044,Proceno,12,Lazio,Viterbo,VT,istat-comuni
056045,Ronciglione,12,Lazio,Viterbo,VT,istat-comuni
056046,Villa San Giovanni in Tuscia,12,Lazio,Viterbo,VT,istat-comuni
056047,San Lorenzo Nuovo,12,Lazio,Viterbo,VT,istat-comuni
056048,Soriano nel Cimino,12,Lazio,Viterbo,VT,istat-comuni
056049,Sutri,12,Lazio,Viterbo,VT,istat-comuni
056050,Tarquinia,12,Lazio,Viterbo,VT,istat-comuni
056051,Tessennano,12,Lazio,Viterbo,VT,istat-comuni
056052,Tuscania,12,Lazio,Viterbo,VT,istat-comuni
056053,Valentano,12,Lazio,Viterbo,VT,istat-comuni
056054,Vallerano,12,Lazio,Viterbo,VT,istat-comuni
056055,Vasanello,12,Lazio,Viterbo,VT,istat-comuni
056056,Vejano,12,Lazio,Viterbo,VT,istat-comuni
056057,Vetralla,12,Lazio,Viterbo,VT,istat-comuni
056058,Vignanello,12,Lazio,Viterbo,VT,istat-comuni
056059,Viterbo,12,Lazio,Viterbo,VT,istat-comuni
056060,Vitorchiano,12,Lazio,Viterbo,VT,istat-comuni
057001,Accumoli,12,Lazio,Rieti,RI,istat-comuni
057002,Amatrice,12,Lazio,Rieti,RI,istat-comuni
057003,Antrodoco,12,Lazio,Rieti,RI,istat-comuni
057004,Ascrea,12,Lazio,Rieti,RI,istat-comuni
057005,Belmonte in Sabina,12,Lazio,Rieti,RI,istat-comuni
057006,Borbona,12,Lazio,Rieti,RI,istat-comuni
057007,Borgorose,12,Lazio,Rieti,RI,istat-comuni
057008,Borgo Velino,12,Lazio,Rieti,RI,istat-comuni
057009,Cantalice,12,Lazio,Rieti,RI,istat-comuni
057010,Cantalupo in Sabina,12,Lazio,Rieti,RI,istat-comuni
057011,Casaprota,12,Lazio,Rieti,RI,istat-comuni
057012,Casperia,12,Lazio,Rieti,RI,istat-comuni
057013,Castel di Tora,12,Lazio,Rieti,RI,istat-comuni
057014,Castelnuovo di Farfa,12,Lazio,Rieti,RI,istat-comuni
057015,Castel Sant'Angelo,12,Lazio,Rieti,RI,istat-comuni
057016,Cittaducale,12,Lazio,Rieti,RI,istat-comuni
057017,Cittareale,12,Lazio,Rieti,RI,istat-comuni
057018,Collalto Sabino,12,Lazio,Rieti,RI,istat-comuni
057019,Colle di Tora,12,Lazio,Rieti,RI,istat-comuni
057020,Collegiove,12,Lazio,Rieti,RI,istat-comuni
057021,Collevecchio,12,Lazio,Rieti,RI,istat-comuni
057022,Colli sul Velino,12,Lazio,Rieti,RI,istat-comuni
057023,Concerviano,12,Lazio,Rieti,RI,istat-comuni
057024,Configni,12,Lazio,Rieti,RI,istat-comuni
057025,Contigliano,12,Lazio,Rieti,RI,istat-comuni
057026,Cottanello,12,Lazio,Rieti,RI,istat-comuni
057027,Fara in Sabina,12,Lazio,Rieti,RI,istat-comuni
057028,Fiamignano,12,Lazio,Rieti,RI,istat-comuni
057029,Forano,12,Lazio,Rieti,RI,istat-comuni
057030,Frasso Sabino,12,Lazio,Rieti,RI,istat-comuni
057031,Greccio,12,Lazio,Rieti,RI,istat-comuni
057032,Labro,12,Lazio,Rieti,RI,istat-comuni
057033,Leonessa,12,Lazio,Rieti,RI,istat-comuni
057034,Longone Sabino,12,Lazio,Rieti,RI,istat-comuni
057035,Magliano Sabina,12,Lazio,Rieti,RI,istat-comuni
057036,Marcetelli,12,Lazio,Rieti,RI,istat-comuni
057037,Micigliano,12,Lazio,Rieti,RI,istat-comuni
057038,Mompeo,12,Lazio,Rieti,RI,istat-comuni
057039,Montasola,12,Lazio,Rieti,RI,istat-comuni
057040,Montebuono,12,Lazio,Rieti,RI,istat-comuni
057041,Monteleone Sabino,12,Lazio,Rieti,RI,istat-comuni
057042,Montenero Sabino,12,Lazio,Rieti,RI,istat-comuni
057043,Monte San Giovanni in Sabina,12,Lazio,Rieti,RI,istat-comuni
057044,Montopoli di Sabina,12,Lazio,Rieti,RI,istat-comuni
057045,Morro Reatino,12,Lazio,Rieti,RI,istat-comuni
057046,Nespolo,12,Lazio,Rieti,RI,istat-comuni
057047,Orvinio,12,Lazio,Rieti,RI,istat-comuni
057048,Paganico Sabino,12,Lazio,Rieti,RI,istat-comuni
057049,Pescorocchiano,12,Lazio,Rieti,RI,istat-comuni
057050,Petrella Salto,12,Lazio,Rieti,RI,istat-comuni
057051,Poggio Bustone,12,Lazio,Rieti,RI,istat-comuni
057052,Poggio Catino,12,Lazio,Rieti,RI,istat-comuni
057053,Poggio Mirteto,12,Lazio,Rieti,RI,istat-comuni
057054,Poggio Moiano,12,Lazio,Rieti,RI,istat-comuni
057055,Poggio Nativo,12,Lazio,Rieti,RI,istat-comuni
057056,Poggio San Lorenzo,12,Lazio,Rieti,RI,istat-comuni
057057,Posta,12,Lazio,Rieti,RI,istat-comuni
057058,Pozzaglia Sabina,12,Lazio,Rieti,RI,istat-comuni
057059,Rieti,12,Lazio,Rieti,RI,istat-comuni
057060,Rivodutri,12,Lazio,Rieti,RI,istat-comuni
057061,Roccantica,12,Lazio,Rieti,RI,istat-comuni
057062,Rocca Sinibalda,12,Lazio,Rieti,RI,istat-comuni
057063,Salisano,12,Lazio,Rieti,RI,istat-comuni
057064,Scandriglia,12,Lazio,Rieti,RI,istat-comuni
057065,Selci,12,Lazio,Rieti,RI,istat-comuni
057066,Stimigliano,12,Lazio,Rieti,RI,istat-comuni
057067,Tarano,12,Lazio,Rieti,RI,istat-comuni
057068,Toffia,12,Lazio,Rieti,RI,istat-comuni
057069,Torricella in Sabina,12,Lazio,Rieti,RI,istat-comuni
057070,Torri in Sabina,12,Lazio,Rieti,RI,istat-comuni
057071,Turania,12,Lazio,Rieti,RI,istat-comuni
057072,Vacone,12,Lazio,Rieti,RI,istat-comuni
057073,Varco Sabino,12,Lazio,Rieti,RI,istat-comuni
058001,Affile,12,Lazio,Roma,RM,istat-comuni
058002,Agosta,12,Lazio,Roma,RM,istat-comuni
058003,Albano Laziale,12,Lazio,Roma,RM,istat-comuni
058004,Allumiere,12,Lazio,Roma,RM,istat-comuni
058005,Anguillara Sabazia,12,Lazio,Roma,RM,istat-comuni
058006,Anticoli Corrado,12,Lazio,Roma,RM,istat-comuni
058007,Anzio,12,Lazio,Roma,RM,istat-comuni
058008,Arcinazzo Romano,12,Lazio,Roma,RM,istat-comuni
058009,Ariccia,12,Lazio,Roma,RM,istat-comuni
058010,Arsoli,12,Lazio,Roma,RM,istat-comuni
058011,Artena,12,Lazio,Roma,RM,istat-comuni
058012,Bellegra,12,Lazio,Roma,RM,istat-comuni
058013,Bracciano,12,Lazio,Roma,RM,istat-comuni
058014,Camerata Nuova,12,Lazio,Roma,RM,istat-comuni
058015,Campagnano di Roma,12,Lazio,Roma,RM,istat-comuni
058016,Canale Monterano,12,Lazio,Roma,RM,istat-comuni
058017,Canterano,12,Lazio,Roma,RM,istat-comuni
058018,Capena,12,Lazio,Roma,RM,istat-comuni
058019,Capranica Prenestina,12,Lazio,Roma,RM,istat-comuni
058020,Carpineto Romano,12,Lazio,Roma,RM,istat-comuni
058021,Casape,12,Lazio,Roma,RM,istat-comuni
058022,Castel Gandolfo,12,Lazio,Roma,RM,istat-comuni
058023,Castel Madama,12,Lazio,Roma,RM,istat-comuni
058024,Castelnuovo di Porto,12,Lazio,Roma,RM,istat-comuni
058025,Castel San Pietro Romano,12,Lazio,Roma,RM,istat-comuni
058026,Cave,12,Lazio,Roma,RM,istat-comuni
058027,Cerreto Laziale,12,Lazio,Roma,RM,istat-comuni
058028,Cervara di Roma,12,Lazio,Roma,RM,istat-comuni
058029,Cerveteri,12,Lazio,Roma,RM,istat-comuni
058030,Ciciliano,12,Lazio,Roma,RM,istat-comuni
058031,Cineto Romano,12,Lazio,Roma,RM,istat-comuni
058032,Civitavecchia,12,Lazio,Roma,RM,istat-comuni
058033,Civitella San Paolo,12,Lazio,Roma,RM,istat-comuni
058034,Colleferro,12,Lazio,Roma,RM,istat-comuni
058035,Colonna,12,Lazio,Roma,RM,istat-comuni
058036,Fiano Romano,12,Lazio,Roma,RM,istat-comuni
058037,Filacciano,12,Lazio,Roma,RM,istat-comuni
058038,Formello,12,Lazio,Roma,RM,istat-comuni
058039,Frascati,12,Lazio,Roma,RM,istat-comuni
058040,Gallicano nel Lazio,12,Lazio,Roma,RM,istat-comuni
058041,Gavignano,12,Lazio,Roma,RM,istat-comuni
058042,Genazzano,12,Lazio,Roma,RM,istat-comuni
058043,Genzano di Roma,12,Lazio,Roma,RM,istat-comuni
058044,Gerano,12,Lazio,Roma,RM,istat-comuni
058045,Gorga,12,Lazio,Roma,RM,istat-comuni
058046,Grottaferrata,12,Lazio,Roma,RM,istat-comuni
058047,Guidonia Montecelio,12,Lazio,Roma,RM,istat-comuni
058048,Jenne,12,Lazio,Roma,RM,istat-comuni
058049,Labico,12,Lazio,Roma,RM,istat-comuni
058050,Lanuvio,12,Lazio,Roma,RM,istat-comuni
058051,Licenza,12,Lazio,Roma,RM,istat-comuni
058052,Magliano Romano,12,Lazio,Roma,RM,istat-comuni
058053,Mandela,12,Lazio,Roma,RM,istat-comuni
058054,Manziana,12,Lazio,Roma,RM,istat-comuni
058055,Marano Equo,12,Lazio,Roma,RM,istat-comuni
058056,Marcellina,12,Lazio,Roma,RM,istat-comuni
058057,Marino,12,Lazio,Roma,RM,istat-comuni
058058,Mazzano Romano,12,Lazio,Roma,RM,istat-comuni
058059,Mentana,12,Lazio,Roma,RM,istat-comuni
058060,Monte Compatri,12,Lazio,Roma,RM,istat-comuni
058061,Monteflavio,12,Lazio,Roma,RM,istat-comuni
058062,Montelanico,12,Lazio,Roma,RM,istat-comuni
058063,Montelibretti,12,Lazio,Roma,RM,istat-comuni
058064,Monte Porzio Catone,12,Lazio,Roma,RM,istat-comuni
058065,Monterotondo,12,Lazio,Roma,RM,istat-comuni
058066,Montorio Romano,12,Lazio,Roma,RM,istat-comuni
058067,Moricone,12,Lazio,Roma,RM,istat-comuni
058068,Morlupo,12,Lazio,Roma,RM,istat-comuni
058069,Nazzano,12,Lazio,Roma,RM,istat-comuni
058070,Nemi,12,Lazio,Roma,RM,istat-comuni
058071,Nerola,12,Lazio,Roma,RM,istat-comuni
058072,Nettuno,12,Lazio,Roma,RM,istat-comuni
058073,Olevano Romano,12,Lazio,Roma,RM,istat-comuni
058074,Palestrina,12,Lazio,Roma,RM,istat-comuni
058075,Palombara Sabina,12,Lazio,Roma,RM,istat-comuni
058076,Percile,12,Lazio,Roma,RM,istat-comuni
058077,Pisoniano,12,Lazio,Roma,RM,istat-comuni
058078,Poli,12,Lazio,Roma,RM,istat-comuni
058079,Pomezia,12,Lazio,Roma,RM,istat-comuni
058080,Ponzano Romano,12,Lazio,Roma,RM,istat-comuni
058081,Riano,12,Lazio,Roma,RM,istat-comuni
058082,Rignano Flaminio,12,Lazio,Roma,RM,istat-comuni
058083,Riofreddo,12,Lazio,Roma,RM,istat-comuni
058084,Rocca Canterano,12,Lazio,Roma,RM,istat-comuni
058085,Rocca di Cave,12,Lazio,Roma,RM,istat-comuni
058086,Rocca di Papa,12,Lazio,Roma,RM,istat-comuni
058087,Roccagiovine,12,Lazio,Roma,RM,istat-comuni
058088,Rocca Priora,12,Lazio,Roma,RM,istat-comuni
058089,Rocca Santo Stefano,12,Lazio,Roma,RM,istat-comuni
058090,Roiate,12,Lazio,Roma,RM,istat-comuni
058091,Roma,12,Lazio,Roma,RM,istat-comuni
058092,Roviano,12,Lazio,Roma,RM,istat-comuni
058093,Sacrofano,12,Lazio,Roma,RM,istat-comuni
058094,Sambuci,12,Lazio,Roma,RM,istat-comuni
058095,San Gregorio da Sassola,12,Lazio,Roma,RM,istat-comuni
058096,San Polo dei Cavalieri,12,Lazio,Roma,RM,istat-comuni
058097,Santa Marinella,12,Lazio,Roma,RM,istat-comuni
058098,Sant'Angelo Romano,12,Lazio,Roma,RM,istat-comuni
058099,Sant'Oreste,12,Lazio,Roma,RM,istat-comuni
058100,San Vito Romano,12,Lazio,Roma,RM,istat-comuni
058101,Saracinesco,12,Lazio,Roma,RM,istat-comuni
058102,Segni,12,Lazio,Roma,RM,istat-comuni
058103,Subiaco,12,Lazio,Roma,RM,istat-comuni
058104,Tivoli,12,Lazio,Roma,RM,istat-comuni
058105,Tolfa,12,Lazio,Roma,RM,istat-comuni
058106,Torrita Tiberina,12,Lazio,Roma,RM,istat-comuni
058107,Trevignano Romano,12,Lazio,Roma,RM,istat-comuni
058108,Vallepietra,12,Lazio,Roma,RM,istat-comuni
058109,Vallinfreda,12,Lazio,Roma,RM,istat-comuni
058110,Valmontone,12,Lazio,Roma,RM,istat-comuni
058111,Velletri,12,Lazio,Roma,RM,istat-comuni
058112,Vicovaro,12,Lazio,Roma,RM,istat-comuni
058113,Vivaro Romano,12,Lazio,Roma,RM,istat-comuni
058114,Zagarolo,12,Lazio,Roma,RM,istat-comuni
058115,Lariano,12,Lazio,Roma,RM,istat-comuni
058116,Ladispoli,12,Lazio,Roma,RM,istat-comuni
058117,Ardea,12,Lazio,Roma,RM,istat-comuni
058118,Ciampino,12,Lazio,Roma,RM,istat-comuni
058119,San Cesareo,12,Lazio,Roma,RM,istat-comuni
058120,Fiumicino,12,Lazio,Roma,RM,istat-comuni
058122,Fonte Nuova,12,Lazio,Roma,RM,istat-comuni
059001,Aprilia,12,Lazio,Latina,LT,istat-comuni
059002,Bassiano,12,Lazio,Latina,LT,istat-comuni
059003,Campodimele,12,Lazio,Latina,LT,istat-comuni
059004,Castelforte,12,Lazio,Latina,LT,istat-comuni
059005,Cisterna di Latina,12,Lazio,Latina,LT,istat-comuni
059006,Cori,12,Lazio,Latina,LT,istat-comuni
059007,Fondi,12,Lazio,Latina,LT,istat-comuni
059008,Formia,12,Lazio,Latina,LT,istat-comuni
059009,Gaeta,12,Lazio,Latina,LT,istat-comuni
059010,Itri,12,Lazio,Latina,LT,istat-comuni
059011,Latina,12,Lazio,Latina,LT,istat-comuni
059012,Lenola,12,Lazio,Latina,LT,istat-comuni
059013,Maenza,12,Lazio,Latina,LT,istat-comuni
059014,Minturno,12,Lazio,Latina,LT,istat-comuni
059015,Monte San Biagio,12,Lazio,Latina,LT,istat-comuni
059016,Norma,12,Lazio,Latina,LT,istat-comuni
059017,Pontinia,12,Lazio,Latina,LT,istat-comuni
059018,Ponza,12,Lazio,Latina,LT,istat-comuni
059019,Priverno,12,Lazio,Latina,LT,istat-comuni
059020,Prossedi,12,Lazio,Latina,LT,istat-comuni
059021,Roccagorga,12,Lazio,Latina,LT,istat-comuni
059022,Rocca Massima,12,Lazio,Latina,LT,istat-comuni
059023,Roccasecca dei Volsci,12,Lazio,Latina,LT,istat-comuni
059024,Sabaudia,12,Lazio,Latina,LT,istat-comuni
059025,San Felice Circeo,12,Lazio,Latina,LT,istat-comuni
059026,Santi Cosma e Damiano,12,Lazio,Latina,LT,istat-comuni
059027,Sermoneta,12,Lazio,Latina,LT,istat-comuni
059028,Sezze,12,Lazio,Latina,LT,istat-comuni
059029,Sonnino,12,Lazio,Latina,LT,istat-comuni
059030,Sperlonga,12,Lazio,Latina,LT,istat-comuni
059031,Spigno Saturnia,12,Lazio,Latina,LT,istat-comuni
059032,Terracina,12,Lazio,Latina,LT,istat-comuni
059033,Ventotene,12,Lazio,Latina,LT,istat-comuni
060001,Acquafondata,12,Lazio,Frosinone,FR,istat-comuni
060002,Acuto,12,Lazio,Frosinone,FR,istat-comuni
060003,Alatri,12,Lazio,Frosinone,FR,istat-comuni
060004,Alvito,12,Lazio,Frosinone,FR,istat-comuni
060005,Amaseno,12,Lazio,Frosinone,FR,istat-comuni
060006,Anagni,12,Lazio,Frosinone,FR,istat-comuni
060007,Aquino,12,Lazio,Frosinone,FR,istat-comuni
060008,Arce,12,Lazio,Frosinone,FR,istat-comuni
060009,Arnara,12,Lazio,Frosinone,FR,istat-comuni
060010,Arpino,12,Lazio,Frosinone,FR,istat-comuni
060011,Atina,12,Lazio,Frosinone,FR,istat-comuni
060012,Ausonia,12,Lazio,Frosinone,FR,istat-comuni
060013,Belmonte Castello,12,Lazio,Frosinone,FR,istat-comuni
060014,Boville Ernica,12,Lazio,Frosinone,FR,istat-comuni
060015,Broccostella,12,Lazio,Frosinone,FR,istat-comuni
060016,Campoli Appennino,12,Lazio,Frosinone,FR,istat-comuni
060017,Casalattico,12,Lazio,Frosinone,FR,istat-comuni
060018,Casalvieri,12,Lazio,Frosinone,FR,istat-comuni
060019,Cassino,12,Lazio,Frosinone,FR,istat-comuni
060020,Castelliri,12,Lazio,Frosinone,FR,istat-comuni
060021,Castelnuovo Parano,12,Lazio,Frosinone,FR,istat-comuni
060022,Castrocielo,12,Lazio,Frosinone,FR,istat-comuni
060023,Castro dei Volsci,12,Lazio,Frosinone,FR,istat-comuni
060024,Ceccano,12,Lazio,Frosinone,FR,istat-comuni
060025,Ceprano,12,Lazio,Frosinone,FR,istat-comuni
060026,Cervaro,12,Lazio,Frosinone,FR,istat-comuni
060027,Colfelice,12,Lazio,Frosinone,FR,istat-comuni
060028,Collepardo,12,Lazio,Frosinone,FR,istat-comuni
060029,Colle San Magno,12,Lazio,Frosinone,FR,istat-comuni
060030,Coreno Ausonio,12,Lazio,Frosinone,FR,istat-comuni
060031,Esperia,12,Lazio,Frosinone,FR,istat-comuni
060032,Falvaterra,12,Lazio,Frosinone,FR,istat-comuni
060033,Ferentino,12,Lazio,Frosinone,FR,istat-comuni
060034,Filettino,12,Lazio,Frosinone,FR,istat-comuni
060035,Fiuggi,12,Lazio,Frosinone,FR,istat-comuni
060036,Fontana Liri,12,Lazio,Frosinone,FR,istat-comuni
060037,Fontechiari,12,Lazio,Frosinone,FR,istat-comuni
060038,Frosinone,12,Lazio,Frosinone,FR,istat-comuni
060039,Fumone,12,Lazio,Frosinone,FR,istat-comuni
060040,Gallinaro,12,Lazio,Frosinone,FR,istat-comuni
060041,Giuliano di Roma,12,Lazio,Frosinone,FR,istat-comuni
060042,Guarcino,12,Lazio,Frosinone,FR,istat-comuni
060043,Isola del Liri,12,Lazio,Frosinone,FR,istat-comuni
060044,Monte San Giovanni Campano,12,Lazio,Frosinone,FR,istat-comuni
060045,Morolo,12,Lazio,Frosinone,FR,istat-comuni
060046,Paliano,12,Lazio,Frosinone,FR,istat-comuni
060047,Pastena,12,Lazio,Frosinone,FR,istat-comuni
060048,Patrica,12,Lazio,Frosinone,FR,istat-comuni
060049,Pescosolido,12,Lazio,Frosinone,FR,istat-comuni
060050,Picinisco,12,Lazio,Frosinone,FR,istat-comuni
060051,Pico,12,Lazio,Frosinone,FR,istat-comuni
060052,Piedimonte San Germano,12,Lazio,Frosinone,FR,istat-comuni
060053,Piglio,12,Lazio,Frosinone,FR,istat-comuni
060054,Pignataro Interamna,12,Lazio,Frosinone,FR,istat-comuni
060055,Pofi,12,Lazio,Frosinone,FR,istat-comuni
060056,Pontecorvo,12,Lazio,Frosinone,FR,istat-comuni
060057,Posta Fibreno,12,Lazio,Frosinone,FR,istat-comuni
060058,Ripi,12,Lazio,Frosinone,FR,istat-comuni
060059,Rocca d'Arce,12,Lazio,Frosinone,FR,istat-comuni
060060,Roccasecca,12,Lazio,Frosinone,FR,istat-comuni
060061,San Biagio Saracinisco,12,Lazio,Frosinone,FR,istat-comuni
060062,San Donato Val di Comino,12,Lazio,Frosinone,FR,istat-comuni
060063,San Giorgio a Liri,12,Lazio,Frosinone,FR,istat-comuni
060064,San Giovanni Incarico,12,Lazio,Frosinone,FR,istat-comuni
060065,Sant'Ambrogio sul Garigliano,12,Lazio,Frosinone,FR,istat-comuni
060066,Sant'Andrea del Garigliano,12,Lazio,Frosinone,FR,istat-comuni
060067,Sant'Apollinare,12,Lazio,Frosinone,FR,istat-comuni
060068,Sant'Elia Fiumerapido,12,Lazio,Frosinone,FR,istat-comuni
060069,Santopadre,12,Lazio,Frosinone,FR,istat-comuni
060070,San Vittore del Lazio,12,Lazio,Frosinone,FR,istat-comuni
060071,Serrone,12,Lazio,Frosinone,FR,istat-comuni
060072,Settefrati,12,Lazio,Frosinone,FR,istat-comuni
060073,Sgurgola,12,Lazio,Frosinone,FR,istat-comuni
060074,Sora,12,Lazio,Frosinone,FR,istat-comuni
060075,Strangolagalli,12,Lazio,Frosinone,FR,istat-comuni
060076,Supino,12,Lazio,Frosinone,FR,istat-comuni
060077,Terelle,12,Lazio,Frosinone,FR,istat-comuni
060078,Torre Cajetani,12,Lazio,Frosinone,FR,istat-comuni
060079,Torrice,12,Lazio,Frosinone,FR,istat-comuni
060080,Trevi nel Lazio,12,Lazio,Frosinone,FR,istat-comuni
060081,Trivigliano,12,Lazio,Frosinone,FR,istat-comuni
060082,Vallecorsa,12,Lazio,Frosinone,FR,istat-comuni
060083,Vallemaio,12,Lazio,Frosinone,FR,istat-comuni
060084,Vallerotonda,12,Lazio,Frosinone,FR,istat-comuni
060085,Veroli,12,Lazio,Frosinone,FR,istat-comuni
060086,Vicalvi,12,Lazio,Frosinone,FR,istat-comuni
060087,Vico nel Lazio,12,Lazio,Frosinone,FR,istat-comuni
060088,Villa Latina,12,Lazio,Frosinone,FR,istat-comuni
060089,Villa Santa Lucia,12,Lazio,Frosinone,FR,istat-comuni
060090,Villa Santo Stefano,12,Lazio,Frosinone,FR,istat-comuni
060091,Viticuso,12,Lazio,Frosinone,FR,istat-comuni
061001,Ailano,15,Campania,Caserta,CE,istat-comuni
061002,Alife,15,Campania,Caserta,CE,istat-comuni
061003,Alvignano,15,Campania,Caserta,CE,istat-comuni
061004,Arienzo,15,Campania,Caserta,CE,istat-comuni
061005,Aversa,15,Campania,Caserta,CE,istat-comuni
061006,Baia e Latina,15,Campania,Caserta,CE,istat-comuni
061007,Bellona,15,Campania,Caserta,CE,istat-comuni
061008,Caianello,15,Campania,Caserta,CE,istat-comuni
061009,Caiazzo,15,Campania,Caserta,CE,istat-comuni
061010,Calvi Risorta,15,Campania,Caserta,CE,istat-comuni
061011,Camigliano,15,Campania,Caserta,CE,istat-comuni
061012,Cancello ed Arnone,15,Campania,Caserta,CE,istat-comuni
061013,Capodrise,15,Campania,Caserta,CE,istat-comuni
061014,Capriati a Volturno,15,Campania,Caserta,CE,istat-comuni
061015,Capua,15,Campania,Caserta,CE,istat-comuni
061016,Carinaro,15,Campania,Caserta,CE,istat-comuni
061017,Carinola,15,Campania,Caserta,CE,istat-comuni
061018,Casagiove,15,Campania,Caserta,CE,istat-comuni
061019,Casal di Principe,15,Campania,Caserta,CE,istat-comuni
061020,Casaluce,15,Campania,Caserta,CE,istat-comuni
061021,Casapulla,15,Campania,Caserta,CE,istat-comuni
061022,Caserta,15,Campania,Caserta,CE,istat-comuni
061023,Castel Campagnano,15,Campania,Caserta,CE,istat-comuni
061024,Castel di Sasso,15,Campania,Caserta,CE,istat-comuni
061025,Castello del Matese,15,Campania,Caserta,CE,istat-comuni
061026,Castel Morrone,15,Campania,Caserta,CE,istat-comuni
061027,Castel Volturno,15,Campania,Caserta,CE,istat-comuni
061028,Cervino,15,Campania,Caserta,CE,istat-comuni
061029,Cesa,15,Campania,Caserta,CE,istat-comuni
061030,Ciorlano,15,Campania,Caserta,CE,istat-comuni
061031,Conca della Campania,15,Campania,Caserta,CE,istat-comuni
061032,Curti,15,Campania,Caserta,CE,istat-comuni
061033,Dragoni,15,Campania,Caserta,CE,istat-comuni
061034,Fontegreca,15,Campania,Caserta,CE,istat-comuni
061035,Formicola,15,Campania,Caserta,CE,istat-comuni
061036,Francolise,15,Campania,Caserta,CE,istat-comuni
061037,Frignano,15,Campania,Caserta,CE,istat-comuni
061038,Gallo Matese,15,Campania,Caserta,CE,istat-comuni
061039,Galluccio,15,Campania,Caserta,CE,istat-comuni
061040,Giano Vetusto,15,Campania,Caserta,CE,istat-comuni
061041,Gioia Sannitica,15,Campania,Caserta,CE,istat-comuni
061042,Grazzanise,15,Campania,Caserta,CE,istat-comuni
061043,Gricignano di Aversa,15,Campania,Caserta,CE,istat-comuni
061044,Letino,15,Campania,Caserta,CE,istat-comuni
061045,Liberi,15,Campania,Caserta,CE,istat-comuni
061046,Lusciano,15,Campania,Caserta,CE,istat-comuni
061047,Macerata Campania,15,Campania,Caserta,CE,istat-comuni
061048,Maddaloni,15,Campania,Caserta,CE,istat-comuni
061049,Marcianise,15,Campania,Caserta,CE,istat-comuni
061050,Marzano Appio,15,Campania,Caserta,CE,istat-comuni
061051,Mignano Monte Lungo,15,Campania,Caserta,CE,istat-comuni
061052,Mondragone,15,Campania,Caserta,CE,istat-comuni
061053,Orta di Atella,15,Campania,Caserta,CE,istat-comuni
061054,Parete,15,Campania,Caserta,CE,istat-comuni
061055,Pastorano,15,Campania,Caserta,CE,istat-comuni
061056,Piana di Monte Verna,15,Campania,Caserta,CE,istat-comuni
061057,Piedimonte Matese,15,Campania,Caserta,CE,istat-comuni
061058,Pietramelara,15,Campania,Caserta,CE,istat-comuni
061059,Pietravairano,15,Campania,Caserta,CE,istat-comuni
061060,Pignataro Maggiore,15,Campania,Caserta,CE,istat-comuni
061061,Pontelatone,15,Campania,Caserta,CE,istat-comuni
061062,Portico di Caserta,15,Campania,Caserta,CE,istat-comuni
061063,Prata Sannita,15,Campania,Caserta,CE,istat-comuni
061064,Pratella,15,Campania,Caserta,CE,istat-comuni
061065,Presenzano,15,Campania,Caserta,CE,istat-comuni
061066,Raviscanina,15,Campania,Caserta,CE,istat-comuni
061067,Recale,15,Campania,Caserta,CE,istat-comuni
061068,Riardo,15,Campania,Caserta,CE,istat-comuni
061069,Rocca d'Evandro,15,Campania,Caserta,CE,istat-comuni
061070,Roccamonfina,15,Campania,Caserta,CE,istat-comuni
061071,Roccaromana,15,Campania,Caserta,CE,istat-comuni
061072,Rocchetta e Croce,15,Campania,Caserta,CE,istat-comuni
061073,Ruviano,15,Campania,Caserta,CE,istat-comuni
061074,San Cipriano d'Aversa,15,Campania,Caserta,CE,istat-comuni
061075,San Felice a Cancello,15,Campania,Caserta,CE,istat-comuni
061076,San Gregorio Matese,15,Campania,Caserta,CE,istat-comuni
061077,San Marcellino,15,Campania,Caserta,CE,istat-comuni
061078,San Nicola la Strada,15,Campania,Caserta,CE,istat-comuni
061079,San Pietro Infine,15,Campania,Caserta,CE,istat-comuni
061080,San Potito Sannitico,15,Campania,Caserta,CE,istat-comuni
061081,San Prisco,15,Campania,Caserta,CE,istat-comuni
061082,Santa Maria a Vico,15,Campania,Caserta,CE,istat-comuni
061083,Santa Maria Capua Vetere,15,Campania,Caserta,CE,istat-comuni
061084,Santa Maria la Fossa,15,Campania,Caserta,CE,istat-comuni
061085,San Tammaro,15,Campania,Caserta,CE,istat-comuni
061086,Sant'Angelo d'Alife,15,Campania,Caserta,CE,istat-comuni
061087,Sant'Arpino,15,Campania,Caserta,CE,istat-comuni
061088,Sessa Aurunca,15,Campania,Caserta,CE,istat-comuni
061089,Sparanise,15,Campania,Caserta,CE,istat-comuni
061090,Succivo,15,Campania,Caserta,CE,istat-comuni
061091,Teano,15,Campania,Caserta,CE,istat-comuni
061092,Teverola,15,Campania,Caserta,CE,istat-comuni
061093,Tora e Piccilli,15,Campania,Caserta,CE,istat-comuni
061094,Trentola Ducenta,15,Campania,Caserta,CE,istat-comuni
061095,Vairano Patenora,15,Campania,Caserta,CE,istat-comuni
061096,Valle Agricola,15,Campania,Caserta,CE,istat-comuni
061097,Valle di Maddaloni,15,Campania,Caserta,CE,istat-comuni
061098,Villa di Briano,15,Campania,Caserta,CE,istat-comuni
061099,Villa Literno,15,Campania,Caserta,CE,istat-comuni
061100,Vitulazio,15,Campania,Caserta,CE,istat-comuni
061101,Falciano del Massico,15,Campania,Caserta,CE,istat-comuni
061102,Cellole,15,Campania,Caserta,CE,istat-comuni
061103,Casapesenna,15,Campania,Caserta,CE,istat-comuni
061104,San Marco Evangelista,15,Campania,Caserta,CE,istat-comuni
062001,Airola,15,Campania,Benevento,BN,istat-comuni
062002,Amorosi,15,Campania,Benevento,BN,istat-comuni
062003,Apice,15,Campania,Benevento,BN,istat-comuni
062004,Apollosa,15,Campania,Benevento,BN,istat-comuni
062005,Arpaia,15,Campania,Benevento,BN,istat-comuni
062006,Arpaise,15,Campania,Benevento,BN,istat-comuni
062007,Baselice,15,Campania,Benevento,BN,istat-comuni
062008,Benevento,15,Campania,Benevento,BN,istat-comuni
062009,Bonea,15,Campania,Benevento,BN,istat-comuni
062010,Bucciano,15,Campania,Benevento,BN,istat-comuni
062011,Buonalbergo,15,Campania,Benevento,BN,istat-comuni
062012,Calvi,15,Campania,Benevento,BN,istat-comuni
062013,Campolattaro,15,Campania,Benevento,BN,istat-comuni
062014,Campoli del Monte Taburno,15,Campania,Benevento,BN,istat-comuni
062015,Casalduni,15,Campania,Benevento,BN,istat-comuni
062016,Castelfranco in Miscano,15,Campania,Benevento,BN,istat-comuni
062017,Castelpagano,15,Campania,Benevento,BN,istat-comuni
062018,Castelpoto,15,Campania,Benevento,BN,istat-comuni
062019,Castelvenere,15,Campania,Benevento,BN,istat-comuni
062020,Castelvetere in Val Fortore,15,Campania,Benevento,BN,istat-comuni
062021,Cautano,15,Campania,Benevento,BN,istat-comuni
062022,Ceppaloni,15,Campania,Benevento,BN,istat-comuni
062023,Cerreto Sannita,15,Campania,Benevento,BN,istat-comuni
062024,Circello,15,Campania,Benevento,BN,istat-comuni
062025,Colle Sannita,15,Campania,Benevento,BN,istat-comuni
062026,Cusano Mutri,15,Campania,Benevento,BN,istat-comuni
062027,Dugenta,15,Campania,Benevento,BN,istat-comuni
062028,Durazzano,15,Campania,Benevento,BN,istat-comuni
062029,Faicchio,15,Campania,Benevento,BN,istat-comuni
062030,Foglianise,15,Campania,Benevento,BN,istat-comuni
062031,Foiano di Val Fortore,15,Campania,Benevento,BN,istat-comuni
062032,Forchia,15,Campania,Benevento,BN,istat-comuni
062033,Fragneto l'Abate,15,Campania,Benevento,BN,istat-comuni
062034,Fragneto Monforte,15,Campania,Benevento,BN,istat-comuni
062035,Frasso Telesino,15,Campania,Benevento,BN,istat-comuni
062036,Ginestra degli Schiavoni,15,Campania,Benevento,BN,istat-comuni
062037,Guardia Sanframondi,15,Campania,Benevento,BN,istat-comuni
062038,Limatola,15,Campania,Benevento,BN,istat-comuni
062039,Melizzano,15,Campania,Benevento,BN,istat-comuni
062040,Moiano,15,Campania,Benevento,BN,istat-comuni
062041,Molinara,15,Campania,Benevento,BN,istat-comuni
062042,Montefalcone di Val Fortore,15,Campania,Benevento,BN,istat-comuni
062043,Montesarchio,15,Campania,Benevento,BN,istat-comuni
062044,Morcone,15,Campania,Benevento,BN,istat-comuni
062045,Paduli,15,Campania,Benevento,BN,istat-comuni
062046,Pago Veiano,15,Campania,Benevento,BN,istat-comuni
062047,Pannarano,15,Campania,Benevento,BN,istat-comuni
062048,Paolisi,15,Campania,Benevento,BN,istat-comuni
062049,Paupisi,15,Campania,Benevento,BN,istat-comuni
062050,Pesco Sannita,15,Campania,Benevento,BN,istat-comuni
062051,Pietraroja,15,Campania,Benevento,BN,istat-comuni
062052,Pietrelcina,15,Campania,Benevento,BN,istat-comuni
062053,Ponte,15,Campania,Benevento,BN,istat-comuni
062054,Pontelandolfo,15,Campania,Benevento,BN,istat-comuni
062055,Puglianello,15,Campania,Benevento,BN,istat-comuni
062056,Reino,15,Campania,Benevento,BN,istat-comuni
062057,San Bartolomeo in Galdo,15,Campania,Benevento,BN,istat-comuni
062058,San Giorgio del Sannio,15,Campania,Benevento,BN,istat-comuni
062059,San Giorgio La Molara,15,Campania,Benevento,BN,istat-comuni
062060,San Leucio del Sannio,15,Campania,Benevento,BN,istat-comuni
062061,San Lorenzello,15,Campania,Benevento,BN,istat-comuni
062062,San Lorenzo Maggiore,15,Campania,Benevento,BN,istat-comuni
062063,San Lupo,15,Campania,Benevento,BN,istat-comuni
062064,San Marco dei Cavoti,15,Campania,Benevento,BN,istat-comuni
062065,San Martino Sannita,15,Campania,Benevento,BN,istat-comuni
062066,San Nazzaro,15,Campania,Benevento,BN,istat-comuni
062067,San Nicola Manfredi,15,Campania,Benevento,BN,istat-comuni
062068,San Salvatore Telesino,15,Campania,Benevento,BN,istat-comuni
062069,Santa Croce del Sannio,15,Campania,Benevento,BN,istat-comuni
062070,Sant'Agata de' Goti,15,Campania,Benevento,BN,istat-comuni
062071,Sant'Angelo a Cupolo,15,Campania,Benevento,BN,istat-comuni
062072,Sassinoro,15,Campania,Benevento,BN,istat-comuni
062073,Solopaca,15,Campania,Benevento,BN,istat-comuni
062074,Telese Terme,15,Campania,Benevento,BN,istat-comuni
062075,Tocco Caudio,15,Campania,Benevento,BN,istat-comuni
062076,Torrecuso,15,Campania,Benevento,BN,istat-comuni
062077,Vitulano,15,Campania,Benevento,BN,istat-comuni
062078,Sant'Arcangelo Trimonte,15,Campania,Benevento,BN,istat-comuni
063001,Acerra,15,Campania,Napoli,NA,istat-comuni
063002,Afragola,15,Campania,Napoli,NA,istat-comuni
063003,Agerola,15,Campania,Napoli,NA,istat-comuni
063004,Anacapri,15,Campania,Napoli,NA,istat-comuni
063005,Arzano,15,Campania,Napoli,NA,istat-comuni
063006,Bacoli,15,Campania,Napoli,NA,istat-comuni
063007,Barano d'Ischia,15,Campania,Napoli,NA,istat-comuni
063008,Boscoreale,15,Campania,Napoli,NA,istat-comuni
063009,Boscotrecase,15,Campania,Napoli,NA,istat-comuni
063010,Brusciano,15,Campania,Napoli,NA,istat-comuni
063011,Caivano,15,Campania,Napoli,NA,istat-comuni
063012,Calvizzano,15,Campania,Napoli,NA,istat-comuni
063013,Camposano,15,Campania,Napoli,NA,istat-comuni
063014,Capri,15,Campania,Napoli,NA,istat-comuni
063015,Carbonara di Nola,15,Campania,Napoli,NA,istat-comuni
063016,Cardito,15,Campania,Napoli,NA,istat-comuni
063017,Casalnuovo di Napoli,15,Campania,Napoli,NA,istat-comuni
063018,Casamarciano,15,Campania,Napoli,NA,istat-comuni
063019,Casamicciola Terme,15,Campania,Napoli,NA,istat-comuni
063020,Casandrino,15,Campania,Napoli,NA,istat-comuni
063021,Casavatore,15,Campania,Napoli,NA,istat-comuni
063022,Casola di Napoli,15,Campania,Napoli,NA,istat-comuni
063023,Casoria,15,Campania,Napoli,NA,istat-comuni
063024,Castellammare di Stabia,15,Campania,Napoli,NA,istat-comuni
063025,Castello di Cisterna,15,Campania,Napoli,NA,istat-comuni
063026,Cercola,15,Campania,Napoli,NA,istat-comuni
063027,Cicciano,15,Campania,Napoli,NA,istat-comuni
063028,Cimitile,15,Campania,Napoli,NA,istat-comuni
063029,Comiziano,15,Campania,Napoli,NA,istat-comuni
063030,Crispano,15,Campania,Napoli,NA,istat-comuni
063031,Forio,15,Campania,Napoli,NA,istat-comuni
063032,Frattamaggiore,15,Campania,Napoli,NA,istat-comuni
063033,Frattaminore,15,Campania,Napoli,NA,istat-comuni
063034,Giugliano in Campania,15,Campania,Napoli,NA,istat-comuni
063035,Gragnano,15,Campania,Napoli,NA,istat-comuni
063036,Grumo Nevano,15,Campania,Napoli,NA,istat-comuni
063037,Ischia,15,Campania,Napoli,NA,istat-comuni
063038,Lacco Ameno,15,Campania,Napoli,NA,istat-comuni
063039,Lettere,15,Campania,Napoli,NA,istat-comuni
063040,Liveri,15,Campania,Napoli,NA,istat-comuni
063041,Marano di Napoli,15,Campania,Napoli,NA,istat-comuni
063042,Mariglianella,15,Campania,Napoli,NA,istat-comuni
063043,Marigliano,15,Campania,Napoli,NA,istat-comuni
063044,Massa Lubrense,15,Campania,Napoli,NA,istat-comuni
063045,Melito di Napoli,15,Campania,Napoli,NA,istat-comuni
063046,Meta,15,Campania,Napoli,NA,istat-comuni
063047,Monte di Procida,15,Campania,Napoli,NA,istat-comuni
063048,Mugnano di Napoli,15,Campania,Napoli,NA,istat-comuni
063049,Napoli,15,Campania,Napoli,NA,istat-comuni
063050,Nola,15,Campania,Napoli,NA,istat-comuni
063051,Ottaviano,15,Campania,Napoli,NA,istat-comuni
063052,Palma Campania,15,Campania,Napoli,NA,istat-comuni
063053,Piano di Sorrento,15,Campania,Napoli,NA,istat-comuni
063054,Pimonte,15,Campania,Napoli,NA,istat-comuni
063055,Poggiomarino,15,Campania,Napoli,NA,istat-comuni
063056,Pollena Trocchia,15,Campania,Napoli,NA,istat-comuni
063057,Pomigliano d'Arco,15,Campania,Napoli,NA,istat-comuni
063058,Pompei,15,Campania,Napoli,NA,istat-comuni
063059,Portici,15,Campania,Napoli,NA,istat-comuni
063060,Pozzuoli,15,Campania,Napoli,NA,istat-comuni
063061,Procida,15,Campania,Napoli,NA,istat-comuni
063062,Qualiano,15,Campania,Napoli,NA,istat-comuni
063063,Quarto,15,Campania,Napoli,NA,istat-comuni
063064,Ercolano,15,Campania,Napoli,NA,istat-comuni
063065,Roccarainola,15,Campania,Napoli,NA,istat-comuni
063066,San Gennaro Vesuviano,15,Campania,Napoli,NA,istat-comuni
063067,San Giorgio a Cremano,15,Campania,Napoli,NA,istat-comuni
063068,San Giuseppe Vesuviano,15,Campania,Napoli,NA,istat-comuni
063069,San Paolo Bel Sito,15,Campania,Napoli,NA,istat-comuni
063070,San Sebastiano al Vesuvio,15,Campania,Napoli,NA,istat-comuni
063071,Sant'Agnello,15,Campania,Napoli,NA,istat-comuni
063072,Sant'Anastasia,15,Campania,Napoli,NA,istat-comuni
063073,Sant'Antimo,15,Campania,Napoli,NA,istat-comuni
063074,Sant'Antonio Abate,15,Campania,Napoli,NA,istat-comuni
063075,San Vitaliano,15,Campania,Napoli,NA,istat-comuni
063076,Saviano,15,Campania,Napoli,NA,istat-comuni
063077,Scisciano,15,Campania,Napoli,NA,istat-comuni
063078,Serrara Fontana,15,Campania,Napoli,NA,istat-comuni
063079,Somma Vesuviana,15,Campania,Napoli,NA,istat-comuni
063080,Sorrento,15,Campania,Napoli,NA,istat-comuni
063081,Striano,15,Campania,Napoli,NA,istat-comuni
063082,Terzigno,15,Campania,Napoli,NA,istat-comuni
063083,Torre Annunziata,15,Campania,Napoli,NA,istat-comuni
063084,Torre del Greco,15,Campania,Napoli,NA,istat-comuni
063085,Tufino,15,Campania,Napoli,NA,istat-comuni
063086,Vico Equense,15,Campania,Napoli,NA,istat-comuni
063087,Villaricca,15,Campania,Napoli,NA,istat-comuni
063088,Visciano,15,Campania,Napoli,NA,istat-comuni
063089,Volla,15,Campania,Napoli,NA,istat-comuni
063090,Santa Maria la Carità,15,Campania,Napoli,NA,istat-comuni
063091,Trecase,15,Campania,Napoli,NA,istat-comuni
063092,Massa di Somma,15,Campania,Napoli,NA,istat-comuni
064001,Aiello del Sabato,15,Campania,Avellino,AV,istat-comuni
064002,Altavilla Irpina,15,Campania,Avellino,AV,istat-comuni
064003,Andretta,15,Campania,Avellino,AV,istat-comuni
064004,Aquilonia,15,Campania,Avellino,AV,istat-comuni
064005,Ariano Irpino,15,Campania,Avellino,AV,istat-comuni
064006,Atripalda,15,Campania,Avellino,AV,istat-comuni
064007,Avella,15,Campania,Avellino,AV,istat-comuni
064008,Avellino,15,Campania,Avellino,AV,istat-comuni
064009,Bagnoli Irpino,15,Campania,Avellino,AV,istat-comuni
064010,Baiano,15,Campania,Avellino,AV,istat-comuni
064011,Bisaccia,15,Campania,Avellino,AV,istat-comuni
064012,Bonito,15,Campania,Avellino,AV,istat-comuni
064013,Cairano,15,Campania,Avellino,AV,istat-comuni
064014,Calabritto,15,Campania,Avellino,AV,istat-comuni
064015,Calitri,15,Campania,Avellino,AV,istat-comuni
064016,Candida,15,Campania,Avellino,AV,istat-comuni
064017,Caposele,15,Campania,Avellino,AV,istat-comuni
064018,Capriglia Irpina,15,Campania,Avellino,AV,istat-comuni
064019,Carife,15,Campania,Avellino,AV,istat-comuni
064020,Casalbore,15,Campania,Avellino,AV,istat-comuni
064021,Cassano Irpino,15,Campania,Avellino,AV,istat-comuni
064022,Castel Baronia,15,Campania,Avellino,AV,istat-comuni
064023,Castelfranci,15,Campania,Avellino,AV,istat-comuni
064024,Castelvetere sul Calore,15,Campania,Avellino,AV,istat-comuni
064025,Cervinara,15,Campania,Avellino,AV,istat-comuni
064026,Cesinali,15,Campania,Avellino,AV,istat-comuni
064027,Chianche,15,Campania,Avellino,AV,istat-comuni
064028,Chiusano di San Domenico,15,Campania,Avellino,AV,istat-comuni
064029,Contrada,15,Campania,Avellino,AV,istat-comuni
064030,Conza della Campania,15,Campania,Avellino,AV,istat-comuni
064031,Domicella,15,Campania,Avellino,AV,istat-comuni
064032,Flumeri,15,Campania,Avellino,AV,istat-comuni
064033,Fontanarosa,15,Campania,Avellino,AV,istat-comuni
064034,Forino,15,Campania,Avellino,AV,istat-comuni
064035,Frigento,15,Campania,Avellino,AV,istat-comuni
064036,Gesualdo,15,Campania,Avellino,AV,istat-comuni
064037,Greci,15,Campania,Avellino,AV,istat-comuni
064038,Grottaminarda,15,Campania,Avellino,AV,istat-comuni
064039,Grottolella,15,Campania,Avellino,AV,istat-comuni
064040,Guardia Lombardi,15,Campania,Avellino,AV,istat-comuni
064041,Lacedonia,15,Campania,Avellino,AV,istat-comuni
064042,Lapio,15,Campania,Avellino,AV,istat-comuni
064043,Lauro,15,Campania,Avellino,AV,istat-comuni
064044,Lioni,15,Campania,Avellino,AV,istat-comuni
064045,Luogosano,15,Campania,Avellino,AV,istat-comuni
064046,Manocalzati,15,Campania,Avellino,AV,istat-comuni
064047,Marzano di Nola,15,Campania,Avellino,AV,istat-comuni
064048,Melito Irpino,15,Campania,Avellino,AV,istat-comuni
064049,Mercogliano,15,Campania,Avellino,AV,istat-comuni
064050,Mirabella Eclano,15,Campania,Avellino,AV,istat-comuni
064051,Montaguto,15,Campania,Avellino,AV,istat-comuni
064052,Montecalvo Irpino,15,Campania,Avellino,AV,istat-comuni
064053,Montefalcione,15,Campania,Avellino,AV,istat-comuni
064054,Monteforte Irpino,15,Campania,Avellino,AV,istat-comuni
064055,Montefredane,15,Campania,Avellino,AV,istat-comuni
064056,Montefusco,15,Campania,Avellino,AV,istat-comuni
064057,Montella,15,Campania,Avellino,AV,istat-comuni
064058,Montemarano,15,Campania,Avellino,AV,istat-comuni
064059,Montemiletto,15,Campania,Avellino,AV,istat-comuni
064060,Monteverde,15,Campania,Avellino,AV,istat-comuni
064063,Morra De Sanctis,15,Campania,Avellino,AV,istat-comuni
064064,Moschiano,15,Campania,Avellino,AV,istat-comuni
064065,Mugnano del Cardinale,15,Campania,Avellino,AV,istat-comuni
064066,Nusco,15,Campania,Avellino,AV,istat-comuni
064067,Ospedaletto d'Alpinolo,15,Campania,Avellino,AV,istat-comuni
064068,Pago del Vallo di Lauro,15,Campania,Avellino,AV,istat-comuni
064069,Parolise,15,Campania,Avellino,AV,istat-comuni
064070,Paternopoli,15,Campania,Avellino,AV,istat-comuni
064071,Petruro Irpino,15,Campania,Avellino,AV,istat-comuni
064072,Pietradefusi,15,Campania,Avellino,AV,istat-comuni
064073,Pietrastornina,15,Campania,Avellino,AV,istat-comuni
064074,Prata di Principato Ultra,15,Campania,Avellino,AV,istat-comuni
064075,Pratola Serra,15,Campania,Avellino,AV,istat-comuni
064076,Quadrelle,15,Campania,Avellino,AV,istat-comuni
064077,Quindici,15,Campania,Avellino,AV,istat-comuni
064078,Roccabascerana,15,Campania,Avellino,AV,istat-comuni
064079,Rocca San Felice,15,Campania,Avellino,AV,istat-comuni
064080,Rotondi,15,Campania,Avellino,AV,istat-comuni
064081,Salza Irpina,15,Campania,Avellino,AV,istat-comuni
064082,San Mango sul Calore,15,Campania,Avellino,AV,istat-comuni
064083,San Martino Valle Caudina,15,Campania,Avellino,AV,istat-comuni
064084,San Michele di Serino,15,Campania,Avellino,AV,istat-comuni
064085,San Nicola Baronia,15,Campania,Avellino,AV,istat-comuni
064086,San Potito Ultra,15,Campania,Avellino,AV,istat-comuni
064087,San Sossio Baronia,15,Campania,Avellino,AV,istat-comuni
064088,Santa Lucia di Serino,15,Campania,Avellino,AV,istat-comuni
064089,Sant'Andrea di Conza,15,Campania,Avellino,AV,istat-comuni
064090,Sant'Angelo all'Esca,15,Campania,Avellino,AV,istat-comuni
064091,Sant'Angelo a Scala,15,Campania,Avellino,AV,istat-comuni
064092,Sant'Angelo dei Lombardi,15,Campania,Avellino,AV,istat-comuni
064093,Santa Paolina,15,Campania,Avellino,AV,istat-comuni
064095,Santo Stefano del Sole,15,Campania,Avellino,AV,istat-comuni
064096,Savignano Irpino,15,Campania,Avellino,AV,istat-comuni
064097,Scampitella,15,Campania,Avellino,AV,istat-comuni
064098,Senerchia,15,Campania,Avellino,AV,istat-comuni
064099,Serino,15,Campania,Avellino,AV,istat-comuni
064100,Sirignano,15,Campania,Avellino,AV,istat-comuni
064101,Solofra,15,Campania,Avellino,AV,istat-comuni
064102,Sorbo Serpico,15,Campania,Avellino,AV,istat-comuni
064103,Sperone,15,Campania,Avellino,AV,istat-comuni
064104,Sturno,15,Campania,Avellino,AV,istat-comuni
064105,Summonte,15,Campania,Avellino,AV,istat-comuni
064106,Taurano,15,Campania,Avellino,AV,istat-comuni
064107,Taurasi,15,Campania,Avellino,AV,istat-comuni
064108,Teora,15,Campania,Avellino,AV,istat-comuni
064109,Torella dei Lombardi,15,Campania,Avellino,AV,istat-comuni
064110,Torre Le Nocelle,15,Campania,Avellino,AV,istat-comuni
064111,Torrioni,15,Campania,Avellino,AV,istat-comuni
064112,Trevico,15,Campania,Avellino,AV,istat-comuni
064113,Tufo,15,Campania,Avellino,AV,istat-comuni
064114,Vallata,15,Campania,Avellino,AV,istat-comuni
064115,Vallesaccarda,15,Campania,Avellino,AV,istat-comuni
064116,Venticano,15,Campania,Avellino,AV,istat-comuni
064117,Villamaina,15,Campania,Avellino,AV,istat-comuni
064118,Villanova del Battista,15,Campania,Avellino,AV,istat-comuni
064119,Volturara Irpina,15,Campania,Avellino,AV,istat-comuni
064120,Zungoli,15,Campania,Avellino,AV,istat-comuni
064121,Montoro,15,Campania,Avellino,AV,istat-comuni
065001,Acerno,15,Campania,Salerno,SA,istat-comuni
065002,Agropoli,15,Campania,Salerno,SA,istat-comuni
065003,Albanella,15,Campania,Salerno,SA,istat-comuni
065004,Alfano,15,Campania,Salerno,SA,istat-comuni
065005,Altavilla Silentina,15,Campania,Salerno,SA,istat-comuni
065006,Amalfi,15,Campania,Salerno,SA,istat-comuni
065007,Angri,15,Campania,Salerno,SA,istat-comuni
065008,Aquara,15,Campania,Salerno,SA,istat-comuni
065009,Ascea,15,Campania,Salerno,SA,istat-comuni
065010,Atena Lucana,15,Campania,Salerno,SA,istat-comuni
065011,Atrani,15,Campania,Salerno,SA,istat-comuni
065012,Auletta,15,Campania,Salerno,SA,istat-comuni
065013,Baronissi,15,Campania,Salerno,SA,istat-comuni
065014,Battipaglia,15,Campania,Salerno,SA,istat-comuni
065015,Bellosguardo,15,Campania,Salerno,SA,istat-comuni
065016,Bracigliano,15,Campania,Salerno,SA,istat-comuni
065017,Buccino,15,Campania,Salerno,SA,istat-comuni
065018,Buonabitacolo,15,Campania,Salerno,SA,istat-comuni
065019,Caggiano,15,Campania,Salerno,SA,istat-comuni
065020,Calvanico,15,Campania,Salerno,SA,istat-comuni
065021,Camerota,15,Campania,Salerno,SA,istat-comuni
065022,Campagna,15,Campania,Salerno,SA,istat-comuni
065023,Campora,15,Campania,Salerno,SA,istat-comuni
065024,Cannalonga,15,Campania,Salerno,SA,istat-comuni
065025,Capaccio Paestum,15,Campania,Salerno,SA,istat-comuni
065026,Casalbuono,15,Campania,Salerno,SA,istat-comuni
065027,Casaletto Spartano,15,Campania,Salerno,SA,istat-comuni
065028,Casal Velino,15,Campania,Salerno,SA,istat-comuni
065029,Caselle in Pittari,15,Campania,Salerno,SA,istat-comuni
065030,Castelcivita,15,Campania,Salerno,SA,istat-comuni
065031,Castellabate,15,Campania,Salerno,SA,istat-comuni
065032,Castelnuovo Cilento,15,Campania,Salerno,SA,istat-comuni
065033,Castelnuovo di Conza,15,Campania,Salerno,SA,istat-comuni
065034,Castel San Giorgio,15,Campania,Salerno,SA,istat-comuni
065035,Castel San Lorenzo,15,Campania,Salerno,SA,istat-comuni
065036,Castiglione del Genovesi,15,Campania,Salerno,SA,istat-comuni
065037,Cava de' Tirreni,15,Campania,Salerno,SA,istat-comuni
065038,Celle di Bulgheria,15,Campania,Salerno,SA,istat-comuni
065039,Centola,15,Campania,Salerno,SA,istat-comuni
065040,Ceraso,15,Campania,Salerno,SA,istat-comuni
065041,Cetara,15,Campania,Salerno,SA,istat-comuni
065042,Cicerale,15,Campania,Salerno,SA,istat-comuni
065043,Colliano,15,Campania,Salerno,SA,istat-comuni
065044,Conca dei Marini,15,Campania,Salerno,SA,istat-comuni
065045,Controne,15,Campania,Salerno,SA,istat-comuni
065046,Contursi Terme,15,Campania,Salerno,SA,istat-comuni
065047,Corbara,15,Campania,Salerno,SA,istat-comuni
065048,Corleto Monforte,15,Campania,Salerno,SA,istat-comuni
065049,Cuccaro Vetere,15,Campania,Salerno,SA,istat-comuni
065050,Eboli,15,Campania,Salerno,SA,istat-comuni
065051,Felitto,15,Campania,Salerno,SA,istat-comuni
065052,Fisciano,15,Campania,Salerno,SA,istat-comuni
065053,Furore,15,Campania,Salerno,SA,istat-comuni
065054,Futani,15,Campania,Salerno,SA,istat-comuni
065055,Giffoni Sei Casali,15,Campania,Salerno,SA,istat-comuni
065056,Giffoni Valle Piana,15,Campania,Salerno,SA,istat-comuni
065057,Gioi,15,Campania,Salerno,SA,istat-comuni
065058,Giungano,15,Campania,Salerno,SA,istat-comuni
065059,Ispani,15,Campania,Salerno,SA,istat-comuni
065060,Laureana Cilento,15,Campania,Salerno,SA,istat-comuni
065061,Laurino,15,Campania,Salerno,SA,istat-comuni
065062,Laurito,15,Campania,Salerno,SA,istat-comuni
065063,Laviano,15,Campania,Salerno,SA,istat-comuni
065064,Lustra,15,Campania,Salerno,SA,istat-comuni
065065,Magliano Vetere,15,Campania,Salerno,SA,istat-comuni
065066,Maiori,15,Campania,Salerno,SA,istat-comuni
065067,Mercato San Severino,15,Campania,Salerno,SA,istat-comuni
065068,Minori,15,Campania,Salerno,SA,istat-comuni
065069,Moio della Civitella,15,Campania,Salerno,SA,istat-comuni
065070,Montano Antilia,15,Campania,Salerno,SA,istat-comuni
065071,Montecorice,15,Campania,Salerno,SA,istat-comuni
065072,Montecorvino Pugliano,15,Campania,Salerno,SA,istat-comuni
065073,Montecorvino Rovella,15,Campania,Salerno,SA,istat-comuni
065074,Monteforte Cilento,15,Campania,Salerno,SA,istat-comuni
065075,Monte San Giacomo,15,Campania,Salerno,SA,istat-comuni
065076,Montesano sulla Marcellana,15,Campania,Salerno,SA,istat-comuni
065077,Morigerati,15,Campania,Salerno,SA,istat-comuni
065078,Nocera Inferiore,15,Campania,Salerno,SA,istat-comuni
065079,Nocera Superiore,15,Campania,Salerno,SA,istat-comuni
065080,Novi Velia,15,Campania,Salerno,SA,istat-comuni
065081,Ogliastro Cilento,15,Campania,Salerno,SA,istat-comuni
065082,Olevano sul Tusciano,15,Campania,Salerno,SA,istat-comuni
065083,Oliveto Citra,15,Campania,Salerno,SA,istat-comuni
065084,Omignano,15,Campania,Salerno,SA,istat-comuni
065085,Orria,15,Campania,Salerno,SA,istat-comuni
065086,Ottati,15,Campania,Salerno,SA,istat-comuni
065087,Padula,15,Campania,Salerno,SA,istat-comuni
065088,Pagani,15,Campania,Salerno,SA,istat-comuni
065089,Palomonte,15,Campania,Salerno,SA,istat-comuni
065090,Pellezzano,15,Campania,Salerno,SA,istat-comuni
065091,Perdifumo,15,Campania,Salerno,SA,istat-comuni
065092,Perito,15,Campania,Salerno,SA,istat-comuni
065093,Pertosa,15,Campania,Salerno,SA,istat-comuni
065094,Petina,15,Campania,Salerno,SA,istat-comuni
065095,Piaggine,15,Campania,Salerno,SA,istat-comuni
065096,Pisciotta,15,Campania,Salerno,SA,istat-comuni
065097,Polla,15,Campania,Salerno,SA,istat-comuni
065098,Pollica,15,Campania,Salerno,SA,istat-comuni
065099,Pontecagnano Faiano,15,Campania,Salerno,SA,istat-comuni
065100,Positano,15,Campania,Salerno,SA,istat-comuni
065101,Postiglione,15,Campania,Salerno,SA,istat-comuni
065102,Praiano,15,Campania,Salerno,SA,istat-comuni
065103,Prignano Cilento,15,Campania,Salerno,SA,istat-comuni
065104,Ravello,15,Campania,Salerno,SA,istat-comuni
065105,Ricigliano,15,Campania,Salerno,SA,istat-comuni
065106,Roccadaspide,15,Campania,Salerno,SA,istat-comuni
065107,Roccagloriosa,15,Campania,Salerno,SA,istat-comuni
065108,Roccapiemonte,15,Campania,Salerno,SA,istat-comuni
065109,Rofrano,15,Campania,Salerno,SA,istat-comuni
065110,Romagnano al Monte,15,Campania,Salerno,SA,istat-comuni
065111,Roscigno,15,Campania,Salerno,SA,istat-comuni
065112,Rutino,15,Campania,Salerno,SA,istat-comuni
065113,Sacco,15,Campania,Salerno,SA,istat-comuni
065114,Sala Consilina,15,Campania,Salerno,SA,istat-comuni
065115,Salento,15,Campania,Salerno,SA,istat-comuni
065116,Salerno,15,Campania,Salerno,SA,istat-comuni
065117,Salvitelle,15,Campania,Salerno,SA,istat-comuni
065118,San Cipriano Picentino,15,Campania,Salerno,SA,istat-comuni
065119,San Giovanni a Piro,15,Campania,Salerno,SA,istat-comuni
065120,San Gregorio Magno,15,Campania,Salerno,SA,istat-comuni
065121,San Mango Piemonte,15,Campania,Salerno,SA,istat-comuni
065122,San Marzano sul Sarno,15,Campania,Salerno,SA,istat-comuni
065123,San Mauro Cilento,15,Campania,Salerno,SA,istat-comuni
065124,San Mauro la Bruca,15,Campania,Salerno,SA,istat-comuni
065125,San Pietro al Tanagro,15,Campania,Salerno,SA,istat-comuni
065126,San Rufo,15,Campania,Salerno,SA,istat-comuni
065127,Santa Marina,15,Campania,Salerno,SA,istat-comuni
065128,Sant'Angelo a Fasanella,15,Campania,Salerno,SA,istat-comuni
065129,Sant'Arsenio,15,Campania,Salerno,SA,istat-comuni
065130,Sant'Egidio del Monte Albino,15,Campania,Salerno,SA,istat-comuni
065131,Santomenna,15,Campania,Salerno,SA,istat-comuni
065132,San Valentino Torio,15,Campania,Salerno,SA,istat-comuni
065133,Sanza,15,Campania,Salerno,SA,istat-comuni
065134,Sapri,15,Campania,Salerno,SA,istat-comuni
065135,Sarno,15,Campania,Salerno,SA,istat-comuni
065136,Sassano,15,Campania,Salerno,SA,istat-comuni
065137,Scafati,15,Campania,Salerno,SA,istat-comuni
065138,Scala,15,Campania,Salerno,SA,istat-comuni
065139,Serramezzana,15,Campania,Salerno,SA,istat-comuni
065140,Serre,15,Campania,Salerno,SA,istat-comuni
065141,Sessa Cilento,15,Campania,Salerno,SA,istat-comuni
065142,Siano,15,Campania,Salerno,SA,istat-comuni
065143,Sicignano degli Alburni,15,Campania,Salerno,SA,istat-comuni
065144,Stella Cilento,15,Campania,Salerno,SA,istat-comuni
065145,Stio,15,Campania,Salerno,SA,istat-comuni
065146,Teggiano,15,Campania,Salerno,SA,istat-comuni
065147,Torchiara,15,Campania,Salerno,SA,istat-comuni
065148,Torraca,15,Campania,Salerno,SA,istat-comuni
065149,Torre Orsaia,15,Campania,Salerno,SA,istat-comuni
065150,Tortorella,15,Campania,Salerno,SA,istat-comuni
065151,Tramonti,15,Campania,Salerno,SA,istat-comuni
065152,Trentinara,15,Campania,Salerno,SA,istat-comuni
065153,Valle dell'Angelo,15,Campania,Salerno,SA,istat-comuni
065154,Vallo della Lucania,15,Campania,Salerno,SA,istat-comuni
065155,Valva,15,Campania,Salerno,SA,istat-comuni
065156,Vibonati,15,Campania,Salerno,SA,istat-comuni
065157,Vietri sul Mare,15,Campania,Salerno,SA,istat-comuni
065158,Bellizzi,15,Campania,Salerno,SA,istat-comuni
066001,Acciano,13,Abruzzo,L'Aquila,AQ,istat-comuni
066002,Aielli,13,Abruzzo,L'Aquila,AQ,istat-comuni
066003,Alfedena,13,Abruzzo,L'Aquila,AQ,istat-comuni
066004,Anversa degli Abruzzi,13,Abruzzo,L'Aquila,AQ,istat-comuni
066005,Ateleta,13,Abruzzo,L'Aquila,AQ,istat-comuni
066006,Avezzano,13,Abruzzo,L'Aquila,AQ,istat-comuni
066007,Balsorano,13,Abruzzo,L'Aquila,AQ,istat-comuni
066008,Barete,13,Abruzzo,L'Aquila,AQ,istat-comuni
066009,Barisciano,13,Abruzzo,L'Aquila,AQ,istat-comuni
066010,Barrea,13,Abruzzo,L'Aquila,AQ,istat-comuni
066011,Bisegna,13,Abruzzo,L'Aquila,AQ,istat-comuni
066012,Bugnara,13,Abruzzo,L'Aquila,AQ,istat-comuni
066013,Cagnano Amiterno,13,Abruzzo,L'Aquila,AQ,istat-comuni
066014,Calascio,13,Abruzzo,L'Aquila,AQ,istat-comuni
066015,Campo di Giove,13,Abruzzo,L'Aquila,AQ,istat-comuni
066016,Campotosto,13,Abruzzo,L'Aquila,AQ,istat-comuni
066017,Canistro,13,Abruzzo,L'Aquila,AQ,istat-comuni
066018,Cansano,13,Abruzzo,L'Aquila,AQ,istat-comuni
066019,Capestrano,13,Abruzzo,L'Aquila,AQ,istat-comuni
066020,Capistrello,13,Abruzzo,L'Aquila,AQ,istat-comuni
066021,Capitignano,13,Abruzzo,L'Aquila,AQ,istat-comuni
066022,Caporciano,13,Abruzzo,L'Aquila,AQ,istat-comuni
066023,Cappadocia,13,Abruzzo,L'Aquila,AQ,istat-comuni
066024,Carapelle Calvisio,13,Abruzzo,L'Aquila,AQ,istat-comuni
066025,Carsoli,13,Abruzzo,L'Aquila,AQ,istat-comuni
066026,Castel del Monte,13,Abruzzo,L'Aquila,AQ,istat-comuni
066027,Castel di Ieri,13,Abruzzo,L'Aquila,AQ,istat-comuni
066028,Castel di Sangro,13,Abruzzo,L'Aquila,AQ,istat-comuni
066029,Castellafiume,13,Abruzzo,L'Aquila,AQ,istat-comuni
066030,Castelvecchio Calvisio,13,Abruzzo,L'Aquila,AQ,istat-comuni
066031,Castelvecchio Subequo,13,Abruzzo,L'Aquila,AQ,istat-comuni
066032,Celano,13,Abruzzo,L'Aquila,AQ,istat-comuni
066033,Cerchio,13,Abruzzo,L'Aquila,AQ,istat-comuni
066034,Civita d'Antino,13,Abruzzo,L'Aquila,AQ,istat-comuni
066035,Civitella Alfedena,13,Abruzzo,L'Aquila,AQ,istat-comuni
066036,Civitella Roveto,13,Abruzzo,L'Aquila,AQ,istat-comuni
066037,Cocullo,13,Abruzzo,L'Aquila,AQ,istat-comuni
066038,Collarmele,13,Abruzzo,L'Aquila,AQ,istat-comuni
066039,Collelongo,13,Abruzzo,L'Aquila,AQ,istat-comuni
066040,Collepietro,13,Abruzzo,L'Aquila,AQ,istat-comuni
066041,Corfinio,13,Abruzzo,L'Aquila,AQ,istat-comuni
066042,Fagnano Alto,13,Abruzzo,L'Aquila,AQ,istat-comuni
066043,Fontecchio,13,Abruzzo,L'Aquila,AQ,istat-comuni
066044,Fossa,13,Abruzzo,L'Aquila,AQ,istat-comuni
066045,Gagliano Aterno,13,Abruzzo,L'Aquila,AQ,istat-comuni
066046,Gioia dei Marsi,13,Abruzzo,L'Aquila,AQ,istat-comuni
066047,Goriano Sicoli,13,Abruzzo,L'Aquila,AQ,istat-comuni
066048,Introdacqua,13,Abruzzo,L'Aquila,AQ,istat-comuni
066049,L'Aquila,13,Abruzzo,L'Aquila,AQ,istat-comuni
066050,Lecce nei Marsi,13,Abruzzo,L'Aquila,AQ,istat-comuni
066051,Luco dei Marsi,13,Abruzzo,L'Aquila,AQ,istat-comuni
066052,Lucoli,13,Abruzzo,L'Aquila,AQ,istat-comuni
066053,Magliano de' Marsi,13,Abruzzo,L'Aquila,AQ,istat-comuni
066054,Massa d'Albe,13,Abruzzo,L'Aquila,AQ,istat-comuni
066055,Molina Aterno,13,Abruzzo,L'Aquila,AQ,istat-comuni
066056,Montereale,13,Abruzzo,L'Aquila,AQ,istat-comuni
066057,Morino,13,Abruzzo,L'Aquila,AQ,istat-comuni
066058,Navelli,13,Abruzzo,L'Aquila,AQ,istat-comuni
066059,Ocre,13,Abruzzo,L'Aquila,AQ,istat-comuni
066060,Ofena,13,Abruzzo,L'Aquila,AQ,istat-comuni
066061,Opi,13,Abruzzo,L'Aquila,AQ,istat-comuni
066062,Oricola,13,Abruzzo,L'Aquila,AQ,istat-comuni
066063,Ortona dei Marsi,13,Abruzzo,L'Aquila,AQ,istat-comuni
066064,Ortucchio,13,Abruzzo,L'Aquila,AQ,istat-comuni
066065,Ovindoli,13,Abruzzo,L'Aquila,AQ,istat-comuni
066066,Pacentro,13,Abruzzo,L'Aquila,AQ,istat-comuni
066067,Pereto,13,Abruzzo,L'Aquila,AQ,istat-comuni
066068,Pescasseroli,13,Abruzzo,L'Aquila,AQ,istat-comuni
066069,Pescina,13,Abruzzo,L'Aquila,AQ,istat-comuni
066070,Pescocostanzo,13,Abruzzo,L'Aquila,AQ,istat-comuni
066071,Pettorano sul Gizio,13,Abruzzo,L'Aquila,AQ,istat-comuni
066072,Pizzoli,13,Abruzzo,L'Aquila,AQ,istat-comuni
066073,Poggio Picenze,13,Abruzzo,L'Aquila,AQ,istat-comuni
066074,Prata d'Ansidonia,13,Abruzzo,L'Aquila,AQ,istat-comuni
066075,Pratola Peligna,13,Abruzzo,L'Aquila,AQ,istat-comuni
066076,Prezza,13,Abruzzo,L'Aquila,AQ,istat-comuni
066077,Raiano,13,Abruzzo,L'Aquila,AQ,istat-comuni
066078,Rivisondoli,13,Abruzzo,L'Aquila,AQ,istat-comuni
066079,Roccacasale,13,Abruzzo,L'Aquila,AQ,istat-comuni
066080,Rocca di Botte,13,Abruzzo,L'Aquila,AQ,istat-comuni
066081,Rocca di Cambio,13,Abruzzo,L'Aquila,AQ,istat-comuni
066082,Rocca di Mezzo,13,Abruzzo,L'Aquila,AQ,istat-comuni
066083,Rocca Pia,13,Abruzzo,L'Aquila,AQ,istat-comuni
066084,Roccaraso,13,Abruzzo,L'Aquila,AQ,istat-comuni
066085,San Benedetto dei Marsi,13,Abruzzo,L'Aquila,AQ,istat-comuni
066086,San Benedetto in Perillis,13,Abruzzo,L'Aquila,AQ,istat-comuni
066087,San Demetrio ne' Vestini,13,Abruzzo,L'Aquila,AQ,istat-comuni
066088,San Pio delle Camere,13,Abruzzo,L'Aquila,AQ,istat-comuni
066089,Sante Marie,13,Abruzzo,L'Aquila,AQ,istat-comuni
066090,Sant'Eusanio Forconese,13,Abruzzo,L'Aquila,AQ,istat-comuni
066091,Santo Stefano di Sessanio,13,Abruzzo,L'Aquila,AQ,istat-comuni
066092,San Vincenzo Valle Roveto,13,Abruzzo,L'Aquila,AQ,istat-comuni
066093,Scanno,13,Abruzzo,L'Aquila,AQ,istat-comuni
066094,Scontrone,13,Abruzzo,L'Aquila,AQ,istat-comuni
066095,Scoppito,13,Abruzzo,L'Aquila,AQ,istat-comuni
066096,Scurcola Marsicana,13,Abruzzo,L'Aquila,AQ,istat-comuni
066097,Secinaro,13,Abruzzo,L'Aquila,AQ,istat-comuni
066098,Sulmona,13,Abruzzo,L'Aquila,AQ,istat-comuni
066099,Tagliacozzo,13,Abruzzo,L'Aquila,AQ,istat-comuni
066100,Tione degli Abruzzi,13,Abruzzo,L'Aquila,AQ,istat-comuni
066101,Tornimparte,13,Abruzzo,L'Aquila,AQ,istat-comuni
066102,Trasacco,13,Abruzzo,L'Aquila,AQ,istat-comuni
066103,Villalago,13,Abruzzo,L'Aquila,AQ,istat-comuni
066104,Villa Santa Lucia degli Abruzzi,13,Abruzzo,L'Aquila,AQ,istat-comuni
066105,Villa Sant'Angelo,13,Abruzzo,L'Aquila,AQ,istat-comuni
066106,Villavallelonga,13,Abruzzo,L'Aquila,AQ,istat-comuni
066107,Villetta Barrea,13,Abruzzo,L'Aquila,AQ,istat-comuni
066108,Vittorito,13,Abruzzo,L'Aquila,AQ,istat-comuni
067001,Alba Adriatica,13,Abruzzo,Teramo,TE,istat-comuni
067002,Ancarano,13,Abruzzo,Teramo,TE,istat-comuni
067003,Arsita,13,Abruzzo,Teramo,TE,istat-comuni
067004,Atri,13,Abruzzo,Teramo,TE,istat-comuni
067005,Basciano,13,Abruzzo,Teramo,TE,istat-comuni
067006,Bellante,13,Abruzzo,Teramo,TE,istat-comuni
067007,Bisenti,13,Abruzzo,Teramo,TE,istat-comuni
067008,Campli,13,Abruzzo,Teramo,TE,istat-comuni
067009,Canzano,13,Abruzzo,Teramo,TE,istat-comuni
067010,Castel Castagna,13,Abruzzo,Teramo,TE,istat-comuni
067011,Castellalto,13,Abruzzo,Teramo,TE,istat-comuni
067012,Castelli,13,Abruzzo,Teramo,TE,istat-comuni
067013,Castiglione Messer Raimondo,13,Abruzzo,Teramo,TE,istat-comuni
067014,Castilenti,13,Abruzzo,Teramo,TE,istat-comuni
067015,Cellino Attanasio,13,Abruzzo,Teramo,TE,istat-comuni
067016,Cermignano,13,Abruzzo,Teramo,TE,istat-comuni
067017,Civitella del Tronto,13,Abruzzo,Teramo,TE,istat-comuni
067018,Colledara,13,Abruzzo,Teramo,TE,istat-comuni
067019,Colonnella,13,Abruzzo,Teramo,TE,istat-comuni
067020,Controguerra,13,Abruzzo,Teramo,TE,istat-comuni
067021,Corropoli,13,Abruzzo,Teramo,TE,istat-comuni
067022,Cortino,13,Abruzzo,Teramo,TE,istat-comuni
067023,Crognaleto,13,Abruzzo,Teramo,TE,istat-comuni
067024,Fano Adriano,13,Abruzzo,Teramo,TE,istat-comuni
067025,Giulianova,13,Abruzzo,Teramo,TE,istat-comuni
067026,Isola del Gran Sasso d'Italia,13,Abruzzo,Teramo,TE,istat-comuni
067027,Montefino,13,Abruzzo,Teramo,TE,istat-comuni
067028,Montorio al Vomano,13,Abruzzo,Teramo,TE,istat-comuni
067029,Morro d'Oro,13,Abruzzo,Teramo,TE,istat-comuni
067030,Mosciano Sant'Angelo,13,Abruzzo,Teramo,TE,istat-comuni
067031,Nereto,13,Abruzzo,Teramo,TE,istat-comuni
067032,Notaresco,13,Abruzzo,Teramo,TE,istat-comuni
067033,Penna Sant'Andrea,13,Abruzzo,Teramo,TE,istat-comuni
067034,Pietracamela,13,Abruzzo,Teramo,TE,istat-comuni
067035,Pineto,13,Abruzzo,Teramo,TE,istat-comuni
067036,Rocca Santa Maria,13,Abruzzo,Teramo,TE,istat-comuni
067037,Roseto degli Abruzzi,13,Abruzzo,Teramo,TE,istat-comuni
067038,Sant'Egidio alla Vibrata,13,Abruzzo,Teramo,TE,istat-comuni
067039,Sant'Omero,13,Abruzzo,Teramo,TE,istat-comuni
067040,Silvi,13,Abruzzo,Teramo,TE,istat-comuni
067041,Teramo,13,Abruzzo,Teramo,TE,istat-comuni
067042,Torano Nuovo,13,Abruzzo,Teramo,TE,istat-comuni
067043,Torricella Sicura,13,Abruzzo,Teramo,TE,istat-comuni
067044,Tortoreto,13,Abruzzo,Teramo,TE,istat-comuni
067045,Tossicia,13,Abruzzo,Teramo,TE,istat-comuni
067046,Valle Castellana,13,Abruzzo,Teramo,TE,istat-comuni
067047,Martinsicuro,13,Abruzzo,Teramo,TE,istat-comuni
068001,Abbateggio,13,Abruzzo,Pescara,PE,istat-comuni
068002,Alanno,13,Abruzzo,Pescara,PE,istat-comuni
068003,Bolognano,13,Abruzzo,Pescara,PE,istat-comuni
068004,Brittoli,13,Abruzzo,Pescara,PE,istat-comuni
068005,Bussi sul Tirino,13,Abruzzo,Pescara,PE,istat-comuni
068006,Cappelle sul Tavo,13,Abruzzo,Pescara,PE,istat-comuni
068007,Caramanico Terme,13,Abruzzo,Pescara,PE,istat-comuni
068008,Carpineto della Nora,13,Abruzzo,Pescara,PE,istat-comuni
068009,Castiglione a Casauria,13,Abruzzo,Pescara,PE,istat-comuni
068010,Catignano,13,Abruzzo,Pescara,PE,istat-comuni
068011,Cepagatti,13,Abruzzo,Pescara,PE,istat-comuni
068012,Città Sant'Angelo,13,Abruzzo,Pescara,PE,istat-comuni
068013,Civitaquana,13,Abruzzo,Pescara,PE,istat-comuni
068014,Civitella Casanova,13,Abruzzo,Pescara,PE,istat-comuni
068015,Collecorvino,13,Abruzzo,Pescara,PE,istat-comuni
068016,Corvara,13,Abruzzo,Pescara,PE,istat-comuni
068017,Cugnoli,13,Abruzzo,Pescara,PE,istat-comuni
068018,Elice,13,Abruzzo,Pescara,PE,istat-comuni
068019,Farindola,13,Abruzzo,Pescara,PE,istat-comuni
068020,Lettomanoppello,13,Abruzzo,Pescara,PE,istat-comuni
068021,Loreto Aprutino,13,Abruzzo,Pescara,PE,istat-comuni
068022,Manoppello,13,Abruzzo,Pescara,PE,istat-comuni
068023,Montebello di Bertona,13,Abruzzo,Pescara,PE,istat-comuni
068024,Montesilvano,13,Abruzzo,Pescara,PE,istat-comuni
068025,Moscufo,13,Abruzzo,Pescara,PE,istat-comuni
068026,Nocciano,13,Abruzzo,Pescara,PE,istat-comuni
068027,Penne,13,Abruzzo,Pescara,PE,istat-comuni
068028,Pescara,13,Abruzzo,Pescara,PE,istat-comuni
068029,Pescosansonesco,13,Abruzzo,Pescara,PE,istat-comuni
068030,Pianella,13,Abruzzo,Pescara,PE,istat-comuni
068031,Picciano,13,Abruzzo,Pescara,PE,istat-comuni
068032,Pietranico,13,Abruzzo,Pescara,PE,istat-comuni
068033,Popoli Terme,13,Abruzzo,Pescara,PE,istat-comuni
068034,Roccamorice,13,Abruzzo,Pescara,PE,istat-comuni
068035,Rosciano,13,Abruzzo,Pescara,PE,istat-comuni
068036,Salle,13,Abruzzo,Pescara,PE,istat-comuni
068037,Sant'Eufemia a Maiella,13,Abruzzo,Pescara,PE,istat-comuni
068038,San Valentino in Abruzzo Citeriore,13,Abruzzo,Pescara,PE,istat-comuni
068039,Scafa,13,Abruzzo,Pescara,PE,istat-comuni
068040,Serramonacesca,13,Abruzzo,Pescara,PE,istat-comuni
068041,Spoltore,13,Abruzzo,Pescara,PE,istat-comuni
068042,Tocco da Casauria,13,Abruzzo,Pescara,PE,istat-comuni
068043,Torre de' Passeri,13,Abruzzo,Pescara,PE,istat-comuni
068044,Turrivalignani,13,Abruzzo,Pescara,PE,istat-comuni
068045,Vicoli,13,Abruzzo,Pescara,PE,istat-comuni
068046,Villa Celiera,13,Abruzzo,Pescara,PE,istat-comuni
069001,Altino,13,Abruzzo,Chieti,CH,istat-comuni
069002,Archi,13,Abruzzo,Chieti,CH,istat-comuni
069003,Ari,13,Abruzzo,Chieti,CH,istat-comuni
069004,Arielli,13,Abruzzo,Chieti,CH,istat-comuni
069005,Atessa,13,Abruzzo,Chieti,CH,istat-comuni
069006,Bomba,13,Abruzzo,Chieti,CH,istat-comuni
069007,Borrello,13,Abruzzo,Chieti,CH,istat-comuni
069008,Bucchianico,13,Abruzzo,Chieti,CH,istat-comuni
069009,Montebello sul Sangro,13,Abruzzo,Chieti,CH,istat-comuni
069010,Canosa Sannita,13,Abruzzo,Chieti,CH,istat-comuni
069011,Carpineto Sinello,13,Abruzzo,Chieti,CH,istat-comuni
069012,Carunchio,13,Abruzzo,Chieti,CH,istat-comuni
069013,Casacanditella,13,Abruzzo,Chieti,CH,istat-comuni
069014,Casalanguida,13,Abruzzo,Chieti,CH,istat-comuni
069015,Casalbordino,13,Abruzzo,Chieti,CH,istat-comuni
069016,Casalincontrada,13,Abruzzo,Chieti,CH,istat-comuni
069017,Casoli,13,Abruzzo,Chieti,CH,istat-comuni
069018,Castel Frentano,13,Abruzzo,Chieti,CH,istat-comuni
069019,Castelguidone,13,Abruzzo,Chieti,CH,istat-comuni
069020,Castiglione Messer Marino,13,Abruzzo,Chieti,CH,istat-comuni
069021,Celenza sul Trigno,13,Abruzzo,Chieti,CH,istat-comuni
069022,Chieti,13,Abruzzo,Chieti,CH,istat-comuni
069023,Civitaluparella,13,Abruzzo,Chieti,CH,istat-comuni
069024,Civitella Messer Raimondo,13,Abruzzo,Chieti,CH,istat-comuni
069025,Colledimacine,13,Abruzzo,Chieti,CH,istat-comuni
069026,Colledimezzo,13,Abruzzo,Chieti,CH,istat-comuni
069027,Crecchio,13,Abruzzo,Chieti,CH,istat-comuni
069028,Cupello,13,Abruzzo,Chieti,CH,istat-comuni
069029,Dogliola,13,Abruzzo,Chieti,CH,istat-comuni
069030,Fara Filiorum Petri,13,Abruzzo,Chieti,CH,istat-comuni
069031,Fara San Martino,13,Abruzzo,Chieti,CH,istat-comuni
069032,Filetto,13,Abruzzo,Chieti,CH,istat-comuni
069033,Fossacesia,13,Abruzzo,Chieti,CH,istat-comuni
069034,Fraine,13,Abruzzo,Chieti,CH,istat-comuni
069035,Francavilla al Mare,13,Abruzzo,Chieti,CH,istat-comuni
069036,Fresagrandinaria,13,Abruzzo,Chieti,CH,istat-comuni
069037,Frisa,13,Abruzzo,Chieti,CH,istat-comuni
069038,Furci,13,Abruzzo,Chieti,CH,istat-comuni
069039,Gamberale,13,Abruzzo,Chieti,CH,istat-comuni
069040,Gessopalena,13,Abruzzo,Chieti,CH,istat-comuni
069041,Gissi,13,Abruzzo,Chieti,CH,istat-comuni
069042,Giuliano Teatino,13,Abruzzo,Chieti,CH,istat-comuni
069043,Guardiagrele,13,Abruzzo,Chieti,CH,istat-comuni
069044,Guilmi,13,Abruzzo,Chieti,CH,istat-comuni
069045,Lama dei Peligni,13,Abruzzo,Chieti,CH,istat-comuni
069046,Lanciano,13,Abruzzo,Chieti,CH,istat-comuni
069047,Lentella,13,Abruzzo,Chieti,CH,istat-comuni
069048,Lettopalena,13,Abruzzo,Chieti,CH,istat-comuni
069049,Liscia,13,Abruzzo,Chieti,CH,istat-comuni
069050,Miglianico,13,Abruzzo,Chieti,CH,istat-comuni
069051,Montazzoli,13,Abruzzo,Chieti,CH,istat-comuni
069052,Monteferrante,13,Abruzzo,Chieti,CH,istat-comuni
069053,Montelapiano,13,Abruzzo,Chieti,CH,istat-comuni
069054,Montenerodomo,13,Abruzzo,Chieti,CH,istat-comuni
069055,Monteodorisio,13,Abruzzo,Chieti,CH,istat-comuni
069056,Mozzagrogna,13,Abruzzo,Chieti,CH,istat-comuni
069057,Orsogna,13,Abruzzo,Chieti,CH,istat-comuni
069058,Ortona,13,Abruzzo,Chieti,CH,istat-comuni
069059,Paglieta,13,Abruzzo,Chieti,CH,istat-comuni
069060,Palena,13,Abruzzo,Chieti,CH,istat-comuni
069061,Palmoli,13,Abruzzo,Chieti,CH,istat-comuni
069062,Palombaro,13,Abruzzo,Chieti,CH,istat-comuni
069063,Pennadomo,13,Abruzzo,Chieti,CH,istat-comuni
069064,Pennapiedimonte,13,Abruzzo,Chieti,CH,istat-comuni
069065,Perano,13,Abruzzo,Chieti,CH,istat-comuni
069066,Pizzoferrato,13,Abruzzo,Chieti,CH,istat-comuni
069067,Poggiofiorito,13,Abruzzo,Chieti,CH,istat-comuni
069068,Pollutri,13,Abruzzo,Chieti,CH,istat-comuni
069069,Pretoro,13,Abruzzo,Chieti,CH,istat-comuni
069070,Quadri,13,Abruzzo,Chieti,CH,istat-comuni
069071,Rapino,13,Abruzzo,Chieti,CH,istat-comuni
069072,Ripa Teatina,13,Abruzzo,Chieti,CH,istat-comuni
069073,Roccamontepiano,13,Abruzzo,Chieti,CH,istat-comuni
069074,Rocca San Giovanni,13,Abruzzo,Chieti,CH,istat-comuni
069075,Roccascalegna,13,Abruzzo,Chieti,CH,istat-comuni
069076,Roccaspinalveti,13,Abruzzo,Chieti,CH,istat-comuni
069077,Roio del Sangro,13,Abruzzo,Chieti,CH,istat-comuni
069078,Rosello,13,Abruzzo,Chieti,CH,istat-comuni
069079,San Buono,13,Abruzzo,Chieti,CH,istat-comuni
069080,San Giovanni Lipioni,13,Abruzzo,Chieti,CH,istat-comuni
069081,San Giovanni Teatino,13,Abruzzo,Chieti,CH,istat-comuni
069082,San Martino sulla Marrucina,13,Abruzzo,Chieti,CH,istat-comuni
069083,San Salvo,13,Abruzzo,Chieti,CH,istat-comuni
069084,Santa Maria Imbaro,13,Abruzzo,Chieti,CH,istat-comuni
069085,Sant'Eusanio del Sangro,13,Abruzzo,Chieti,CH,istat-comuni
069086,San Vito Chietino,13,Abruzzo,Chieti,CH,istat-comuni
069087,Scerni,13,Abruzzo,Chieti,CH,istat-comuni
069088,Schiavi di Abruzzo,13,Abruzzo,Chieti,CH,istat-comuni
069089,Taranta Peligna,13,Abruzzo,Chieti,CH,istat-comuni
069090,Tollo,13,Abruzzo,Chieti,CH,istat-comuni
069091,Torino di Sangro,13,Abruzzo,Chieti,CH,istat-comuni
069092,Tornareccio,13,Abruzzo,Chieti,CH,istat-comuni
069093,Torrebruna,13,Abruzzo,Chieti,CH,istat-comuni
069094,Torrevecchia Teatina,13,Abruzzo,Chieti,CH,istat-comuni
069095,Torricella Peligna,13,Abruzzo,Chieti,CH,istat-comuni
069096,Treglio,13,Abruzzo,Chieti,CH,istat-comuni
069097,Tufillo,13,Abruzzo,Chieti,CH,istat-comuni
069098,Vacri,13,Abruzzo,Chieti,CH,istat-comuni
069099,Vasto,13,Abruzzo,Chieti,CH,istat-comuni
069100,Villalfonsina,13,Abruzzo,Chieti,CH,istat-comuni
069101,Villamagna,13,Abruzzo,Chieti,CH,istat-comuni
069102,Villa Santa Maria,13,Abruzzo,Chieti,CH,istat-comuni
069103,Pietraferrazzana,13,Abruzzo,Chieti,CH,istat-comuni
069104,Fallo,13,Abruzzo,Chieti,CH,istat-comuni
070001,Acquaviva Collecroce,14,Molise,Campobasso,CB,istat-comuni
070002,Baranello,14,Molise,Campobasso,CB,istat-comuni
070003,Bojano,14,Molise,Campobasso,CB,istat-comuni
070004,Bonefro,14,Molise,Campobasso,CB,istat-comuni
070005,Busso,14,Molise,Campobasso,CB,istat-comuni
070006,Campobasso,14,Molise,Campobasso,CB,istat-comuni
070007,Campochiaro,14,Molise,Campobasso,CB,istat-comuni
070008,Campodipietra,14,Molise,Campobasso,CB,istat-comuni
070009,Campolieto,14,Molise,Campobasso,CB,istat-comuni
070010,Campomarino,14,Molise,Campobasso,CB,istat-comuni
070011,Casacalenda,14,Molise,Campobasso,CB,istat-comuni
070012,Casalciprano,14,Molise,Campobasso,CB,istat-comuni
070013,Castelbottaccio,14,Molise,Campobasso,CB,istat-comuni
070014,Castellino del Biferno,14,Molise,Campobasso,CB,istat-comuni
070015,Castelmauro,14,Molise,Campobasso,CB,istat-comuni
070016,Castropignano,14,Molise,Campobasso,CB,istat-comuni
070017,Cercemaggiore,14,Molise,Campobasso,CB,istat-comuni
070018,Cercepiccola,14,Molise,Campobasso,CB,istat-comuni
070019,Civitacampomarano,14,Molise,Campobasso,CB,istat-comuni
070020,Colle d'Anchise,14,Molise,Campobasso,CB,istat-comuni
070021,Colletorto,14,Molise,Campobasso,CB,istat-comuni
070022,Duronia,14,Molise,Campobasso,CB,istat-comuni
070023,Ferrazzano,14,Molise,Campobasso,CB,istat-comuni
070024,Fossalto,14,Molise,Campobasso,CB,istat-comuni
070025,Gambatesa,14,Molise,Campobasso,CB,istat-comuni
070026,Gildone,14,Molise,Campobasso,CB,istat-comuni
070027,Guardialfiera,14,Molise,Campobasso,CB,istat-comuni
070028,Guardiaregia,14,Molise,Campobasso,CB,istat-comuni
070029,Guglionesi,14,Molise,Campobasso,CB,istat-comuni
070030,Jelsi,14,Molise,Campobasso,CB,istat-comuni
070031,Larino,14,Molise,Campobasso,CB,istat-comuni
070032,Limosano,14,Molise,Campobasso,CB,istat-comuni
070033,Lucito,14,Molise,Campobasso,CB,istat-comuni
070034,Lupara,14,Molise,Campobasso,CB,istat-comuni
070035,Macchia Valfortore,14,Molise,Campobasso,CB,istat-comuni
070036,Mafalda,14,Molise,Campobasso,CB,istat-comuni
070037,Matrice,14,Molise,Campobasso,CB,istat-comuni
070038,Mirabello Sannitico,14,Molise,Campobasso,CB,istat-comuni
070039,Molise,14,Molise,Campobasso,CB,istat-comuni
070040,Monacilioni,14,Molise,Campobasso,CB,istat-comuni
070041,Montagano,14,Molise,Campobasso,CB,istat-comuni
070042,Montecilfone,14,Molise,Campobasso,CB,istat-comuni
070043,Montefalcone nel Sannio,14,Molise,Campobasso,CB,istat-comuni
070044,Montelongo,14,Molise,Campobasso,CB,istat-comuni
070045,Montemitro,14,Molise,Campobasso,CB,istat-comuni
070046,Montenero di Bisaccia,14,Molise,Campobasso,CB,istat-comuni
070047,Montorio nei Frentani,14,Molise,Campobasso,CB,istat-comuni
070048,Morrone del Sannio,14,Molise,Campobasso,CB,istat-comuni
070049,Oratino,14,Molise,Campobasso,CB,istat-comuni
070050,Palata,14,Molise,Campobasso,CB,istat-comuni
070051,Petacciato,14,Molise,Campobasso,CB,istat-comuni
070052,Petrella Tifernina,14,Molise,Campobasso,CB,istat-comuni
070053,Pietracatella,14,Molise,Campobasso,CB,istat-comuni
070054,Pietracupa,14,Molise,Campobasso,CB,istat-comuni
070055,Portocannone,14,Molise,Campobasso,CB,istat-comuni
070056,Provvidenti,14,Molise,Campobasso,CB,istat-comuni
070057,Riccia,14,Molise,Campobasso,CB,istat-comuni
070058,Ripabottoni,14,Molise,Campobasso,CB,istat-comuni
070059,Ripalimosani,14,Molise,Campobasso,CB,istat-comuni
070060,Roccavivara,14,Molise,Campobasso,CB,istat-comuni
070061,Rotello,14,Molise,Campobasso,CB,istat-comuni
070062,Salcito,14,Molise,Campobasso,CB,istat-comuni
070063,San Biase,14,Molise,Campobasso,CB,istat-comuni
070064,San Felice del Molise,14,Molise,Campobasso,CB,istat-comuni
070065,San Giacomo degli Schiavoni,14,Molise,Campobasso,CB,istat-comuni
070066,San Giovanni in Galdo,14,Molise,Campobasso,CB,istat-comuni
070067,San Giuliano del Sannio,14,Molise,Campobasso,CB,istat-comuni
070068,San Giuliano di Puglia,14,Molise,Campobasso,CB,istat-comuni
070069,San Martino in Pensilis,14,Molise,Campobasso,CB,istat-comuni
070070,San Massimo,14,Molise,Campobasso,CB,istat-comuni
070071,San Polo Matese,14,Molise,Campobasso,CB,istat-comuni
070072,Santa Croce di Magliano,14,Molise,Campobasso,CB,istat-comuni
070073,Sant'Angelo Limosano,14,Molise,Campobasso,CB,istat-comuni
070074,Sant'Elia a Pianisi,14,Molise,Campobasso,CB,istat-comuni
070075,Sepino,14,Molise,Campobasso,CB,istat-comuni
070076,Spinete,14,Molise,Campobasso,CB,istat-comuni
070077,Tavenna,14,Molise,Campobasso,CB,istat-comuni
070078,Termoli,14,Molise,Campobasso,CB,istat-comuni
070079,Torella del Sannio,14,Molise,Campobasso,CB,istat-comuni
070080,Toro,14,Molise,Campobasso,CB,istat-comuni
070081,Trivento,14,Molise,Campobasso,CB,istat-comuni
070082,Tufara,14,Molise,Campobasso,CB,istat-comuni
070083,Ururi,14,Molise,Campobasso,CB,istat-comuni
070084,Vinchiaturo,14,Molise,Campobasso,CB,istat-comuni
071001,Accadia,16,Puglia,Foggia,FG,istat-comuni
071002,Alberona,16,Puglia,Foggia,FG,istat-comuni
071003,Anzano di Puglia,16,Puglia,Foggia,FG,istat-comuni
071004,Apricena,16,Puglia,Foggia,FG,istat-comuni
071005,Ascoli Satriano,16,Puglia,Foggia,FG,istat-comuni
071006,Biccari,16,Puglia,Foggia,FG,istat-comuni
071007,Bovino,16,Puglia,Foggia,FG,istat-comuni
071008,Cagnano Varano,16,Puglia,Foggia,FG,istat-comuni
071009,Candela,16,Puglia,Foggia,FG,istat-comuni
071010,Carapelle,16,Puglia,Foggia,FG,istat-comuni
071011,Carlantino,16,Puglia,Foggia,FG,istat-comuni
071012,Carpino,16,Puglia,Foggia,FG,istat-comuni
071013,Casalnuovo Monterotaro,16,Puglia,Foggia,FG,istat-comuni
071014,Casalvecchio di Puglia,16,Puglia,Foggia,FG,istat-comuni
071015,Castelluccio dei Sauri,16,Puglia,Foggia,FG,istat-comuni
071016,Castelluccio Valmaggiore,16,Puglia,Foggia,FG,istat-comuni
071017,Castelnuovo della Daunia,16,Puglia,Foggia,FG,istat-comuni
071018,Celenza Valfortore,16,Puglia,Foggia,FG,istat-comuni
071019,Celle di San Vito,16,Puglia,Foggia,FG,istat-comuni
071020,Cerignola,16,Puglia,Foggia,FG,istat-comuni
071021,Chieuti,16,Puglia,Foggia,FG,istat-comuni
071022,Deliceto,16,Puglia,Foggia,FG,istat-comuni
071023,Faeto,16,Puglia,Foggia,FG,istat-comuni
071024,Foggia,16,Puglia,Foggia,FG,istat-comuni
071025,Ischitella,16,Puglia,Foggia,FG,istat-comuni
071026,Isole Tremiti,16,Puglia,Foggia,FG,istat-comuni
071027,Lesina,16,Puglia,Foggia,FG,istat-comuni
071028,Lucera,16,Puglia,Foggia,FG,istat-comuni
071029,Manfredonia,16,Puglia,Foggia,FG,istat-comuni
071031,Mattinata,16,Puglia,Foggia,FG,istat-comuni
071032,Monteleone di Puglia,16,Puglia,Foggia,FG,istat-comuni
071033,Monte Sant'Angelo,16,Puglia,Foggia,FG,istat-comuni
071034,Motta Montecorvino,16,Puglia,Foggia,FG,istat-comuni
071035,Orsara di Puglia,16,Puglia,Foggia,FG,istat-comuni
071036,Orta Nova,16,Puglia,Foggia,FG,istat-comuni
071037,Panni,16,Puglia,Foggia,FG,istat-comuni
071038,Peschici,16,Puglia,Foggia,FG,istat-comuni
071039,Pietramontecorvino,16,Puglia,Foggia,FG,istat-comuni
071040,Poggio Imperiale,16,Puglia,Foggia,FG,istat-comuni
071041,Rignano Garganico,16,Puglia,Foggia,FG,istat-comuni
071042,Rocchetta Sant'Antonio,16,Puglia,Foggia,FG,istat-comuni
071043,Rodi Garganico,16,Puglia,Foggia,FG,istat-comuni
071044,Roseto Valfortore,16,Puglia,Foggia,FG,istat-comuni
071046,San Giovanni Rotondo,16,Puglia,Foggia,FG,istat-comuni
071047,San Marco in Lamis,16,Puglia,Foggia,FG,istat-comuni
071048,San Marco la Catola,16,Puglia,Foggia,FG,istat-comuni
071049,San Nicandro Garganico,16,Puglia,Foggia,FG,istat-comuni
071050,San Paolo di Civitate,16,Puglia,Foggia,FG,istat-comuni
071051,San Severo,16,Puglia,Foggia,FG,istat-comuni
071052,Sant'Agata di Puglia,16,Puglia,Foggia,FG,istat-comuni
071053,Serracapriola,16,Puglia,Foggia,FG,istat-comuni
071054,Stornara,16,Puglia,Foggia,FG,istat-comuni
071055,Stornarella,16,Puglia,Foggia,FG,istat-comuni
071056,Torremaggiore,16,Puglia,Foggia,FG,istat-comuni
071058,Troia,16,Puglia,Foggia,FG,istat-comuni
071059,Vico del Gargano,16,Puglia,Foggia,FG,istat-comuni
071060,Vieste,16,Puglia,Foggia,FG,istat-comuni
071061,Volturara Appula,16,Puglia,Foggia,FG,istat-comuni
071062,Volturino,16,Puglia,Foggia,FG,istat-comuni
071063,Ordona,16,Puglia,Foggia,FG,istat-comuni
071064,Zapponeta,16,Puglia,Foggia,FG,istat-comuni
072001,Acquaviva delle Fonti,16,Puglia,Bari,BA,istat-comuni
072002,Adelfia,16,Puglia,Bari,BA,istat-comuni
072003,Alberobello,16,Puglia,Bari,BA,istat-comuni
072004,Altamura,16,Puglia,Bari,BA,istat-comuni
072006,Bari,16,Puglia,Bari,BA,istat-comuni
072008,Binetto,16,Puglia,Bari,BA,istat-comuni
072010,Bitetto,16,Puglia,Bari,BA,istat-comuni
072011,Bitonto,16,Puglia,Bari,BA,istat-comuni
072012,Bitritto,16,Puglia,Bari,BA,istat-comuni
072014,Capurso,16,Puglia,Bari,BA,istat-comuni
072015,Casamassima,16,Puglia,Bari,BA,istat-comuni
072016,Cassano delle Murge,16,Puglia,Bari,BA,istat-comuni
072017,Castellana Grotte,16,Puglia,Bari,BA,istat-comuni
072018,Cellamare,16,Puglia,Bari,BA,istat-comuni
072019,Conversano,16,Puglia,Bari,BA,istat-comuni
072020,Corato,16,Puglia,Bari,BA,istat-comuni
072021,Gioia del Colle,16,Puglia,Bari,BA,istat-comuni
072022,Giovinazzo,16,Puglia,Bari,BA,istat-comuni
072023,Gravina in Puglia,16,Puglia,Bari,BA,istat-comuni
072024,Grumo Appula,16,Puglia,Bari,BA,istat-comuni
072025,Locorotondo,16,Puglia,Bari,BA,istat-comuni
072027,Modugno,16,Puglia,Bari,BA,istat-comuni
072028,Mola di Bari,16,Puglia,Bari,BA,istat-comuni
072029,Molfetta,16,Puglia,Bari,BA,istat-comuni
072030,Monopoli,16,Puglia,Bari,BA,istat-comuni
072031,Noci,16,Puglia,Bari,BA,istat-comuni
072032,Noicattaro,16,Puglia,Bari,BA,istat-comuni
072033,Palo del Colle,16,Puglia,Bari,BA,istat-comuni
072034,Poggiorsini,16,Puglia,Bari,BA,istat-comuni
072035,Polignano a Mare,16,Puglia,Bari,BA,istat-comuni
072036,Putignano,16,Puglia,Bari,BA,istat-comuni
072037,Rutigliano,16,Puglia,Bari,BA,istat-comuni
072038,Ruvo di Puglia,16,Puglia,Bari,BA,istat-comuni
072039,Sammichele di Bari,16,Puglia,Bari,BA,istat-comuni
072040,Sannicandro di Bari,16,Puglia,Bari,BA,istat-comuni
072041,Santeramo in Colle,16,Puglia,Bari,BA,istat-comuni
072043,Terlizzi,16,Puglia,Bari,BA,istat-comuni
072044,Toritto,16,Puglia,Bari,BA,istat-comuni
072046,Triggiano,16,Puglia,Bari,BA,istat-comuni
072047,Turi,16,Puglia,Bari,BA,istat-comuni
072048,Valenzano,16,Puglia,Bari,BA,istat-comuni
073001,Avetrana,16,Puglia,Taranto,TA,istat-comuni
073002,Carosino,16,Puglia,Taranto,TA,istat-comuni
073003,Castellaneta,16,Puglia,Taranto,TA,istat-comuni
073004,Crispiano,16,Puglia,Taranto,TA,istat-comuni
073005,Faggiano,16,Puglia,Taranto,TA,istat-comuni
073006,Fragagnano,16,Puglia,Taranto,TA,istat-comuni
073007,Ginosa,16,Puglia,Taranto,TA,istat-comuni
073008,Grottaglie,16,Puglia,Taranto,TA,istat-comuni
073009,Laterza,16,Puglia,Taranto,TA,istat-comuni
073010,Leporano,16,Puglia,Taranto,TA,istat-comuni
073011,Lizzano,16,Puglia,Taranto,TA,istat-comuni
073012,Manduria,16,Puglia,Taranto,TA,istat-comuni
073013,Martina Franca,16,Puglia,Taranto,TA,istat-comuni
073014,Maruggio,16,Puglia,Taranto,TA,istat-comuni
073015,Massafra,16,Puglia,Taranto,TA,istat-comuni
073016,Monteiasi,16,Puglia,Taranto,TA,istat-comuni
073017,Montemesola,16,Puglia,Taranto,TA,istat-comuni
073018,Monteparano,16,Puglia,Taranto,TA,istat-comuni
073019,Mottola,16,Puglia,Taranto,TA,istat-comuni
073020,Palagianello,16,Puglia,Taranto,TA,istat-comuni
073021,Palagiano,16,Puglia,Taranto,TA,istat-comuni
073022,Pulsano,16,Puglia,Taranto,TA,istat-comuni
073023,Roccaforzata,16,Puglia,Taranto,TA,istat-comuni
073024,San Giorgio Ionico,16,Puglia,Taranto,TA,istat-comuni
073025,San Marzano di San Giuseppe,16,Puglia,Taranto,TA,istat-comuni
073026,Sava,16,Puglia,Taranto,TA,istat-comuni
073027,Taranto,16,Puglia,Taranto,TA,istat-comuni
073028,Torricella,16,Puglia,Taranto,TA,istat-comuni
073029,Statte,16,Puglia,Taranto,TA,istat-comuni
074001,Brindisi,16,Puglia,Brindisi,BR,istat-comuni
074002,Carovigno,16,Puglia,Brindisi,BR,istat-comuni
074003,Ceglie Messapica,16,Puglia,Brindisi,BR,istat-comuni
074004,Cellino San Marco,16,Puglia,Brindisi,BR,istat-comuni
074005,Cisternino,16,Puglia,Brindisi,BR,istat-comuni
074006,Erchie,16,Puglia,Brindisi,BR,istat-comuni
074007,Fasano,16,Puglia,Brindisi,BR,istat-comuni
074008,Francavilla Fontana,16,Puglia,Brindisi,BR,istat-comuni
074009,Latiano,16,Puglia,Brindisi,BR,istat-comuni
074010,Mesagne,16,Puglia,Brindisi,BR,istat-comuni
074011,Oria,16,Puglia,Brindisi,BR,istat-comuni
074012,Ostuni,16,Puglia,Brindisi,BR,istat-comuni
074013,San Donaci,16,Puglia,Brindisi,BR,istat-comuni
074014,San Michele Salentino,16,Puglia,Brindisi,BR,istat-comuni
074015,San Pancrazio Salentino,16,Puglia,Brindisi,BR,istat-comuni
074016,San Pietro Vernotico,16,Puglia,Brindisi,BR,istat-comuni
074017,San Vito dei Normanni,16,Puglia,Brindisi,BR,istat-comuni
074018,Torchiarolo,16,Puglia,Brindisi,BR,istat-comuni
074019,Torre Santa Susanna,16,Puglia,Brindisi,BR,istat-comuni
074020,Villa Castelli,16,Puglia,Brindisi,BR,istat-comuni
075002,Alessano,16,Puglia,Lecce,LE,istat-comuni
075003,Alezio,16,Puglia,Lecce,LE,istat-comuni
075004,Alliste,16,Puglia,Lecce,LE,istat-comuni
075005,Andrano,16,Puglia,Lecce,LE,istat-comuni
075006,Aradeo,16,Puglia,Lecce,LE,istat-comuni
075007,Arnesano,16,Puglia,Lecce,LE,istat-comuni
075008,Bagnolo del Salento,16,Puglia,Lecce,LE,istat-comuni
075009,Botrugno,16,Puglia,Lecce,LE,istat-comuni
075010,Calimera,16,Puglia,Lecce,LE,istat-comuni
075011,Campi Salentina,16,Puglia,Lecce,LE,istat-comuni
075012,Cannole,16,Puglia,Lecce,LE,istat-comuni
075013,Caprarica di Lecce,16,Puglia,Lecce,LE,istat-comuni
075014,Carmiano,16,Puglia,Lecce,LE,istat-comuni
075015,Carpignano Salentino,16,Puglia,Lecce,LE,istat-comuni
075016,Casarano,16,Puglia,Lecce,LE,istat-comuni
075017,Castri di Lecce,16,Puglia,Lecce,LE,istat-comuni
075018,Castrignano de' Greci,16,Puglia,Lecce,LE,istat-comuni
075019,Castrignano del Capo,16,Puglia,Lecce,LE,istat-comuni
075020,Cavallino,16,Puglia,Lecce,LE,istat-comuni
075021,Collepasso,16,Puglia,Lecce,LE,istat-comuni
075022,Copertino,16,Puglia,Lecce,LE,istat-comuni
075023,Corigliano d'Otranto,16,Puglia,Lecce,LE,istat-comuni
075024,Corsano,16,Puglia,Lecce,LE,istat-comuni
075025,Cursi,16,Puglia,Lecce,LE,istat-comuni
075026,Cutrofiano,16,Puglia,Lecce,LE,istat-comuni
075027,Diso,16,Puglia,Lecce,LE,istat-comuni
075028,Gagliano del Capo,16,Puglia,Lecce,LE,istat-comuni
075029,Galatina,16,Puglia,Lecce,LE,istat-comuni
075030,Galatone,16,Puglia,Lecce,LE,istat-comuni
075031,Gallipoli,16,Puglia,Lecce,LE,istat-comuni
075032,Giuggianello,16,Puglia,Lecce,LE,istat-comuni
075033,Giurdignano,16,Puglia,Lecce,LE,istat-comuni
075034,Guagnano,16,Puglia,Lecce,LE,istat-comuni
075035,Lecce,16,Puglia,Lecce,LE,istat-comuni
075036,Lequile,16,Puglia,Lecce,LE,istat-comuni
075037,Leverano,16,Puglia,Lecce,LE,istat-comuni
075038,Lizzanello,16,Puglia,Lecce,LE,istat-comuni
075039,Maglie,16,Puglia,Lecce,LE,istat-comuni
075040,Martano,16,Puglia,Lecce,LE,istat-comuni
075041,Martignano,16,Puglia,Lecce,LE,istat-comuni
075042,Matino,16,Puglia,Lecce,LE,istat-comuni
075043,Melendugno,16,Puglia,Lecce,LE,istat-comuni
075044,Melissano,16,Puglia,Lecce,LE,istat-comuni
075045,Melpignano,16,Puglia,Lecce,LE,istat-comuni
075046,Miggiano,16,Puglia,Lecce,LE,istat-comuni
075047,Minervino di Lecce,16,Puglia,Lecce,LE,istat-comuni
075048,Monteroni di Lecce,16,Puglia,Lecce,LE,istat-comuni
075049,Montesano Salentino,16,Puglia,Lecce,LE,istat-comuni
075050,Morciano di Leuca,16,Puglia,Lecce,LE,istat-comuni
075051,Muro Leccese,16,Puglia,Lecce,LE,istat-comuni
075052,Nardò,16,Puglia,Lecce,LE,istat-comuni
075053,Neviano,16,Puglia,Lecce,LE,istat-comuni
075054,Nociglia,16,Puglia,Lecce,LE,istat-comuni
075055,Novoli,16,Puglia,Lecce,LE,istat-comuni
075056,Ortelle,16,Puglia,Lecce,LE,istat-comuni
075057,Otranto,16,Puglia,Lecce,LE,istat-comuni
075058,Palmariggi,16,Puglia,Lecce,LE,istat-comuni
075059,Parabita,16,Puglia,Lecce,LE,istat-comuni
075060,Patù,16,Puglia,Lecce,LE,istat-comuni
075061,Poggiardo,16,Puglia,Lecce,LE,istat-comuni
075063,Racale,16,Puglia,Lecce,LE,istat-comuni
075064,Ruffano,16,Puglia,Lecce,LE,istat-comuni
075065,Salice Salentino,16,Puglia,Lecce,LE,istat-comuni
075066,Salve,16,Puglia,Lecce,LE,istat-comuni
075067,Sanarica,16,Puglia,Lecce,LE,istat-comuni
075068,San Cesario di Lecce,16,Puglia,Lecce,LE,istat-comuni
075069,San Donato di Lecce,16,Puglia,Lecce,LE,istat-comuni
075070,Sannicola,16,Puglia,Lecce,LE,istat-comuni
075071,San Pietro in Lama,16,Puglia,Lecce,LE,istat-comuni
075072,Santa Cesarea Terme,16,Puglia,Lecce,LE,istat-comuni
075073,Scorrano,16,Puglia,Lecce,LE,istat-comuni
075074,Seclì,16,Puglia,Lecce,LE,istat-comuni
075075,Sogliano Cavour,16,Puglia,Lecce,LE,istat-comuni
075076,Soleto,16,Puglia,Lecce,LE,istat-comuni
075077,Specchia,16,Puglia,Lecce,LE,istat-comuni
075078,Spongano,16,Puglia,Lecce,LE,istat-comuni
075079,Squinzano,16,Puglia,Lecce,LE,istat-comuni
075080,Sternatia,16,Puglia,Lecce,LE,istat-comuni
075081,Supersano,16,Puglia,Lecce,LE,istat-comuni
075082,Surano,16,Puglia,Lecce,LE,istat-comuni
075083,Surbo,16,Puglia,Lecce,LE,istat-comuni
075084,Taurisano,16,Puglia,Lecce,LE,istat-comuni
075085,Taviano,16,Puglia,Lecce,LE,istat-comuni
075086,Tiggiano,16,Puglia,Lecce,LE,istat-comuni
075087,Trepuzzi,16,Puglia,Lecce,LE,istat-comuni
075088,Tricase,16,Puglia,Lecce,LE,istat-comuni
075089,Tuglie,16,Puglia,Lecce,LE,istat-comuni
075090,Ugento,16,Puglia,Lecce,LE,istat-comuni
075091,Uggiano la Chiesa,16,Puglia,Lecce,LE,istat-comuni
075092,Veglie,16,Puglia,Lecce,LE,istat-comuni
075093,Vernole,16,Puglia,Lecce,LE,istat-comuni
075094,Zollino,16,Puglia,Lecce,LE,istat-comuni
075095,San Cassiano,16,Puglia,Lecce,LE,istat-comuni
075096,Castro,16,Puglia,Lecce,LE,istat-comuni
075097,Porto Cesareo,16,Puglia,Lecce,LE,istat-comuni
075098,Presicce-Acquarica,16,Puglia,Lecce,LE,istat-comuni
076001,Abriola,17,Basilicata,Potenza,PZ,istat-comuni
076002,Acerenza,17,Basilicata,Potenza,PZ,istat-comuni
076003,Albano di Lucania,17,Basilicata,Potenza,PZ,istat-comuni
076004,Anzi,17,Basilicata,Potenza,PZ,istat-comuni
076005,Armento,17,Basilicata,Potenza,PZ,istat-comuni
076006,Atella,17,Basilicata,Potenza,PZ,istat-comuni
076007,Avigliano,17,Basilicata,Potenza,PZ,istat-comuni
076008,Balvano,17,Basilicata,Potenza,PZ,istat-comuni
076009,Banzi,17,Basilicata,Potenza,PZ,istat-comuni
076010,Baragiano,17,Basilicata,Potenza,PZ,istat-comuni
076011,Barile,17,Basilicata,Potenza,PZ,istat-comuni
076012,Bella,17,Basilicata,Potenza,PZ,istat-comuni
076013,Brienza,17,Basilicata,Potenza,PZ,istat-comuni
076014,Brindisi Montagna,17,Basilicata,Potenza,PZ,istat-comuni
076015,Calvello,17,Basilicata,Potenza,PZ,istat-comuni
076016,Calvera,17,Basilicata,Potenza,PZ,istat-comuni
076017,Campomaggiore,17,Basilicata,Potenza,PZ,istat-comuni
076018,Cancellara,17,Basilicata,Potenza,PZ,istat-comuni
076019,Carbone,17,Basilicata,Potenza,PZ,istat-comuni
076020,San Paolo Albanese,17,Basilicata,Potenza,PZ,istat-comuni
076021,Castelgrande,17,Basilicata,Potenza,PZ,istat-comuni
076022,Castelluccio Inferiore,17,Basilicata,Potenza,PZ,istat-comuni
076023,Castelluccio Superiore,17,Basilicata,Potenza,PZ,istat-comuni
076024,Castelmezzano,17,Basilicata,Potenza,PZ,istat-comuni
076025,Castelsaraceno,17,Basilicata,Potenza,PZ,istat-comuni
076026,Castronuovo di Sant'Andrea,17,Basilicata,Potenza,PZ,istat-comuni
076027,Cersosimo,17,Basilicata,Potenza,PZ,istat-comuni
076028,Chiaromonte,17,Basilicata,Potenza,PZ,istat-comuni
076029,Corleto Perticara,17,Basilicata,Potenza,PZ,istat-comuni
076030,Episcopia,17,Basilicata,Potenza,PZ,istat-comuni
076031,Fardella,17,Basilicata,Potenza,PZ,istat-comuni
076032,Filiano,17,Basilicata,Potenza,PZ,istat-comuni
076033,Forenza,17,Basilicata,Potenza,PZ,istat-comuni
076034,Francavilla in Sinni,17,Basilicata,Potenza,PZ,istat-comuni
076035,Gallicchio,17,Basilicata,Potenza,PZ,istat-comuni
076036,Genzano di Lucania,17,Basilicata,Potenza,PZ,istat-comuni
076037,Grumento Nova,17,Basilicata,Potenza,PZ,istat-comuni
076038,Guardia Perticara,17,Basilicata,Potenza,PZ,istat-comuni
076039,Lagonegro,17,Basilicata,Potenza,PZ,istat-comuni
076040,Latronico,17,Basilicata,Potenza,PZ,istat-comuni
076041,Laurenzana,17,Basilicata,Potenza,PZ,istat-comuni
076042,Lauria,17,Basilicata,Potenza,PZ,istat-comuni
076043,Lavello,17,Basilicata,Potenza,PZ,istat-comuni
076044,Maratea,17,Basilicata,Potenza,PZ,istat-comuni
076045,Marsico Nuovo,17,Basilicata,Potenza,PZ,istat-comuni
076046,Marsicovetere,17,Basilicata,Potenza,PZ,istat-comuni
076047,Maschito,17,Basilicata,Potenza,PZ,istat-comuni
076048,Melfi,17,Basilicata,Potenza,PZ,istat-comuni
076049,Missanello,17,Basilicata,Potenza,PZ,istat-comuni
076050,Moliterno,17,Basilicata,Potenza,PZ,istat-comuni
076051,Montemilone,17,Basilicata,Potenza,PZ,istat-comuni
076052,Montemurro,17,Basilicata,Potenza,PZ,istat-comuni
076053,Muro Lucano,17,Basilicata,Potenza,PZ,istat-comuni
076054,Nemoli,17,Basilicata,Potenza,PZ,istat-comuni
076055,Noepoli,17,Basilicata,Potenza,PZ,istat-comuni
076056,Oppido Lucano,17,Basilicata,Potenza,PZ,istat-comuni
076057,Palazzo San Gervasio,17,Basilicata,Potenza,PZ,istat-comuni
076058,Pescopagano,17,Basilicata,Potenza,PZ,istat-comuni
076059,Picerno,17,Basilicata,Potenza,PZ,istat-comuni
076060,Pietragalla,17,Basilicata,Potenza,PZ,istat-comuni
076061,Pietrapertosa,17,Basilicata,Potenza,PZ,istat-comuni
076062,Pignola,17,Basilicata,Potenza,PZ,istat-comuni
076063,Potenza,17,Basilicata,Potenza,PZ,istat-comuni
076064,Rapolla,17,Basilicata,Potenza,PZ,istat-comuni
076065,Rapone,17,Basilicata,Potenza,PZ,istat-comuni
076066,Rionero in Vulture,17,Basilicata,Potenza,PZ,istat-comuni
076067,Ripacandida,17,Basilicata,Potenza,PZ,istat-comuni
076068,Rivello,17,Basilicata,Potenza,PZ,istat-comuni
076069,Roccanova,17,Basilicata,Potenza,PZ,istat-comuni
076070,Rotonda,17,Basilicata,Potenza,PZ,istat-comuni
076071,Ruoti,17,Basilicata,Potenza,PZ,istat-comuni
076072,Ruvo del Monte,17,Basilicata,Potenza,PZ,istat-comuni
076073,San Chirico Nuovo,17,Basilicata,Potenza,PZ,istat-comuni
076074,San Chirico Raparo,17,Basilicata,Potenza,PZ,istat-comuni
076075,San Costantino Albanese,17,Basilicata,Potenza,PZ,istat-comuni
076076,San Fele,17,Basilicata,Potenza,PZ,istat-comuni
076077,San Martino d'Agri,17,Basilicata,Potenza,PZ,istat-comuni
076078,San Severino Lucano,17,Basilicata,Potenza,PZ,istat-comuni
076079,Sant'Angelo Le Fratte,17,Basilicata,Potenza,PZ,istat-comuni
076080,Sant'Arcangelo,17,Basilicata,Potenza,PZ,istat-comuni
076081,Sarconi,17,Basilicata,Potenza,PZ,istat-comuni
076082,Sasso di Castalda,17,Basilicata,Potenza,PZ,istat-comuni
076083,Satriano di Lucania,17,Basilicata,Potenza,PZ,istat-comuni
076084,Savoia di Lucania,17,Basilicata,Potenza,PZ,istat-comuni
076085,Senise,17,Basilicata,Potenza,PZ,istat-comuni
076086,Spinoso,17,Basilicata,Potenza,PZ,istat-comuni
076087,Teana,17,Basilicata,Potenza,PZ,istat-comuni
076088,Terranova di Pollino,17,Basilicata,Potenza,PZ,istat-comuni
076089,Tito,17,Basilicata,Potenza,PZ,istat-comuni
076090,Tolve,17,Basilicata,Potenza,PZ,istat-comuni
076091,Tramutola,17,Basilicata,Potenza,PZ,istat-comuni
076092,Trecchina,17,Basilicata,Potenza,PZ,istat-comuni
076093,Trivigno,17,Basilicata,Potenza,PZ,istat-comuni
076094,Vaglio Basilicata,17,Basilicata,Potenza,PZ,istat-comuni
076095,Venosa,17,Basilicata,Potenza,PZ,istat-comuni
076096,Vietri di Potenza,17,Basilicata,Potenza,PZ,istat-comuni
076097,Viggianello,17,Basilicata,Potenza,PZ,istat-comuni
076098,Viggiano,17,Basilicata,Potenza,PZ,istat-comuni
076099,Ginestra,17,Basilicata,Potenza,PZ,istat-comuni
076100,Paterno,17,Basilicata,Potenza,PZ,istat-comuni
077001,Accettura,17,Basilicata,Matera,MT,istat-comuni
077002,Aliano,17,Basilicata,Matera,MT,istat-comuni
077003,Bernalda,17,Basilicata,Matera,MT,istat-comuni
077004,Calciano,17,Basilicata,Matera,MT,istat-comuni
077005,Cirigliano,17,Basilicata,Matera,MT,istat-comuni
077006,Colobraro,17,Basilicata,Matera,MT,istat-comuni
077007,Craco,17,Basilicata,Matera,MT,istat-comuni
077008,Ferrandina,17,Basilicata,Matera,MT,istat-comuni
077009,Garaguso,17,Basilicata,Matera,MT,istat-comuni
077010,Gorgoglione,17,Basilicata,Matera,MT,istat-comuni
077011,Grassano,17,Basilicata,Matera,MT,istat-comuni
077012,Grottole,17,Basilicata,Matera,MT,istat-comuni
077013,Irsina,17,Basilicata,Matera,MT,istat-comuni
077014,Matera,17,Basilicata,Matera,MT,istat-comuni
077015,Miglionico,17,Basilicata,Matera,MT,istat-comuni
077016,Montalbano Jonico,17,Basilicata,Matera,MT,istat-comuni
077017,Montescaglioso,17,Basilicata,Matera,MT,istat-comuni
077018,Nova Siri,17,Basilicata,Matera,MT,istat-comuni
077019,Oliveto Lucano,17,Basilicata,Matera,MT,istat-comuni
077020,Pisticci,17,Basilicata,Matera,MT,istat-comuni
077021,Policoro,17,Basilicata,Matera,MT,istat-comuni
077022,Pomarico,17,Basilicata,Matera,MT,istat-comuni
077023,Rotondella,17,Basilicata,Matera,MT,istat-comuni
077024,Salandra,17,Basilicata,Matera,MT,istat-comuni
077025,San Giorgio Lucano,17,Basilicata,Matera,MT,istat-comuni
077026,San Mauro Forte,17,Basilicata,Matera,MT,istat-comuni
077027,Stigliano,17,Basilicata,Matera,MT,istat-comuni
077028,Tricarico,17,Basilicata,Matera,MT,istat-comuni
077029,Tursi,17,Basilicata,Matera,MT,istat-comuni
077030,Valsinni,17,Basilicata,Matera,MT,istat-comuni
077031,Scanzano Jonico,17,Basilicata,Matera,MT,istat-comuni
078001,Acquaformosa,18,Calabria,Cosenza,CS,istat-comuni
078002,Acquappesa,18,Calabria,Cosenza,CS,istat-comuni
078003,Acri,18,Calabria,Cosenza,CS,istat-comuni
078004,Aiello Calabro,18,Calabria,Cosenza,CS,istat-comuni
078005,Aieta,18,Calabria,Cosenza,CS,istat-comuni
078006,Albidona,18,Calabria,Cosenza,CS,istat-comuni
078007,Alessandria del Carretto,18,Calabria,Cosenza,CS,istat-comuni
078008,Altilia,18,Calabria,Cosenza,CS,istat-comuni
078009,Altomonte,18,Calabria,Cosenza,CS,istat-comuni
078010,Amantea,18,Calabria,Cosenza,CS,istat-comuni
078011,Amendolara,18,Calabria,Cosenza,CS,istat-comuni
078012,Aprigliano,18,Calabria,Cosenza,CS,istat-comuni
078013,Belmonte Calabro,18,Calabria,Cosenza,CS,istat-comuni
078014,Belsito,18,Calabria,Cosenza,CS,istat-comuni
078015,Belvedere Marittimo,18,Calabria,Cosenza,CS,istat-comuni
078016,Bianchi,18,Calabria,Cosenza,CS,istat-comuni
078017,Bisignano,18,Calabria,Cosenza,CS,istat-comuni
078018,Bocchigliero,18,Calabria,Cosenza,CS,istat-comuni
078019,Bonifati,18,Calabria,Cosenza,CS,istat-comuni
078020,Buonvicino,18,Calabria,Cosenza,CS,istat-comuni
078021,Calopezzati,18,Calabria,Cosenza,CS,istat-comuni
078022,Caloveto,18,Calabria,Cosenza,CS,istat-comuni
078023,Campana,18,Calabria,Cosenza,CS,istat-comuni
078024,Canna,18,Calabria,Cosenza,CS,istat-comuni
078025,Cariati,18,Calabria,Cosenza,CS,istat-comuni
078026,Carolei,18,Calabria,Cosenza,CS,istat-comuni
078027,Carpanzano,18,Calabria,Cosenza,CS,istat-comuni
078029,Cassano all'Ionio,18,Calabria,Cosenza,CS,istat-comuni
078030,Castiglione Cosentino,18,Calabria,Cosenza,CS,istat-comuni
078031,Castrolibero,18,Calabria,Cosenza,CS,istat-comuni
078032,Castroregio,18,Calabria,Cosenza,CS,istat-comuni
078033,Castrovillari,18,Calabria,Cosenza,CS,istat-comuni
078034,Celico,18,Calabria,Cosenza,CS,istat-comuni
078035,Cellara,18,Calabria,Cosenza,CS,istat-comuni
078036,Cerchiara di Calabria,18,Calabria,Cosenza,CS,istat-comuni
078037,Cerisano,18,Calabria,Cosenza,CS,istat-comuni
078038,Cervicati,18,Calabria,Cosenza,CS,istat-comuni
078039,Cerzeto,18,Calabria,Cosenza,CS,istat-comuni
078040,Cetraro,18,Calabria,Cosenza,CS,istat-comuni
078041,Civita,18,Calabria,Cosenza,CS,istat-comuni
078042,Cleto,18,Calabria,Cosenza,CS,istat-comuni
078043,Colosimi,18,Calabria,Cosenza,CS,istat-comuni
078045,Cosenza,18,Calabria,Cosenza,CS,istat-comuni
078046,Cropalati,18,Calabria,Cosenza,CS,istat-comuni
078047,Crosia,18,Calabria,Cosenza,CS,istat-comuni
078048,Diamante,18,Calabria,Cosenza,CS,istat-comuni
078049,Dipignano,18,Calabria,Cosenza,CS,istat-comuni
078050,Domanico,18,Calabria,Cosenza,CS,istat-comuni
078051,Fagnano Castello,18,Calabria,Cosenza,CS,istat-comuni
078052,Falconara Albanese,18,Calabria,Cosenza,CS,istat-comuni
078053,Figline Vegliaturo,18,Calabria,Cosenza,CS,istat-comuni
078054,Firmo,18,Calabria,Cosenza,CS,istat-comuni
078055,Fiumefreddo Bruzio,18,Calabria,Cosenza,CS,istat-comuni
078056,Francavilla Marittima,18,Calabria,Cosenza,CS,istat-comuni
078057,Frascineto,18,Calabria,Cosenza,CS,istat-comuni
078058,Fuscaldo,18,Calabria,Cosenza,CS,istat-comuni
078059,Grimaldi,18,Calabria,Cosenza,CS,istat-comuni
078060,Grisolia,18,Calabria,Cosenza,CS,istat-comuni
078061,Guardia Piemontese,18,Calabria,Cosenza,CS,istat-comuni
078062,Lago,18,Calabria,Cosenza,CS,istat-comuni
078063,Laino Borgo,18,Calabria,Cosenza,CS,istat-comuni
078064,Laino Castello,18,Calabria,Cosenza,CS,istat-comuni
078065,Lappano,18,Calabria,Cosenza,CS,istat-comuni
078066,Lattarico,18,Calabria,Cosenza,CS,istat-comuni
078067,Longobardi,18,Calabria,Cosenza,CS,istat-comuni
078068,Longobucco,18,Calabria,Cosenza,CS,istat-comuni
078069,Lungro,18,Calabria,Cosenza,CS,istat-comuni
078070,Luzzi,18,Calabria,Cosenza,CS,istat-comuni
078071,Maierà,18,Calabria,Cosenza,CS,istat-comuni
078072,Malito,18,Calabria,Cosenza,CS,istat-comuni
078073,Malvito,18,Calabria,Cosenza,CS,istat-comuni
078074,Mandatoriccio,18,Calabria,Cosenza,CS,istat-comuni
078075,Mangone,18,Calabria,Cosenza,CS,istat-comuni
078076,Marano Marchesato,18,Calabria,Cosenza,CS,istat-comuni
078077,Marano Principato,18,Calabria,Cosenza,CS,istat-comuni
078078,Marzi,18,Calabria,Cosenza,CS,istat-comuni
078079,Mendicino,18,Calabria,Cosenza,CS,istat-comuni
078080,Mongrassano,18,Calabria,Cosenza,CS,istat-comuni
078081,Montalto Uffugo,18,Calabria,Cosenza,CS,istat-comuni
078082,Montegiordano,18,Calabria,Cosenza,CS,istat-comuni
078083,Morano Calabro,18,Calabria,Cosenza,CS,istat-comuni
078084,Mormanno,18,Calabria,Cosenza,CS,istat-comuni
078085,Mottafollone,18,Calabria,Cosenza,CS,istat-comuni
078086,Nocara,18,Calabria,Cosenza,CS,istat-comuni
078087,Oriolo,18,Calabria,Cosenza,CS,istat-comuni
078088,Orsomarso,18,Calabria,Cosenza,CS,istat-comuni
078089,Paludi,18,Calabria,Cosenza,CS,istat-comuni
078090,Panettieri,18,Calabria,Cosenza,CS,istat-comuni
078091,Paola,18,Calabria,Cosenza,CS,istat-comuni
078092,Papasidero,18,Calabria,Cosenza,CS,istat-comuni
078093,Parenti,18,Calabria,Cosenza,CS,istat-comuni
078094,Paterno Calabro,18,Calabria,Cosenza,CS,istat-comuni
078096,Pedivigliano,18,Calabria,Cosenza,CS,istat-comuni
078097,Piane Crati,18,Calabria,Cosenza,CS,istat-comuni
078098,Pietrafitta,18,Calabria,Cosenza,CS,istat-comuni
078099,Pietrapaola,18,Calabria,Cosenza,CS,istat-comuni
078100,Plataci,18,Calabria,Cosenza,CS,istat-comuni
078101,Praia a Mare,18,Calabria,Cosenza,CS,istat-comuni
078102,Rende,18,Calabria,Cosenza,CS,istat-comuni
078103,Rocca Imperiale,18,Calabria,Cosenza,CS,istat-comuni
078104,Roggiano Gravina,18,Calabria,Cosenza,CS,istat-comuni
078105,Rogliano,18,Calabria,Cosenza,CS,istat-comuni
078106,Rose,18,Calabria,Cosenza,CS,istat-comuni
078107,Roseto Capo Spulico,18,Calabria,Cosenza,CS,istat-comuni
078109,Rota Greca,18,Calabria,Cosenza,CS,istat-comuni
078110,Rovito,18,Calabria,Cosenza,CS,istat-comuni
078111,San Basile,18,Calabria,Cosenza,CS,istat-comuni
078112,San Benedetto Ullano,18,Calabria,Cosenza,CS,istat-comuni
078113,San Cosmo Albanese,18,Calabria,Cosenza,CS,istat-comuni
078114,San Demetrio Corone,18,Calabria,Cosenza,CS,istat-comuni
078115,San Donato di Ninea,18,Calabria,Cosenza,CS,istat-comuni
078116,San Fili,18,Calabria,Cosenza,CS,istat-comuni
078117,Sangineto,18,Calabria,Cosenza,CS,istat-comuni
078118,San Giorgio Albanese,18,Calabria,Cosenza,CS,istat-comuni
078119,San Giovanni in Fiore,18,Calabria,Cosenza,CS,istat-comuni
078120,San Lorenzo Bellizzi,18,Calabria,Cosenza,CS,istat-comuni
078121,San Lorenzo del Vallo,18,Calabria,Cosenza,CS,istat-comuni
078122,San Lucido,18,Calabria,Cosenza,CS,istat-comuni
078123,San Marco Argentano,18,Calabria,Cosenza,CS,istat-comuni
078124,San Martino di Finita,18,Calabria,Cosenza,CS,istat-comuni
078125,San Nicola Arcella,18,Calabria,Cosenza,CS,istat-comuni
078126,San Pietro in Amantea,18,Calabria,Cosenza,CS,istat-comuni
078127,San Pietro in Guarano,18,Calabria,Cosenza,CS,istat-comuni
078128,San Sosti,18,Calabria,Cosenza,CS,istat-comuni
078129,Santa Caterina Albanese,18,Calabria,Cosenza,CS,istat-comuni
078130,Santa Domenica Talao,18,Calabria,Cosenza,CS,istat-comuni
078131,Sant'Agata di Esaro,18,Calabria,Cosenza,CS,istat-comuni
078132,Santa Maria del Cedro,18,Calabria,Cosenza,CS,istat-comuni
078133,Santa Sofia d'Epiro,18,Calabria,Cosenza,CS,istat-comuni
078134,Santo Stefano di Rogliano,18,Calabria,Cosenza,CS,istat-comuni
078135,San Vincenzo La Costa,18,Calabria,Cosenza,CS,istat-comuni
078136,Saracena,18,Calabria,Cosenza,CS,istat-comuni
078137,Scala Coeli,18,Calabria,Cosenza,CS,istat-comuni
078138,Scalea,18,Calabria,Cosenza,CS,istat-comuni
078139,Scigliano,18,Calabria,Cosenza,CS,istat-comuni
078140,Serra d'Aiello,18,Calabria,Cosenza,CS,istat-comuni
078142,Spezzano Albanese,18,Calabria,Cosenza,CS,istat-comuni
078143,Spezzano della Sila,18,Calabria,Cosenza,CS,istat-comuni
078145,Tarsia,18,Calabria,Cosenza,CS,istat-comuni
078146,Terranova da Sibari,18,Calabria,Cosenza,CS,istat-comuni
078147,Terravecchia,18,Calabria,Cosenza,CS,istat-comuni
078148,Torano Castello,18,Calabria,Cosenza,CS,istat-comuni
078149,Tortora,18,Calabria,Cosenza,CS,istat-comuni
078150,Trebisacce,18,Calabria,Cosenza,CS,istat-comuni
078152,Vaccarizzo Albanese,18,Calabria,Cosenza,CS,istat-comuni
078153,Verbicaro,18,Calabria,Cosenza,CS,istat-comuni
078154,Villapiana,18,Calabria,Cosenza,CS,istat-comuni
078155,Zumpano,18,Calabria,Cosenza,CS,istat-comuni
078156,Casali del Manco,18,Calabria,Cosenza,CS,istat-comuni
078157,Corigliano-Rossano,18,Calabria,Cosenza,CS,istat-comuni
079002,Albi,18,Calabria,Catanzaro,CZ,istat-comuni
079003,Amaroni,18,Calabria,Catanzaro,CZ,istat-comuni
079004,Amato,18,Calabria,Catanzaro,CZ,istat-comuni
079005,Andali,18,Calabria,Catanzaro,CZ,istat-comuni
079007,Argusto,18,Calabria,Catanzaro,CZ,istat-comuni
079008,Badolato,18,Calabria,Catanzaro,CZ,istat-comuni
079009,Belcastro,18,Calabria,Catanzaro,CZ,istat-comuni
079011,Borgia,18,Calabria,Catanzaro,CZ,istat-comuni
079012,Botricello,18,Calabria,Catanzaro,CZ,istat-comuni
079017,Caraffa di Catanzaro,18,Calabria,Catanzaro,CZ,istat-comuni
079018,Cardinale,18,Calabria,Catanzaro,CZ,istat-comuni
079020,Carlopoli,18,Calabria,Catanzaro,CZ,istat-comuni
079023,Catanzaro,18,Calabria,Catanzaro,CZ,istat-comuni
079024,Cenadi,18,Calabria,Catanzaro,CZ,istat-comuni
079025,Centrache,18,Calabria,Catanzaro,CZ,istat-comuni
079027,Cerva,18,Calabria,Catanzaro,CZ,istat-comuni
079029,Chiaravalle Centrale,18,Calabria,Catanzaro,CZ,istat-comuni
079030,Cicala,18,Calabria,Catanzaro,CZ,istat-comuni
079033,Conflenti,18,Calabria,Catanzaro,CZ,istat-comuni
079034,Cortale,18,Calabria,Catanzaro,CZ,istat-comuni
079036,Cropani,18,Calabria,Catanzaro,CZ,istat-comuni
079039,Curinga,18,Calabria,Catanzaro,CZ,istat-comuni
079042,Davoli,18,Calabria,Catanzaro,CZ,istat-comuni
079043,Decollatura,18,Calabria,Catanzaro,CZ,istat-comuni
079047,Falerna,18,Calabria,Catanzaro,CZ,istat-comuni
079048,Feroleto Antico,18,Calabria,Catanzaro,CZ,istat-comuni
079052,Fossato Serralta,18,Calabria,Catanzaro,CZ,istat-comuni
079055,Gagliato,18,Calabria,Catanzaro,CZ,istat-comuni
079056,Gasperina,18,Calabria,Catanzaro,CZ,istat-comuni
079058,Gimigliano,18,Calabria,Catanzaro,CZ,istat-comuni
079059,Girifalco,18,Calabria,Catanzaro,CZ,istat-comuni
079060,Gizzeria,18,Calabria,Catanzaro,CZ,istat-comuni
079061,Guardavalle,18,Calabria,Catanzaro,CZ,istat-comuni
079063,Isca sullo Ionio,18,Calabria,Catanzaro,CZ,istat-comuni
079065,Jacurso,18,Calabria,Catanzaro,CZ,istat-comuni
079068,Magisano,18,Calabria,Catanzaro,CZ,istat-comuni
079069,Maida,18,Calabria,Catanzaro,CZ,istat-comuni
079071,Marcedusa,18,Calabria,Catanzaro,CZ,istat-comuni
079072,Marcellinara,18,Calabria,Catanzaro,CZ,istat-comuni
079073,Martirano,18,Calabria,Catanzaro,CZ,istat-comuni
079074,Martirano Lombardo,18,Calabria,Catanzaro,CZ,istat-comuni
079077,Miglierina,18,Calabria,Catanzaro,CZ,istat-comuni
079080,Montauro,18,Calabria,Catanzaro,CZ,istat-comuni
079081,Montepaone,18,Calabria,Catanzaro,CZ,istat-comuni
079083,Motta Santa Lucia,18,Calabria,Catanzaro,CZ,istat-comuni
079087,Nocera Terinese,18,Calabria,Catanzaro,CZ,istat-comuni
079088,Olivadi,18,Calabria,Catanzaro,CZ,istat-comuni
079089,Palermiti,18,Calabria,Catanzaro,CZ,istat-comuni
079092,Pentone,18,Calabria,Catanzaro,CZ,istat-comuni
079094,Petrizzi,18,Calabria,Catanzaro,CZ,istat-comuni
079095,Petronà,18,Calabria,Catanzaro,CZ,istat-comuni
079096,Pianopoli,18,Calabria,Catanzaro,CZ,istat-comuni
079099,Platania,18,Calabria,Catanzaro,CZ,istat-comuni
079108,San Floro,18,Calabria,Catanzaro,CZ,istat-comuni
079110,San Mango d'Aquino,18,Calabria,Catanzaro,CZ,istat-comuni
079114,San Pietro a Maida,18,Calabria,Catanzaro,CZ,istat-comuni
079115,San Pietro Apostolo,18,Calabria,Catanzaro,CZ,istat-comuni
079116,San Sostene,18,Calabria,Catanzaro,CZ,istat-comuni
079117,Santa Caterina dello Ionio,18,Calabria,Catanzaro,CZ,istat-comuni
079118,Sant'Andrea Apostolo dello Ionio,18,Calabria,Catanzaro,CZ,istat-comuni
079122,San Vito sullo Ionio,18,Calabria,Catanzaro,CZ,istat-comuni
079123,Satriano,18,Calabria,Catanzaro,CZ,istat-comuni
079126,Sellia,18,Calabria,Catanzaro,CZ,istat-comuni
079127,Sellia Marina,18,Calabria,Catanzaro,CZ,istat-comuni
079129,Serrastretta,18,Calabria,Catanzaro,CZ,istat-comuni
079130,Sersale,18,Calabria,Catanzaro,CZ,istat-comuni
079131,Settingiano,18,Calabria,Catanzaro,CZ,istat-comuni
079133,Simeri Crichi,18,Calabria,Catanzaro,CZ,istat-comuni
079134,Sorbo San Basile,18,Calabria,Catanzaro,CZ,istat-comuni
079137,Soverato,18,Calabria,Catanzaro,CZ,istat-comuni
079138,Soveria Mannelli,18,Calabria,Catanzaro,CZ,istat-comuni
079139,Soveria Simeri,18,Calabria,Catanzaro,CZ,istat-comuni
079142,Squillace,18,Calabria,Catanzaro,CZ,istat-comuni
079143,Stalettì,18,Calabria,Catanzaro,CZ,istat-comuni
079146,Taverna,18,Calabria,Catanzaro,CZ,istat-comuni
079147,Tiriolo,18,Calabria,Catanzaro,CZ,istat-comuni
079148,Torre di Ruggiero,18,Calabria,Catanzaro,CZ,istat-comuni
079151,Vallefiorita,18,Calabria,Catanzaro,CZ,istat-comuni
079157,Zagarise,18,Calabria,Catanzaro,CZ,istat-comuni
079160,Lamezia Terme,18,Calabria,Catanzaro,CZ,istat-comuni
080001,Africo,18,Calabria,Reggio Calabria,RC,istat-comuni
080002,Agnana Calabra,18,Calabria,Reggio Calabria,RC,istat-comuni
080003,Anoia,18,Calabria,Reggio Calabria,RC,istat-comuni
080004,Antonimina,18,Calabria,Reggio Calabria,RC,istat-comuni
080005,Ardore,18,Calabria,Reggio Calabria,RC,istat-comuni
080006,Bagaladi,18,Calabria,Reggio Calabria,RC,istat-comuni
080007,Bagnara Calabra,18,Calabria,Reggio Calabria,RC,istat-comuni
080008,Benestare,18,Calabria,Reggio Calabria,RC,istat-comuni
080009,Bianco,18,Calabria,Reggio Calabria,RC,istat-comuni
080010,Bivongi,18,Calabria,Reggio Calabria,RC,istat-comuni
080011,Bova,18,Calabria,Reggio Calabria,RC,istat-comuni
080012,Bovalino,18,Calabria,Reggio Calabria,RC,istat-comuni
080013,Bova Marina,18,Calabria,Reggio Calabria,RC,istat-comuni
080014,Brancaleone,18,Calabria,Reggio Calabria,RC,istat-comuni
080015,Bruzzano Zeffirio,18,Calabria,Reggio Calabria,RC,istat-comuni
080016,Calanna,18,Calabria,Reggio Calabria,RC,istat-comuni
080017,Camini,18,Calabria,Reggio Calabria,RC,istat-comuni
080018,Campo Calabro,18,Calabria,Reggio Calabria,RC,istat-comuni
080019,Candidoni,18,Calabria,Reggio Calabria,RC,istat-comuni
080020,Canolo,18,Calabria,Reggio Calabria,RC,istat-comuni
080021,Caraffa del Bianco,18,Calabria,Reggio Calabria,RC,istat-comuni
080022,Cardeto,18,Calabria,Reggio Calabria,RC,istat-comuni
080023,Careri,18,Calabria,Reggio Calabria,RC,istat-comuni
080024,Casignana,18,Calabria,Reggio Calabria,RC,istat-comuni
080025,Caulonia,18,Calabria,Reggio Calabria,RC,istat-comuni
080026,Ciminà,18,Calabria,Reggio Calabria,RC,istat-comuni
080027,Cinquefrondi,18,Calabria,Reggio Calabria,RC,istat-comuni
080028,Cittanova,18,Calabria,Reggio Calabria,RC,istat-comuni
080029,Condofuri,18,Calabria,Reggio Calabria,RC,istat-comuni
080030,Cosoleto,18,Calabria,Reggio Calabria,RC,istat-comuni
080031,Delianuova,18,Calabria,Reggio Calabria,RC,istat-comuni
080032,Feroleto della Chiesa,18,Calabria,Reggio Calabria,RC,istat-comuni
080033,Ferruzzano,18,Calabria,Reggio Calabria,RC,istat-comuni
080034,Fiumara,18,Calabria,Reggio Calabria,RC,istat-comuni
080035,Galatro,18,Calabria,Reggio Calabria,RC,istat-comuni
080036,Gerace,18,Calabria,Reggio Calabria,RC,istat-comuni
080037,Giffone,18,Calabria,Reggio Calabria,RC,istat-comuni
080038,Gioia Tauro,18,Calabria,Reggio Calabria,RC,istat-comuni
080039,Gioiosa Ionica,18,Calabria,Reggio Calabria,RC,istat-comuni
080040,Grotteria,18,Calabria,Reggio Calabria,RC,istat-comuni
080041,Laganadi,18,Calabria,Reggio Calabria,RC,istat-comuni
080042,Laureana di Borrello,18,Calabria,Reggio Calabria,RC,istat-comuni
080043,Locri,18,Calabria,Reggio Calabria,RC,istat-comuni
080044,Mammola,18,Calabria,Reggio Calabria,RC,istat-comuni
080045,Marina di Gioiosa Ionica,18,Calabria,Reggio Calabria,RC,istat-comuni
080046,Maropati,18,Calabria,Reggio Calabria,RC,istat-comuni
080047,Martone,18,Calabria,Reggio Calabria,RC,istat-comuni
080048,Melicuccà,18,Calabria,Reggio Calabria,RC,istat-comuni
080049,Melicucco,18,Calabria,Reggio Calabria,RC,istat-comuni
080050,Melito di Porto Salvo,18,Calabria,Reggio Calabria,RC,istat-comuni
080051,Molochio,18,Calabria,Reggio Calabria,RC,istat-comuni
080052,Monasterace,18,Calabria,Reggio Calabria,RC,istat-comuni
080053,Montebello Jonico,18,Calabria,Reggio Calabria,RC,istat-comuni
080054,Motta San Giovanni,18,Calabria,Reggio Calabria,RC,istat-comuni
080055,Oppido Mamertina,18,Calabria,Reggio Calabria,RC,istat-comuni
080056,Palizzi,18,Calabria,Reggio Calabria,RC,istat-comuni
080057,Palmi,18,Calabria,Reggio Calabria,RC,istat-comuni
080058,Pazzano,18,Calabria,Reggio Calabria,RC,istat-comuni
080059,Placanica,18,Calabria,Reggio Calabria,RC,istat-comuni
080060,Platì,18,Calabria,Reggio Calabria,RC,istat-comuni
080061,Polistena,18,Calabria,Reggio Calabria,RC,istat-comuni
080062,Portigliola,18,Calabria,Reggio Calabria,RC,istat-comuni
080063,Reggio di Calabria,18,Calabria,Reggio Calabria,RC,istat-comuni
080064,Riace,18,Calabria,Reggio Calabria,RC,istat-comuni
080065,Rizziconi,18,Calabria,Reggio Calabria,RC,istat-comuni
080066,Roccaforte del Greco,18,Calabria,Reggio Calabria,RC,istat-comuni
080067,Roccella Ionica,18,Calabria,Reggio Calabria,RC,istat-comuni
080068,Roghudi,18,Calabria,Reggio Calabria,RC,istat-comuni
080069,Rosarno,18,Calabria,Reggio Calabria,RC,istat-comuni
080070,Samo,18,Calabria,Reggio Calabria,RC,istat-comuni
080071,San Giorgio Morgeto,18,Calabria,Reggio Calabria,RC,istat-comuni
080072,San Giovanni di Gerace,18,Calabria,Reggio Calabria,RC,istat-comuni
080073,San Lorenzo,18,Calabria,Reggio Calabria,RC,istat-comuni
080074,San Luca,18,Calabria,Reggio Calabria,RC,istat-comuni
080075,San Pietro di Caridà,18,Calabria,Reggio Calabria,RC,istat-comuni
080076,San Procopio,18,Calabria,Reggio Calabria,RC,istat-comuni
080077,San Roberto,18,Calabria,Reggio Calabria,RC,istat-comuni
080078,Santa Cristina d'Aspromonte,18,Calabria,Reggio Calabria,RC,istat-comuni
080079,Sant'Agata del Bianco,18,Calabria,Reggio Calabria,RC,istat-comuni
080080,Sant'Alessio in Aspromonte,18,Calabria,Reggio Calabria,RC,istat-comuni
080081,Sant'Eufemia d'Aspromonte,18,Calabria,Reggio Calabria,RC,istat-comuni
080082,Sant'Ilario dello Ionio,18,Calabria,Reggio Calabria,RC,istat-comuni
080083,Santo Stefano in Aspromonte,18,Calabria,Reggio Calabria,RC,istat-comuni
080084,Scido,18,Calabria,Reggio Calabria,RC,istat-comuni
080085,Scilla,18,Calabria,Reggio Calabria,RC,istat-comuni
080086,Seminara,18,Calabria,Reggio Calabria,RC,istat-comuni
080087,Serrata,18,Calabria,Reggio Calabria,RC,istat-comuni
080088,Siderno,18,Calabria,Reggio Calabria,RC,istat-comuni
080089,Sinopoli,18,Calabria,Reggio Calabria,RC,istat-comuni
080090,Staiti,18,Calabria,Reggio Calabria,RC,istat-comuni
080091,Stignano,18,Calabria,Reggio Calabria,RC,istat-comuni
080092,Stilo,18,Calabria,Reggio Calabria,RC,istat-comuni
080093,Taurianova,18,Calabria,Reggio Calabria,RC,istat-comuni
080094,Terranova Sappo Minulio,18,Calabria,Reggio Calabria,RC,istat-comuni
080095,Varapodio,18,Calabria,Reggio Calabria,RC,istat-comuni
080096,Villa San Giovanni,18,Calabria,Reggio Calabria,RC,istat-comuni
080097,San Ferdinando,18,Calabria,Reggio Calabria,RC,istat-comuni
081001,Alcamo,19,Sicilia,Trapani,TP,istat-comuni
081002,Buseto Palizzolo,19,Sicilia,Trapani,TP,istat-comuni
081003,Calatafimi-Segesta,19,Sicilia,Trapani,TP,istat-comuni
081004,Campobello di Mazara,19,Sicilia,Trapani,TP,istat-comuni
081005,Castellammare del Golfo,19,Sicilia,Trapani,TP,istat-comuni
081006,Castelvetrano,19,Sicilia,Trapani,TP,istat-comuni
081007,Custonaci,19,Sicilia,Trapani,TP,istat-comuni
081008,Erice,19,Sicilia,Trapani,TP,istat-comuni
081009,Favignana,19,Sicilia,Trapani,TP,istat-comuni
081010,Gibellina,19,Sicilia,Trapani,TP,istat-comuni
081011,Marsala,19,Sicilia,Trapani,TP,istat-comuni
081012,Mazara del Vallo,19,Sicilia,Trapani,TP,istat-comuni
081013,Paceco,19,Sicilia,Trapani,TP,istat-comuni
081014,Pantelleria,19,Sicilia,Trapani,TP,istat-comuni
081015,Partanna,19,Sicilia,Trapani,TP,istat-comuni
081016,Poggioreale,19,Sicilia,Trapani,TP,istat-comuni
081017,Salaparuta,19,Sicilia,Trapani,TP,istat-comuni
081018,Salemi,19,Sicilia,Trapani,TP,istat-comuni
081019,Santa Ninfa,19,Sicilia,Trapani,TP,istat-comuni
081020,San Vito Lo Capo,19,Sicilia,Trapani,TP,istat-comuni
081021,Trapani,19,Sicilia,Trapani,TP,istat-comuni
081022,Valderice,19,Sicilia,Trapani,TP,istat-comuni
081023,Vita,19,Sicilia,Trapani,TP,istat-comuni
081024,Petrosino,19,Sicilia,Trapani,TP,istat-comuni
081025,Misiliscemi,19,Sicilia,Trapani,TP,istat-comuni
082001,Alia,19,Sicilia,Palermo,PA,istat-comuni
082002,Alimena,19,Sicilia,Palermo,PA,istat-comuni
082003,Aliminusa,19,Sicilia,Palermo,PA,istat-comuni
082004,Altavilla Milicia,19,Sicilia,Palermo,PA,istat-comuni
082005,Altofonte,19,Sicilia,Palermo,PA,istat-comuni
082006,Bagheria,19,Sicilia,Palermo,PA,istat-comuni
082007,Balestrate,19,Sicilia,Palermo,PA,istat-comuni
082008,Baucina,19,Sicilia,Palermo,PA,istat-comuni
082009,Belmonte Mezzagno,19,Sicilia,Palermo,PA,istat-comuni
082010,Bisacquino,19,Sicilia,Palermo,PA,istat-comuni
082011,Bolognetta,19,Sicilia,Palermo,PA,istat-comuni
082012,Bompietro,19,Sicilia,Palermo,PA,istat-comuni
082013,Borgetto,19,Sicilia,Palermo,PA,istat-comuni
082014,Caccamo,19,Sicilia,Palermo,PA,istat-comuni
082015,Caltavuturo,19,Sicilia,Palermo,PA,istat-comuni
082016,Campofelice di Fitalia,19,Sicilia,Palermo,PA,istat-comuni
082017,Campofelice di Roccella,19,Sicilia,Palermo,PA,istat-comuni
082018,Campofiorito,19,Sicilia,Palermo,PA,istat-comuni
082019,Camporeale,19,Sicilia,Palermo,PA,istat-comuni
082020,Capaci,19,Sicilia,Palermo,PA,istat-comuni
082021,Carini,19,Sicilia,Palermo,PA,istat-comuni
082022,Castelbuono,19,Sicilia,Palermo,PA,istat-comuni
082023,Casteldaccia,19,Sicilia,Palermo,PA,istat-comuni
082024,Castellana Sicula,19,Sicilia,Palermo,PA,istat-comuni
082025,Castronovo di Sicilia,19,Sicilia,Palermo,PA,istat-comuni
082026,Cefalà Diana,19,Sicilia,Palermo,PA,istat-comuni
082027,Cefalù,19,Sicilia,Palermo,PA,istat-comuni
082028,Cerda,19,Sicilia,Palermo,PA,istat-comuni
082029,Chiusa Sclafani,19,Sicilia,Palermo,PA,istat-comuni
082030,Ciminna,19,Sicilia,Palermo,PA,istat-comuni
082031,Cinisi,19,Sicilia,Palermo,PA,istat-comuni
082032,Collesano,19,Sicilia,Palermo,PA,istat-comuni
082033,Contessa Entellina,19,Sicilia,Palermo,PA,istat-comuni
082034,Corleone,19,Sicilia,Palermo,PA,istat-comuni
082035,Ficarazzi,19,Sicilia,Palermo,PA,istat-comuni
082036,Gangi,19,Sicilia,Palermo,PA,istat-comuni
082037,Geraci Siculo,19,Sicilia,Palermo,PA,istat-comuni
082038,Giardinello,19,Sicilia,Palermo,PA,istat-comuni
082039,Giuliana,19,Sicilia,Palermo,PA,istat-comuni
082040,Godrano,19,Sicilia,Palermo,PA,istat-comuni
082041,Gratteri,19,Sicilia,Palermo,PA,istat-comuni
082042,Isnello,19,Sicilia,Palermo,PA,istat-comuni
082043,Isola delle Femmine,19,Sicilia,Palermo,PA,istat-comuni
082044,Lascari,19,Sicilia,Palermo,PA,istat-comuni
082045,Lercara Friddi,19,Sicilia,Palermo,PA,istat-comuni
082046,Marineo,19,Sicilia,Palermo,PA,istat-comuni
082047,Mezzojuso,19,Sicilia,Palermo,PA,istat-comuni
082048,Misilmeri,19,Sicilia,Palermo,PA,istat-comuni
082049,Monreale,19,Sicilia,Palermo,PA,istat-comuni
082050,Montelepre,19,Sicilia,Palermo,PA,istat-comuni
082051,Montemaggiore Belsito,19,Sicilia,Palermo,PA,istat-comuni
082052,Palazzo Adriano,19,Sicilia,Palermo,PA,istat-comuni
082053,Palermo,19,Sicilia,Palermo,PA,istat-comuni
082054,Partinico,19,Sicilia,Palermo,PA,istat-comuni
082055,Petralia Soprana,19,Sicilia,Palermo,PA,istat-comuni
082056,Petralia Sottana,19,Sicilia,Palermo,PA,istat-comuni
082057,Piana degli Albanesi,19,Sicilia,Palermo,PA,istat-comuni
082058,Polizzi Generosa,19,Sicilia,Palermo,PA,istat-comuni
082059,Pollina,19,Sicilia,Palermo,PA,istat-comuni
082060,Prizzi,19,Sicilia,Palermo,PA,istat-comuni
082061,Roccamena,19,Sicilia,Palermo,PA,istat-comuni
082062,Roccapalumba,19,Sicilia,Palermo,PA,istat-comuni
082063,San Cipirello,19,Sicilia,Palermo,PA,istat-comuni
082064,San Giuseppe Jato,19,Sicilia,Palermo,PA,istat-comuni
082065,San Mauro Castelverde,19,Sicilia,Palermo,PA,istat-comuni
082066,Santa Cristina Gela,19,Sicilia,Palermo,PA,istat-comuni
082067,Santa Flavia,19,Sicilia,Palermo,PA,istat-comuni
082068,Sciara,19,Sicilia,Palermo,PA,istat-comuni
082069,Sclafani Bagni,19,Sicilia,Palermo,PA,istat-comuni
082070,Termini Imerese,19,Sicilia,Palermo,PA,istat-comuni
082071,Terrasini,19,Sicilia,Palermo,PA,istat-comuni
082072,Torretta,19,Sicilia,Palermo,PA,istat-comuni
082073,Trabia,19,Sicilia,Palermo,PA,istat-comuni
082074,Trappeto,19,Sicilia,Palermo,PA,istat-comuni
082075,Ustica,19,Sicilia,Palermo,PA,istat-comuni
082076,Valledolmo,19,Sicilia,Palermo,PA,istat-comuni
082077,Ventimiglia di Sicilia,19,Sicilia,Palermo,PA,istat-comuni
082078,Vicari,19,Sicilia,Palermo,PA,istat-comuni
082079,Villabate,19,Sicilia,Palermo,PA,istat-comuni
082080,Villafrati,19,Sicilia,Palermo,PA,istat-comuni
082081,Scillato,19,Sicilia,Palermo,PA,istat-comuni
082082,Blufi,19,Sicilia,Palermo,PA,istat-comuni
083001,Alcara li Fusi,19,Sicilia,Messina,ME,istat-comuni
083002,Alì,19,Sicilia,Messina,ME,istat-comuni
083003,Alì Terme,19,Sicilia,Messina,ME,istat-comuni
083004,Antillo,19,Sicilia,Messina,ME,istat-comuni
083005,Barcellona Pozzo di Gotto,19,Sicilia,Messina,ME,istat-comuni
083006,Basicò,19,Sicilia,Messina,ME,istat-comuni
083007,Brolo,19,Sicilia,Messina,ME,istat-comuni
083008,Capizzi,19,Sicilia,Messina,ME,istat-comuni
083009,Capo d'Orlando,19,Sicilia,Messina,ME,istat-comuni
083010,Capri Leone,19,Sicilia,Messina,ME,istat-comuni
083011,Caronia,19,Sicilia,Messina,ME,istat-comuni
083012,Casalvecchio Siculo,19,Sicilia,Messina,ME,istat-comuni
083013,Castel di Lucio,19,Sicilia,Messina,ME,istat-comuni
083014,Castell'Umberto,19,Sicilia,Messina,ME,istat-comuni
083015,Castelmola,19,Sicilia,Messina,ME,istat-comuni
083016,Castroreale,19,Sicilia,Messina,ME,istat-comuni
083017,Cesarò,19,Sicilia,Messina,ME,istat-comuni
083018,Condrò,19,Sicilia,Messina,ME,istat-comuni
083019,Falcone,19,Sicilia,Messina,ME,istat-comuni
083020,Ficarra,19,Sicilia,Messina,ME,istat-comuni
083021,Fiumedinisi,19,Sicilia,Messina,ME,istat-comuni
083022,Floresta,19,Sicilia,Messina,ME,istat-comuni
083023,Fondachelli-Fantina,19,Sicilia,Messina,ME,istat-comuni
083024,Forza d'Agrò,19,Sicilia,Messina,ME,istat-comuni
083025,Francavilla di Sicilia,19,Sicilia,Messina,ME,istat-comuni
083026,Frazzanò,19,Sicilia,Messina,ME,istat-comuni
083027,Furci Siculo,19,Sicilia,Messina,ME,istat-comuni
083028,Furnari,19,Sicilia,Messina,ME,istat-comuni
083029,Gaggi,19,Sicilia,Messina,ME,istat-comuni
083030,Galati Mamertino,19,Sicilia,Messina,ME,istat-comuni
083031,Gallodoro,19,Sicilia,Messina,ME,istat-comuni
083032,Giardini-Naxos,19,Sicilia,Messina,ME,istat-comuni
083033,Gioiosa Marea,19,Sicilia,Messina,ME,istat-comuni
083034,Graniti,19,Sicilia,Messina,ME,istat-comuni
083035,Gualtieri Sicaminò,19,Sicilia,Messina,ME,istat-comuni
083036,Itala,19,Sicilia,Messina,ME,istat-comuni
083037,Leni,19,Sicilia,Messina,ME,istat-comuni
083038,Letojanni,19,Sicilia,Messina,ME,istat-comuni
083039,Librizzi,19,Sicilia,Messina,ME,istat-comuni
083040,Limina,19,Sicilia,Messina,ME,istat-comuni
083041,Lipari,19,Sicilia,Messina,ME,istat-comuni
083042,Longi,19,Sicilia,Messina,ME,istat-comuni
083043,Malfa,19,Sicilia,Messina,ME,istat-comuni
083044,Malvagna,19,Sicilia,Messina,ME,istat-comuni
083045,Mandanici,19,Sicilia,Messina,ME,istat-comuni
083046,Mazzarrà Sant'Andrea,19,Sicilia,Messina,ME,istat-comuni
083047,Merì,19,Sicilia,Messina,ME,istat-comuni
083048,Messina,19,Sicilia,Messina,ME,istat-comuni
083049,Milazzo,19,Sicilia,Messina,ME,istat-comuni
083050,Militello Rosmarino,19,Sicilia,Messina,ME,istat-comuni
083051,Mirto,19,Sicilia,Messina,ME,istat-comuni
083052,Mistretta,19,Sicilia,Messina,ME,istat-comuni
083053,Moio Alcantara,19,Sicilia,Messina,ME,istat-comuni
083054,Monforte San Giorgio,19,Sicilia,Messina,ME,istat-comuni
083055,Mongiuffi Melia,19,Sicilia,Messina,ME,istat-comuni
083056,Montagnareale,19,Sicilia,Messina,ME,istat-comuni
083057,Montalbano Elicona,19,Sicilia,Messina,ME,istat-comuni
083058,Motta Camastra,19,Sicilia,Messina,ME,istat-comuni
083059,Motta d'Affermo,19,Sicilia,Messina,ME,istat-comuni
083060,Naso,19,Sicilia,Messina,ME,istat-comuni
083061,Nizza di Sicilia,19,Sicilia,Messina,ME,istat-comuni
083062,Novara di Sicilia,19,Sicilia,Messina,ME,istat-comuni
083063,Oliveri,19,Sicilia,Messina,ME,istat-comuni
083064,Pace del Mela,19,Sicilia,Messina,ME,istat-comuni
083065,Pagliara,19,Sicilia,Messina,ME,istat-comuni
083066,Patti,19,Sicilia,Messina,ME,istat-comuni
083067,Pettineo,19,Sicilia,Messina,ME,istat-comuni
083068,Piraino,19,Sicilia,Messina,ME,istat-comuni
083069,Raccuja,19,Sicilia,Messina,ME,istat-comuni
083070,Reitano,19,Sicilia,Messina,ME,istat-comuni
083071,Roccafiorita,19,Sicilia,Messina,ME,istat-comuni
083072,Roccalumera,19,Sicilia,Messina,ME,istat-comuni
083073,Roccavaldina,19,Sicilia,Messina,ME,istat-comuni
083074,Roccella Valdemone,19,Sicilia,Messina,ME,istat-comuni
083075,Rodì Milici,19,Sicilia,Messina,ME,istat-comuni
083076,Rometta,19,Sicilia,Messina,ME,istat-comuni
083077,San Filippo del Mela,19,Sicilia,Messina,ME,istat-comuni
083078,San Fratello,19,Sicilia,Messina,ME,istat-comuni
083079,San Marco d'Alunzio,19,Sicilia,Messina,ME,istat-comuni
083080,San Pier Niceto,19,Sicilia,Messina,ME,istat-comuni
083081,San Piero Patti,19,Sicilia,Messina,ME,istat-comuni
083082,San Salvatore di Fitalia,19,Sicilia,Messina,ME,istat-comuni
083083,Santa Domenica Vittoria,19,Sicilia,Messina,ME,istat-comuni
083084,Sant'Agata di Militello,19,Sicilia,Messina,ME,istat-comuni
083085,Sant'Alessio Siculo,19,Sicilia,Messina,ME,istat-comuni
083086,Santa Lucia del Mela,19,Sicilia,Messina,ME,istat-comuni
083087,Santa Marina Salina,19,Sicilia,Messina,ME,istat-comuni
083088,Sant'Angelo di Brolo,19,Sicilia,Messina,ME,istat-comuni
083089,Santa Teresa di Riva,19,Sicilia,Messina,ME,istat-comuni
083090,San Teodoro,19,Sicilia,Messina,ME,istat-comuni
083091,Santo Stefano di Camastra,19,Sicilia,Messina,ME,istat-comuni
083092,Saponara,19,Sicilia,Messina,ME,istat-comuni
083093,Savoca,19,Sicilia,Messina,ME,istat-comuni
083094,Scaletta Zanclea,19,Sicilia,Messina,ME,istat-comuni
083095,Sinagra,19,Sicilia,Messina,ME,istat-comuni
083096,Spadafora,19,Sicilia,Messina,ME,istat-comuni
083097,Taormina,19,Sicilia,Messina,ME,istat-comuni
083098,Torregrotta,19,Sicilia,Messina,ME,istat-comuni
083099,Tortorici,19,Sicilia,Messina,ME,istat-comuni
083100,Tripi - Abakainon,19,Sicilia,Messina,ME,istat-comuni
083101,Tusa,19,Sicilia,Messina,ME,istat-comuni
083102,Ucria,19,Sicilia,Messina,ME,istat-comuni
083103,Valdina,19,Sicilia,Messina,ME,istat-comuni
083104,Venetico,19,Sicilia,Messina,ME,istat-comuni
083105,Villafranca Tirrena,19,Sicilia,Messina,ME,istat-comuni
083106,Terme Vigliatore,19,Sicilia,Messina,ME,istat-comuni
083107,Acquedolci,19,Sicilia,Messina,ME,istat-comuni
083108,Torrenova,19,Sicilia,Messina,ME,istat-comuni
084001,Agrigento,19,Sicilia,Agrigento,AG,istat-comuni
084002,Alessandria della Rocca,19,Sicilia,Agrigento,AG,istat-comuni
084003,Aragona,19,Sicilia,Agrigento,AG,istat-comuni
084004,Bivona,19,Sicilia,Agrigento,AG,istat-comuni
084005,Burgio,19,Sicilia,Agrigento,AG,istat-comuni
084006,Calamonaci,19,Sicilia,Agrigento,AG,istat-comuni
084007,Caltabellotta,19,Sicilia,Agrigento,AG,istat-comuni
084008,Camastra,19,Sicilia,Agrigento,AG,istat-comuni
084009,Cammarata,19,Sicilia,Agrigento,AG,istat-comuni
084010,Campobello di Licata,19,Sicilia,Agrigento,AG,istat-comuni
084011,Canicattì,19,Sicilia,Agrigento,AG,istat-comuni
084012,Casteltermini,19,Sicilia,Agrigento,AG,istat-comuni
084013,Castrofilippo,19,Sicilia,Agrigento,AG,istat-comuni
084014,Cattolica Eraclea,19,Sicilia,Agrigento,AG,istat-comuni
084015,Cianciana,19,Sicilia,Agrigento,AG,istat-comuni
084016,Comitini,19,Sicilia,Agrigento,AG,istat-comuni
084017,Favara,19,Sicilia,Agrigento,AG,istat-comuni
084018,Grotte,19,Sicilia,Agrigento,AG,istat-comuni
084019,Joppolo Giancaxio,19,Sicilia,Agrigento,AG,istat-comuni
084020,Lampedusa e Linosa,19,Sicilia,Agrigento,AG,istat-comuni
084021,Licata,19,Sicilia,Agrigento,AG,istat-comuni
084022,Lucca Sicula,19,Sicilia,Agrigento,AG,istat-comuni
084023,Menfi,19,Sicilia,Agrigento,AG,istat-comuni
084024,Montallegro,19,Sicilia,Agrigento,AG,istat-comuni
084025,Montevago,19,Sicilia,Agrigento,AG,istat-comuni
084026,Naro,19,Sicilia,Agrigento,AG,istat-comuni
084027,Palma di Montechiaro,19,Sicilia,Agrigento,AG,istat-comuni
084028,Porto Empedocle,19,Sicilia,Agrigento,AG,istat-comuni
084029,Racalmuto,19,Sicilia,Agrigento,AG,istat-comuni
084030,Raffadali,19,Sicilia,Agrigento,AG,istat-comuni
084031,Ravanusa,19,Sicilia,Agrigento,AG,istat-comuni
084032,Realmonte,19,Sicilia,Agrigento,AG,istat-comuni
084033,Ribera,19,Sicilia,Agrigento,AG,istat-comuni
084034,Sambuca di Sicilia,19,Sicilia,Agrigento,AG,istat-comuni
084035,San Biagio Platani,19,Sicilia,Agrigento,AG,istat-comuni
084036,San Giovanni Gemini,19,Sicilia,Agrigento,AG,istat-comuni
084037,Santa Elisabetta,19,Sicilia,Agrigento,AG,istat-comuni
084038,Santa Margherita di Belice,19,Sicilia,Agrigento,AG,istat-comuni
084039,Sant'Angelo Muxaro,19,Sicilia,Agrigento,AG,istat-comuni
084040,Santo Stefano Quisquina,19,Sicilia,Agrigento,AG,istat-comuni
084041,Sciacca,19,Sicilia,Agrigento,AG,istat-comuni
084042,Siculiana,19,Sicilia,Agrigento,AG,istat-comuni
084043,Villafranca Sicula,19,Sicilia,Agrigento,AG,istat-comuni
085001,Acquaviva Platani,19,Sicilia,Caltanissetta,CL,istat-comuni
085002,Bompensiere,19,Sicilia,Caltanissetta,CL,istat-comuni
085003,Butera,19,Sicilia,Caltanissetta,CL,istat-comuni
085004,Caltanissetta,19,Sicilia,Caltanissetta,CL,istat-comuni
085005,Campofranco,19,Sicilia,Caltanissetta,CL,istat-comuni
085006,Delia,19,Sicilia,Caltanissetta,CL,istat-comuni
085007,Gela,19,Sicilia,Caltanissetta,CL,istat-comuni
085008,Marianopoli,19,Sicilia,Caltanissetta,CL,istat-comuni
085009,Mazzarino,19,Sicilia,Caltanissetta,CL,istat-comuni
085010,Milena,19,Sicilia,Caltanissetta,CL,istat-comuni
085011,Montedoro,19,Sicilia,Caltanissetta,CL,istat-comuni
085012,Mussomeli,19,Sicilia,Caltanissetta,CL,istat-comuni
085013,Niscemi,19,Sicilia,Caltanissetta,CL,istat-comuni
085014,Resuttano,19,Sicilia,Caltanissetta,CL,istat-comuni
085015,Riesi,19,Sicilia,Caltanissetta,CL,istat-comuni
085016,San Cataldo,19,Sicilia,Caltanissetta,CL,istat-comuni
085017,Santa Caterina Villarmosa,19,Sicilia,Caltanissetta,CL,istat-comuni
085018,Serradifalco,19,Sicilia,Caltanissetta,CL,istat-comuni
085019,Sommatino,19,Sicilia,Caltanissetta,CL,istat-comuni
085020,Sutera,19,Sicilia,Caltanissetta,CL,istat-comuni
085021,Vallelunga Pratameno,19,Sicilia,Caltanissetta,CL,istat-comuni
085022,Villalba,19,Sicilia,Caltanissetta,CL,istat-comuni
086001,Agira,19,Sicilia,Enna,EN,istat-comuni
086002,Aidone,19,Sicilia,Enna,EN,istat-comuni
086003,Assoro,19,Sicilia,Enna,EN,istat-comuni
086004,Barrafranca,19,Sicilia,Enna,EN,istat-comuni
086005,Calascibetta,19,Sicilia,Enna,EN,istat-comuni
086006,Catenanuova,19,Sicilia,Enna,EN,istat-comuni
086007,Centuripe,19,Sicilia,Enna,EN,istat-comuni
086008,Cerami,19,Sicilia,Enna,EN,istat-comuni
086009,Enna,19,Sicilia,Enna,EN,istat-comuni
086010,Gagliano Castelferrato,19,Sicilia,Enna,EN,istat-comuni
086011,Leonforte,19,Sicilia,Enna,EN,istat-comuni
086012,Nicosia,19,Sicilia,Enna,EN,istat-comuni
086013,Nissoria,19,Sicilia,Enna,EN,istat-comuni
086014,Piazza Armerina,19,Sicilia,Enna,EN,istat-comuni
086015,Pietraperzia,19,Sicilia,Enna,EN,istat-comuni
086016,Regalbuto,19,Sicilia,Enna,EN,istat-comuni
086017,Sperlinga,19,Sicilia,Enna,EN,istat-comuni
086018,Troina,19,Sicilia,Enna,EN,istat-comuni
086019,Valguarnera Caropepe,19,Sicilia,Enna,EN,istat-comuni
086020,Villarosa,19,Sicilia,Enna,EN,istat-comuni
087001,Aci Bonaccorsi,19,Sicilia,Catania,CT,istat-comuni
087002,Aci Castello,19,Sicilia,Catania,CT,istat-comuni
087003,Aci Catena,19,Sicilia,Catania,CT,istat-comuni
087004,Acireale,19,Sicilia,Catania,CT,istat-comuni
087005,Aci Sant'Antonio,19,Sicilia,Catania,CT,istat-comuni
087006,Adrano,19,Sicilia,Catania,CT,istat-comuni
087007,Belpasso,19,Sicilia,Catania,CT,istat-comuni
087008,Biancavilla,19,Sicilia,Catania,CT,istat-comuni
087009,Bronte,19,Sicilia,Catania,CT,istat-comuni
087010,Calatabiano,19,Sicilia,Catania,CT,istat-comuni
087011,Caltagirone,19,Sicilia,Catania,CT,istat-comuni
087012,Camporotondo Etneo,19,Sicilia,Catania,CT,istat-comuni
087013,Castel di Iudica,19,Sicilia,Catania,CT,istat-comuni
087014,Castiglione di Sicilia,19,Sicilia,Catania,CT,istat-comuni
087015,Catania,19,Sicilia,Catania,CT,istat-comuni
087016,Fiumefreddo di Sicilia,19,Sicilia,Catania,CT,istat-comuni
087017,Giarre,19,Sicilia,Catania,CT,istat-comuni
087018,Grammichele,19,Sicilia,Catania,CT,istat-comuni
087019,Gravina di Catania,19,Sicilia,Catania,CT,istat-comuni
087020,Licodia Eubea,19,Sicilia,Catania,CT,istat-comuni
087021,Linguaglossa,19,Sicilia,Catania,CT,istat-comuni
087022,Maletto,19,Sicilia,Catania,CT,istat-comuni
087023,Mascali,19,Sicilia,Catania,CT,istat-comuni
087024,Mascalucia,19,Sicilia,Catania,CT,istat-comuni
087025,Militello in Val di Catania,19,Sicilia,Catania,CT,istat-comuni
087026,Milo,19,Sicilia,Catania,CT,istat-comuni
087027,Mineo,19,Sicilia,Catania,CT,istat-comuni
087028,Mirabella Imbaccari,19,Sicilia,Catania,CT,istat-comuni
087029,Misterbianco,19,Sicilia,Catania,CT,istat-comuni
087030,Motta Sant'Anastasia,19,Sicilia,Catania,CT,istat-comuni
087031,Nicolosi,19,Sicilia,Catania,CT,istat-comuni
087032,Palagonia,19,Sicilia,Catania,CT,istat-comuni
087033,Paternò,19,Sicilia,Catania,CT,istat-comuni
087034,Pedara,19,Sicilia,Catania,CT,istat-comuni
087035,Piedimonte Etneo,19,Sicilia,Catania,CT,istat-comuni
087036,Raddusa,19,Sicilia,Catania,CT,istat-comuni
087037,Ramacca,19,Sicilia,Catania,CT,istat-comuni
087038,Randazzo,19,Sicilia,Catania,CT,istat-comuni
087039,Riposto,19,Sicilia,Catania,CT,istat-comuni
087040,San Cono,19,Sicilia,Catania,CT,istat-comuni
087041,San Giovanni la Punta,19,Sicilia,Catania,CT,istat-comuni
087042,San Gregorio di Catania,19,Sicilia,Catania,CT,istat-comuni
087043,San Michele di Ganzaria,19,Sicilia,Catania,CT,istat-comuni
087044,San Pietro Clarenza,19,Sicilia,Catania,CT,istat-comuni
087045,Sant'Agata li Battiati,19,Sicilia,Catania,CT,istat-comuni
087046,Sant'Alfio,19,Sicilia,Catania,CT,istat-comuni
087047,Santa Maria di Licodia,19,Sicilia,Catania,CT,istat-comuni
087048,Santa Venerina,19,Sicilia,Catania,CT,istat-comuni
087049,Scordia,19,Sicilia,Catania,CT,istat-comuni
087050,Trecastagni,19,Sicilia,Catania,CT,istat-comuni
087051,Tremestieri Etneo,19,Sicilia,Catania,CT,istat-comuni
087052,Valverde,19,Sicilia,Catania,CT,istat-comuni
087053,Viagrande,19,Sicilia,Catania,CT,istat-comuni
087054,Vizzini,19,Sicilia,Catania,CT,istat-comuni
087055,Zafferana Etnea,19,Sicilia,Catania,CT,istat-comuni
087056,Mazzarrone,19,Sicilia,Catania,CT,istat-comuni
087057,Maniace,19,Sicilia,Catania,CT,istat-comuni
087058,Ragalna,19,Sicilia,Catania,CT,istat-comuni
088001,Acate,19,Sicilia,Ragusa,RG,istat-comuni
088002,Chiaramonte Gulfi,19,Sicilia,Ragusa,RG,istat-comuni
088003,Comiso,19,Sicilia,Ragusa,RG,istat-comuni
088004,Giarratana,19,Sicilia,Ragusa,RG,istat-comuni
088005,Ispica,19,Sicilia,Ragusa,RG,istat-comuni
088006,Modica,19,Sicilia,Ragusa,RG,istat-comuni
088007,Monterosso Almo,19,Sicilia,Ragusa,RG,istat-comuni
088008,Pozzallo,19,Sicilia,Ragusa,RG,istat-comuni
088009,Ragusa,19,Sicilia,Ragusa,RG,istat-comuni
088010,Santa Croce Camerina,19,Sicilia,Ragusa,RG,istat-comuni
088011,Scicli,19,Sicilia,Ragusa,RG,istat-comuni
088012,Vittoria,19,Sicilia,Ragusa,RG,istat-comuni
089001,Augusta,19,Sicilia,Siracusa,SR,istat-comuni
089002,Avola,19,Sicilia,Siracusa,SR,istat-comuni
089003,Buccheri,19,Sicilia,Siracusa,SR,istat-comuni
089004,Buscemi,19,Sicilia,Siracusa,SR,istat-comuni
089005,Canicattini Bagni,19,Sicilia,Siracusa,SR,istat-comuni
089006,Carlentini,19,Sicilia,Siracusa,SR,istat-comuni
089007,Cassaro,19,Sicilia,Siracusa,SR,istat-comuni
089008,Ferla,19,Sicilia,Siracusa,SR,istat-comuni
089009,Floridia,19,Sicilia,Siracusa,SR,istat-comuni
089010,Francofonte,19,Sicilia,Siracusa,SR,istat-comuni
089011,Lentini,19,Sicilia,Siracusa,SR,istat-comuni
089012,Melilli,19,Sicilia,Siracusa,SR,istat-comuni
089013,Noto,19,Sicilia,Siracusa,SR,istat-comuni
089014,Pachino,19,Sicilia,Siracusa,SR,istat-comuni
089015,Palazzolo Acreide,19,Sicilia,Siracusa,SR,istat-comuni
089016,Rosolini,19,Sicilia,Siracusa,SR,istat-comuni
089017,Siracusa,19,Sicilia,Siracusa,SR,istat-comuni
089018,Solarino,19,Sicilia,Siracusa,SR,istat-comuni
089019,Sortino,19,Sicilia,Siracusa,SR,istat-comuni
089020,Portopalo di Capo Passero,19,Sicilia,Siracusa,SR,istat-comuni
089021,Priolo Gargallo,19,Sicilia,Siracusa,SR,istat-comuni
093001,Andreis,06,Friuli-Venezia Giulia,Pordenone,PN,istat-comuni
093002,Arba,06,Friuli-Venezia Giulia,Pordenone,PN,istat-comuni
093004,Aviano,06,Friuli-Venezia Giulia,Pordenone,PN,istat-comuni
093005,Azzano Decimo,06,Friuli-Venezia Giulia,Pordenone,PN,istat-comuni
093006,Barcis,06,Friuli-Venezia Giulia,Pordenone,PN,istat-comuni
093007,Brugnera,06,Friuli-Venezia Giulia,Pordenone,PN,istat-comuni
093008,Budoia,06,Friuli-Venezia Giulia,Pordenone,PN,istat-comuni
093009,Caneva,06,Friuli-Venezia Giulia,Pordenone,PN,istat-comuni
093010,Casarsa della Delizia,06,Friuli-Venezia Giulia,Pordenone,PN,istat-comuni
093011,Castelnovo del Friuli,06,Friuli-Venezia Giulia,Pordenone,PN,istat-comuni
093012,Cavasso Nuovo,06,Friuli-Venezia Giulia,Pordenone,PN,istat-comuni
093013,Chions,06,Friuli-Venezia Giulia,Pordenone,PN,istat-comuni
093014,Cimolais,06,Friuli-Venezia Giulia,Pordenone,PN,istat-comuni
093015,Claut,06,Friuli-Venezia Giulia,Pordenone,PN,istat-comuni
093016,Clauzetto,06,Friuli-Venezia Giulia,Pordenone,PN,istat-comuni
093017,Cordenons,06,Friuli-Venezia Giulia,Pordenone,PN,istat-comuni
093018,Cordovado,06,Friuli-Venezia Giulia,Pordenone,PN,istat-comuni
093019,Erto e Casso,06,Friuli-Venezia Giulia,Pordenone,PN,istat-comuni
093020,Fanna,06,Friuli-Venezia Giulia,Pordenone,PN,istat-comuni
093021,Fiume Veneto,06,Friuli-Venezia Giulia,Pordenone,PN,istat-comuni
093022,Fontanafredda,06,Friuli-Venezia Giulia,Pordenone,PN,istat-comuni
093024,Frisanco,06,Friuli-Venezia Giulia,Pordenone,PN,istat-comuni
093025,Maniago,06,Friuli-Venezia Giulia,Pordenone,PN,istat-comuni
093026,Meduno,06,Friuli-Venezia Giulia,Pordenone,PN,istat-comuni
093027,Montereale Valcellina,06,Friuli-Venezia Giulia,Pordenone,PN,istat-comuni
093028,Morsano al Tagliamento,06,Friuli-Venezia Giulia,Pordenone,PN,istat-comuni
093029,Pasiano di Pordenone,06,Friuli-Venezia Giulia,Pordenone,PN,istat-comuni
093030,Pinzano al Tagliamento,06,Friuli-Venezia Giulia,Pordenone,PN,istat-comuni
093031,Polcenigo,06,Friuli-Venezia Giulia,Pordenone,PN,istat-comuni
093032,Porcia,06,Friuli-Venezia Giulia,Pordenone,PN,istat-comuni
093033,Pordenone,06,Friuli-Venezia Giulia,Pordenone,PN,istat-comuni
093034,Prata di Pordenone,06,Friuli-Venezia Giulia,Pordenone,PN,istat-comuni
093035,Pravisdomini,06,Friuli-Venezia Giulia,Pordenone,PN,istat-comuni
093036,Roveredo in Piano,06,Friuli-Venezia Giulia,Pordenone,PN,istat-comuni
093037,Sacile,06,Friuli-Venezia Giulia,Pordenone,PN,istat-comuni
093038,San Giorgio della Richinvelda,06,Friuli-Venezia Giulia,Pordenone,PN,istat-comuni
093039,San Martino al Tagliamento,06,Friuli-Venezia Giulia,Pordenone,PN,istat-comuni
093040,San Quirino,06,Friuli-Venezia Giulia,Pordenone,PN,istat-comuni
093041,San Vito al Tagliamento,06,Friuli-Venezia Giulia,Pordenone,PN,istat-comuni
093042,Sequals,06,Friuli-Venezia Giulia,Pordenone,PN,istat-comuni
093043,Sesto al Reghena,06,Friuli-Venezia Giulia,Pordenone,PN,istat-comuni
093044,Spilimbergo,06,Friuli-Venezia Giulia,Pordenone,PN,istat-comuni
093045,Tramonti di Sopra,06,Friuli-Venezia Giulia,Pordenone,PN,istat-comuni
093046,Tramonti di Sotto,06,Friuli-Venezia Giulia,Pordenone,PN,istat-comuni
093047,Travesio,06,Friuli-Venezia Giulia,Pordenone,PN,istat-comuni
093049,Vito d'Asio,06,Friuli-Venezia Giulia,Pordenone,PN,istat-comuni
093050,Vivaro,06,Friuli-Venezia Giulia,Pordenone,PN,istat-comuni
093051,Zoppola,06,Friuli-Venezia Giulia,Pordenone,PN,istat-comuni
093052,Vajont,06,Friuli-Venezia Giulia,Pordenone,PN,istat-comuni
093053,Valvasone Arzene,06,Friuli-Venezia Giulia,Pordenone,PN,istat-comuni
094001,Acquaviva d'Isernia,14,Molise,Isernia,IS,istat-comuni
094002,Agnone,14,Molise,Isernia,IS,istat-comuni
094003,Bagnoli del Trigno,14,Molise,Isernia,IS,istat-comuni
094004,Belmonte del Sannio,14,Molise,Isernia,IS,istat-comuni
094005,Cantalupo nel Sannio,14,Molise,Isernia,IS,istat-comuni
094006,Capracotta,14,Molise,Isernia,IS,istat-comuni
094007,Carovilli,14,Molise,Isernia,IS,istat-comuni
094008,Carpinone,14,Molise,Isernia,IS,istat-comuni
094009,Castel del Giudice,14,Molise,Isernia,IS,istat-comuni
094010,Castelpetroso,14,Molise,Isernia,IS,istat-comuni
094011,Castelpizzuto,14,Molise,Isernia,IS,istat-comuni
094012,Castel San Vincenzo,14,Molise,Isernia,IS,istat-comuni
094013,Castelverrino,14,Molise,Isernia,IS,istat-comuni
094014,Cerro al Volturno,14,Molise,Isernia,IS,istat-comuni
094015,Chiauci,14,Molise,Isernia,IS,istat-comuni
094016,Civitanova del Sannio,14,Molise,Isernia,IS,istat-comuni
094017,Colli a Volturno,14,Molise,Isernia,IS,istat-comuni
094018,Conca Casale,14,Molise,Isernia,IS,istat-comuni
094019,Filignano,14,Molise,Isernia,IS,istat-comuni
094020,Forlì del Sannio,14,Molise,Isernia,IS,istat-comuni
094021,Fornelli,14,Molise,Isernia,IS,istat-comuni
094022,Frosolone,14,Molise,Isernia,IS,istat-comuni
094023,Isernia,14,Molise,Isernia,IS,istat-comuni
094024,Longano,14,Molise,Isernia,IS,istat-comuni
094025,Macchia d'Isernia,14,Molise,Isernia,IS,istat-comuni
094026,Macchiagodena,14,Molise,Isernia,IS,istat-comuni
094027,Miranda,14,Molise,Isernia,IS,istat-comuni
094028,Montaquila,14,Molise,Isernia,IS,istat-comuni
094029,Montenero Val Cocchiara,14,Molise,Isernia,IS,istat-comuni
094030,Monteroduni,14,Molise,Isernia,IS,istat-comuni
094031,Pesche,14,Molise,Isernia,IS,istat-comuni
094032,Pescolanciano,14,Molise,Isernia,IS,istat-comuni
094033,Pescopennataro,14,Molise,Isernia,IS,istat-comuni
094034,Pettoranello del Molise,14,Molise,Isernia,IS,istat-comuni
094035,Pietrabbondante,14,Molise,Isernia,IS,istat-comuni
094036,Pizzone,14,Molise,Isernia,IS,istat-comuni
094037,Poggio Sannita,14,Molise,Isernia,IS,istat-comuni
094038,Pozzilli,14,Molise,Isernia,IS,istat-comuni
094039,Rionero Sannitico,14,Molise,Isernia,IS,istat-comuni
094040,Roccamandolfi,14,Molise,Isernia,IS,istat-comuni
094041,Roccasicura,14,Molise,Isernia,IS,istat-comuni
094042,Rocchetta a Volturno,14,Molise,Isernia,IS,istat-comuni
094043,San Pietro Avellana,14,Molise,Isernia,IS,istat-comuni
094044,Sant'Agapito,14,Molise,Isernia,IS,istat-comuni
094045,Santa Maria del Molise,14,Molise,Isernia,IS,istat-comuni
094046,Sant'Angelo del Pesco,14,Molise,Isernia,IS,istat-comuni
094047,Sant'Elena Sannita,14,Molise,Isernia,IS,istat-comuni
094048,Scapoli,14,Molise,Isernia,IS,istat-comuni
094049,Sessano del Molise,14,Molise,Isernia,IS,istat-comuni
094050,Sesto Campano,14,Molise,Isernia,IS,istat-comuni
094051,Vastogirardi,14,Molise,Isernia,IS,istat-comuni
094052,Venafro,14,Molise,Isernia,IS,istat-comuni
096001,Ailoche,01,Piemonte,Biella,BI,istat-comuni
096002,Andorno Micca,01,Piemonte,Biella,BI,istat-comuni
096003,Benna,01,Piemonte,Biella,BI,istat-comuni
096004,Biella,01,Piemonte,Biella,BI,istat-comuni
096005,Bioglio,01,Piemonte,Biella,BI,istat-comuni
096006,Borriana,01,Piemonte,Biella,BI,istat-comuni
096007,Brusnengo,01,Piemonte,Biella,BI,istat-comuni
096008,Callabiana,01,Piemonte,Biella,BI,istat-comuni
096009,Camandona,01,Piemonte,Biella,BI,istat-comuni
096010,Camburzano,01,Piemonte,Biella,BI,istat-comuni
096012,Candelo,01,Piemonte,Biella,BI,istat-comuni
096013,Caprile,01,Piemonte,Biella,BI,istat-comuni
096014,Casapinta,01,Piemonte,Biella,BI,istat-comuni
096015,Castelletto Cervo,01,Piemonte,Biella,BI,istat-comuni
096016,Cavaglià,01,Piemonte,Biella,BI,istat-comuni
096018,Cerrione,01,Piemonte,Biella,BI,istat-comuni
096019,Coggiola,01,Piemonte,Biella,BI,istat-comuni
096020,Cossato,01,Piemonte,Biella,BI,istat-comuni
096021,Crevacuore,01,Piemonte,Biella,BI,istat-comuni
096023,Curino,01,Piemonte,Biella,BI,istat-comuni
096024,Donato,01,Piemonte,Biella,BI,istat-comuni
096025,Dorzano,01,Piemonte,Biella,BI,istat-comuni
096026,Gaglianico,01,Piemonte,Biella,BI,istat-comuni
096027,Gifflenga,01,Piemonte,Biella,BI,istat-comuni
096028,Graglia,01,Piemonte,Biella,BI,istat-comuni
096030,Magnano,01,Piemonte,Biella,BI,istat-comuni
096031,Massazza,01,Piemonte,Biella,BI,istat-comuni
096032,Masserano,01,Piemonte,Biella,BI,istat-comuni
096033,Mezzana Mortigliengo,01,Piemonte,Biella,BI,istat-comuni
096034,Miagliano,01,Piemonte,Biella,BI,istat-comuni
096035,Mongrando,01,Piemonte,Biella,BI,istat-comuni
096037,Mottalciata,01,Piemonte,Biella,BI,istat-comuni
096038,Muzzano,01,Piemonte,Biella,BI,istat-comuni
096039,Netro,01,Piemonte,Biella,BI,istat-comuni
096040,Occhieppo Inferiore,01,Piemonte,Biella,BI,istat-comuni
096041,Occhieppo Superiore,01,Piemonte,Biella,BI,istat-comuni
096042,Pettinengo,01,Piemonte,Biella,BI,istat-comuni
096043,Piatto,01,Piemonte,Biella,BI,istat-comuni
096044,Piedicavallo,01,Piemonte,Biella,BI,istat-comuni
096046,Pollone,01,Piemonte,Biella,BI,istat-comuni
096047,Ponderano,01,Piemonte,Biella,BI,istat-comuni
096048,Portula,01,Piemonte,Biella,BI,istat-comuni
096049,Pralungo,01,Piemonte,Biella,BI,istat-comuni
096050,Pray,01,Piemonte,Biella,BI,istat-comuni
096053,Ronco Biellese,01,Piemonte,Biella,BI,istat-comuni
096054,Roppolo,01,Piemonte,Biella,BI,istat-comuni
096055,Rosazza,01,Piemonte,Biella,BI,istat-comuni
096056,Sagliano Micca,01,Piemonte,Biella,BI,istat-comuni
096057,Sala Biellese,01,Piemonte,Biella,BI,istat-comuni
096058,Salussola,01,Piemonte,Biella,BI,istat-comuni
096059,Sandigliano,01,Piemonte,Biella,BI,istat-comuni
096063,Sordevolo,01,Piemonte,Biella,BI,istat-comuni
096064,Sostegno,01,Piemonte,Biella,BI,istat-comuni
096065,Strona,01,Piemonte,Biella,BI,istat-comuni
096066,Tavigliano,01,Piemonte,Biella,BI,istat-comuni
096067,Ternengo,01,Piemonte,Biella,BI,istat-comuni
096068,Tollegno,01,Piemonte,Biella,BI,istat-comuni
096069,Torrazzo,01,Piemonte,Biella,BI,istat-comuni
096071,Valdengo,01,Piemonte,Biella,BI,istat-comuni
096072,Vallanzengo,01,Piemonte,Biella,BI,istat-comuni
096074,Valle San Nicolao,01,Piemonte,Biella,BI,istat-comuni
096075,Veglio,01,Piemonte,Biella,BI,istat-comuni
096076,Verrone,01,Piemonte,Biella,BI,istat-comuni
096077,Vigliano Biellese,01,Piemonte,Biella,BI,istat-comuni
096078,Villa del Bosco,01,Piemonte,Biella,BI,istat-comuni
096079,Villanova Biellese,01,Piemonte,Biella,BI,istat-comuni
096080,Viverone,01,Piemonte,Biella,BI,istat-comuni
096081,Zimone,01,Piemonte,Biella,BI,istat-comuni
096082,Zubiena,01,Piemonte,Biella,BI,istat-comuni
096083,Zumaglia,01,Piemonte,Biella,BI,istat-comuni
096085,Lessona,01,Piemonte,Biella,BI,istat-comuni
096086,Campiglia Cervo,01,Piemonte,Biella,BI,istat-comuni
096087,Quaregna Cerreto,01,Piemonte,Biella,BI,istat-comuni
096088,Valdilana,01,Piemonte,Biella,BI,istat-comuni
097001,Abbadia Lariana,03,Lombardia,Lecco,LC,istat-comuni
097002,Airuno,03,Lombardia,Lecco,LC,istat-comuni
097003,Annone di Brianza,03,Lombardia,Lecco,LC,istat-comuni
097004,Ballabio,03,Lombardia,Lecco,LC,istat-comuni
097005,Barzago,03,Lombardia,Lecco,LC,istat-comuni
097006,Barzanò,03,Lombardia,Lecco,LC,istat-comuni
097007,Barzio,03,Lombardia,Lecco,LC,istat-comuni
097008,Bellano,03,Lombardia,Lecco,LC,istat-comuni
097009,Bosisio Parini,03,Lombardia,Lecco,LC,istat-comuni
097010,Brivio,03,Lombardia,Lecco,LC,istat-comuni
097011,Bulciago,03,Lombardia,Lecco,LC,istat-comuni
097012,Calco,03,Lombardia,Lecco,LC,istat-comuni
097013,Calolziocorte,03,Lombardia,Lecco,LC,istat-comuni
097014,Carenno,03,Lombardia,Lecco,LC,istat-comuni
097015,Casargo,03,Lombardia,Lecco,LC,istat-comuni
097016,Casatenovo,03,Lombardia,Lecco,LC,istat-comuni
097017,Cassago Brianza,03,Lombardia,Lecco,LC,istat-comuni
097018,Cassina Valsassina,03,Lombardia,Lecco,LC,istat-comuni
097019,Castello di Brianza,03,Lombardia,Lecco,LC,istat-comuni
097020,Cernusco Lombardone,03,Lombardia,Lecco,LC,istat-comuni
097021,Cesana Brianza,03,Lombardia,Lecco,LC,istat-comuni
097022,Civate,03,Lombardia,Lecco,LC,istat-comuni
097023,Colico,03,Lombardia,Lecco,LC,istat-comuni
097024,Colle Brianza,03,Lombardia,Lecco,LC,istat-comuni
097025,Cortenova,03,Lombardia,Lecco,LC,istat-comuni
097026,Costa Masnaga,03,Lombardia,Lecco,LC,istat-comuni
097027,Crandola Valsassina,03,Lombardia,Lecco,LC,istat-comuni
097028,Cremella,03,Lombardia,Lecco,LC,istat-comuni
097029,Cremeno,03,Lombardia,Lecco,LC,istat-comuni
097030,Dervio,03,Lombardia,Lecco,LC,istat-comuni
097031,Dolzago,03,Lombardia,Lecco,LC,istat-comuni
097032,Dorio,03,Lombardia,Lecco,LC,istat-comuni
097033,Ello,03,Lombardia,Lecco,LC,istat-comuni
097034,Erve,03,Lombardia,Lecco,LC,istat-comuni
097035,Esino Lario,03,Lombardia,Lecco,LC,istat-comuni
097036,Galbiate,03,Lombardia,Lecco,LC,istat-comuni
097037,Garbagnate Monastero,03,Lombardia,Lecco,LC,istat-comuni
097038,Garlate,03,Lombardia,Lecco,LC,istat-comuni
097039,Imbersago,03,Lombardia,Lecco,LC,istat-comuni
097040,Introbio,03,Lombardia,Lecco,LC,istat-comuni
097042,Lecco,03,Lombardia,Lecco,LC,istat-comuni
097043,Lierna,03,Lombardia,Lecco,LC,istat-comuni
097044,Lomagna,03,Lombardia,Lecco,LC,istat-comuni
097045,Malgrate,03,Lombardia,Lecco,LC,istat-comuni
097046,Mandello del Lario,03,Lombardia,Lecco,LC,istat-comuni
097047,Margno,03,Lombardia,Lecco,LC,istat-comuni
097048,Merate,03,Lombardia,Lecco,LC,istat-comuni
097049,Missaglia,03,Lombardia,Lecco,LC,istat-comuni
097050,Moggio,03,Lombardia,Lecco,LC,istat-comuni
097051,Molteno,03,Lombardia,Lecco,LC,istat-comuni
097052,Monte Marenzo,03,Lombardia,Lecco,LC,istat-comuni
097053,Montevecchia,03,Lombardia,Lecco,LC,istat-comuni
097054,Monticello Brianza,03,Lombardia,Lecco,LC,istat-comuni
097055,Morterone,03,Lombardia,Lecco,LC,istat-comuni
097056,Nibionno,03,Lombardia,Lecco,LC,istat-comuni
097057,Oggiono,03,Lombardia,Lecco,LC,istat-comuni
097058,Olgiate Molgora,03,Lombardia,Lecco,LC,istat-comuni
097059,Olginate,03,Lombardia,Lecco,LC,istat-comuni
097060,Oliveto Lario,03,Lombardia,Lecco,LC,istat-comuni
097061,Osnago,03,Lombardia,Lecco,LC,istat-comuni
097062,Paderno d'Adda,03,Lombardia,Lecco,LC,istat-comuni
097063,Pagnona,03,Lombardia,Lecco,LC,istat-comuni
097064,Parlasco,03,Lombardia,Lecco,LC,istat-comuni
097065,Pasturo,03,Lombardia,Lecco,LC,istat-comuni
097067,Perledo,03,Lombardia,Lecco,LC,istat-comuni
097068,Pescate,03,Lombardia,Lecco,LC,istat-comuni
097069,Premana,03,Lombardia,Lecco,LC,istat-comuni
097070,Primaluna,03,Lombardia,Lecco,LC,istat-comuni
097071,Robbiate,03,Lombardia,Lecco,LC,istat-comuni
097072,Rogeno,03,Lombardia,Lecco,LC,istat-comuni
097074,Santa Maria Hoè,03,Lombardia,Lecco,LC,istat-comuni
097075,Sirone,03,Lombardia,Lecco,LC,istat-comuni
097076,Sirtori,03,Lombardia,Lecco,LC,istat-comuni
097077,Sueglio,03,Lombardia,Lecco,LC,istat-comuni
097078,Suello,03,Lombardia,Lecco,LC,istat-comuni
097079,Taceno,03,Lombardia,Lecco,LC,istat-comuni
097082,Valgreghentino,03,Lombardia,Lecco,LC,istat-comuni
097083,Valmadrera,03,Lombardia,Lecco,LC,istat-comuni
097084,Varenna,03,Lombardia,Lecco,LC,istat-comuni
097086,Vercurago,03,Lombardia,Lecco,LC,istat-comuni
097090,Viganò,03,Lombardia,Lecco,LC,istat-comuni
097091,Verderio,03,Lombardia,Lecco,LC,istat-comuni
097092,La Valletta Brianza,03,Lombardia,Lecco,LC,istat-comuni
097093,Valvarrone,03,Lombardia,Lecco,LC,istat-comuni
098001,Abbadia Cerreto,03,Lombardia,Lodi,LO,istat-comuni
098002,Bertonico,03,Lombardia,Lodi,LO,istat-comuni
098003,Boffalora d'Adda,03,Lombardia,Lodi,LO,istat-comuni
098004,Borghetto Lodigiano,03,Lombardia,Lodi,LO,istat-comuni
098005,Borgo San Giovanni,03,Lombardia,Lodi,LO,istat-comuni
098006,Brembio,03,Lombardia,Lodi,LO,istat-comuni
098008,Casaletto Lodigiano,03,Lombardia,Lodi,LO,istat-comuni
098009,Casalmaiocco,03,Lombardia,Lodi,LO,istat-comuni
098010,Casalpusterlengo,03,Lombardia,Lodi,LO,istat-comuni
098011,Caselle Landi,03,Lombardia,Lodi,LO,istat-comuni
098012,Caselle Lurani,03,Lombardia,Lodi,LO,istat-comuni
098013,Castelnuovo Bocca d'Adda,03,Lombardia,Lodi,LO,istat-comuni
098014,Castiglione d'Adda,03,Lombardia,Lodi,LO,istat-comuni
098015,Castiraga Vidardo,03,Lombardia,Lodi,LO,istat-comuni
098017,Cavenago d'Adda,03,Lombardia,Lodi,LO,istat-comuni
098018,Cervignano d'Adda,03,Lombardia,Lodi,LO,istat-comuni
098019,Codogno,03,Lombardia,Lodi,LO,istat-comuni
098020,Comazzo,03,Lombardia,Lodi,LO,istat-comuni
098021,Cornegliano Laudense,03,Lombardia,Lodi,LO,istat-comuni
098022,Corno Giovine,03,Lombardia,Lodi,LO,istat-comuni
098023,Cornovecchio,03,Lombardia,Lodi,LO,istat-comuni
098024,Corte Palasio,03,Lombardia,Lodi,LO,istat-comuni
098025,Crespiatica,03,Lombardia,Lodi,LO,istat-comuni
098026,Fombio,03,Lombardia,Lodi,LO,istat-comuni
098027,Galgagnano,03,Lombardia,Lodi,LO,istat-comuni
098028,Graffignana,03,Lombardia,Lodi,LO,istat-comuni
098029,Guardamiglio,03,Lombardia,Lodi,LO,istat-comuni
098030,Livraga,03,Lombardia,Lodi,LO,istat-comuni
098031,Lodi,03,Lombardia,Lodi,LO,istat-comuni
098032,Lodi Vecchio,03,Lombardia,Lodi,LO,istat-comuni
098033,Maccastorna,03,Lombardia,Lodi,LO,istat-comuni
098034,Mairago,03,Lombardia,Lodi,LO,istat-comuni
098035,Maleo,03,Lombardia,Lodi,LO,istat-comuni
098036,Marudo,03,Lombardia,Lodi,LO,istat-comuni
098037,Massalengo,03,Lombardia,Lodi,LO,istat-comuni
098038,Meleti,03,Lombardia,Lodi,LO,istat-comuni
098039,Merlino,03,Lombardia,Lodi,LO,istat-comuni
098040,Montanaso Lombardo,03,Lombardia,Lodi,LO,istat-comuni
098041,Mulazzano,03,Lombardia,Lodi,LO,istat-comuni
098042,Orio Litta,03,Lombardia,Lodi,LO,istat-comuni
098043,Ospedaletto Lodigiano,03,Lombardia,Lodi,LO,istat-comuni
098044,Ossago Lodigiano,03,Lombardia,Lodi,LO,istat-comuni
098045,Pieve Fissiraga,03,Lombardia,Lodi,LO,istat-comuni
098046,Salerano sul Lambro,03,Lombardia,Lodi,LO,istat-comuni
098047,San Fiorano,03,Lombardia,Lodi,LO,istat-comuni
098048,San Martino in Strada,03,Lombardia,Lodi,LO,istat-comuni
098049,San Rocco al Porto,03,Lombardia,Lodi,LO,istat-comuni
098050,Sant'Angelo Lodigiano,03,Lombardia,Lodi,LO,istat-comuni
098051,Santo Stefano Lodigiano,03,Lombardia,Lodi,LO,istat-comuni
098052,Secugnago,03,Lombardia,Lodi,LO,istat-comuni
098053,Senna Lodigiana,03,Lombardia,Lodi,LO,istat-comuni
098054,Somaglia,03,Lombardia,Lodi,LO,istat-comuni
098055,Sordio,03,Lombardia,Lodi,LO,istat-comuni
098056,Tavazzano con Villavesco,03,Lombardia,Lodi,LO,istat-comuni
098057,Terranova dei Passerini,03,Lombardia,Lodi,LO,istat-comuni
098058,Turano Lodigiano,03,Lombardia,Lodi,LO,istat-comuni
098059,Valera Fratta,03,Lombardia,Lodi,LO,istat-comuni
098060,Villanova del Sillaro,03,Lombardia,Lodi,LO,istat-comuni
098061,Zelo Buon Persico,03,Lombardia,Lodi,LO,istat-comuni
098062,Castelgerundo,03,Lombardia,Lodi,LO,istat-comuni
099001,Bellaria-Igea Marina,08,Emilia-Romagna,Rimini,RN,istat-comuni
099002,Cattolica,08,Emilia-Romagna,Rimini,RN,istat-comuni
099003,Coriano,08,Emilia-Romagna,Rimini,RN,istat-comuni
099004,Gemmano,08,Emilia-Romagna,Rimini,RN,istat-comuni
099005,Misano Adriatico,08,Emilia-Romagna,Rimini,RN,istat-comuni
099006,Mondaino,08,Emilia-Romagna,Rimini,RN,istat-comuni
099008,Montefiore Conca,08,Emilia-Romagna,Rimini,RN,istat-comuni
099009,Montegridolfo,08,Emilia-Romagna,Rimini,RN,istat-comuni
099011,Morciano di Romagna,08,Emilia-Romagna,Rimini,RN,istat-comuni
099013,Riccione,08,Emilia-Romagna,Rimini,RN,istat-comuni
099014,Rimini,08,Emilia-Romagna,Rimini,RN,istat-comuni
099015,Saludecio,08,Emilia-Romagna,Rimini,RN,istat-comuni
099016,San Clemente,08,Emilia-Romagna,Rimini,RN,istat-comuni
099017,San Giovanni in Marignano,08,Emilia-Romagna,Rimini,RN,istat-comuni
099018,Santarcangelo di Romagna,08,Emilia-Romagna,Rimini,RN,istat-comuni
099020,Verucchio,08,Emilia-Romagna,Rimini,RN,istat-comuni
099021,Casteldelci,08,Emilia-Romagna,Rimini,RN,istat-comuni
099022,Maiolo,08,Emilia-Romagna,Rimini,RN,istat-comuni
099023,Novafeltria,08,Emilia-Romagna,Rimini,RN,istat-comuni
099024,Pennabilli,08,Emilia-Romagna,Rimini,RN,istat-comuni
099025,San Leo,08,Emilia-Romagna,Rimini,RN,istat-comuni
099026,Sant'Agata Feltria,08,Emilia-Romagna,Rimini,RN,istat-comuni
099027,Talamello,08,Emilia-Romagna,Rimini,RN,istat-comuni
099028,Poggio Torriana,08,Emilia-Romagna,Rimini,RN,istat-comuni
099029,Montescudo-Monte Colombo,08,Emilia-Romagna,Rimini,RN,istat-comuni
099030,Montecopiolo,08,Emilia-Romagna,Rimini,RN,istat-comuni
099031,Sassofeltrio,08,Emilia-Romagna,Rimini,RN,istat-comuni
100001,Cantagallo,09,Toscana,Prato,PO,istat-comuni
100002,Carmignano,09,Toscana,Prato,PO,istat-comuni
100003,Montemurlo,09,Toscana,Prato,PO,istat-comuni
100004,Poggio a Caiano,09,Toscana,Prato,PO,istat-comuni
100005,Prato,09,Toscana,Prato,PO,istat-comuni
100006,Vaiano,09,Toscana,Prato,PO,istat-comuni
100007,Vernio,09,Toscana,Prato,PO,istat-comuni
101001,Belvedere di Spinello,18,Calabria,Crotone,KR,istat-comuni
101002,Caccuri,18,Calabria,Crotone,KR,istat-comuni
101003,Carfizzi,18,Calabria,Crotone,KR,istat-comuni
101004,Casabona,18,Calabria,Crotone,KR,istat-comuni
101005,Castelsilano,18,Calabria,Crotone,KR,istat-comuni
101006,Cerenzia,18,Calabria,Crotone,KR,istat-comuni
101007,Cirò,18,Calabria,Crotone,KR,istat-comuni
101008,Cirò Marina,18,Calabria,Crotone,KR,istat-comuni
101009,Cotronei,18,Calabria,Crotone,KR,istat-comuni
101010,Crotone,18,Calabria,Crotone,KR,istat-comuni
101011,Crucoli,18,Calabria,Crotone,KR,istat-comuni
101012,Cutro,18,Calabria,Crotone,KR,istat-comuni
101013,Isola di Capo Rizzuto,18,Calabria,Crotone,KR,istat-comuni
101014,Melissa,18,Calabria,Crotone,KR,istat-comuni
101015,Mesoraca,18,Calabria,Crotone,KR,istat-comuni
101016,Pallagorio,18,Calabria,Crotone,KR,istat-comuni
101017,Petilia Policastro,18,Calabria,Crotone,KR,istat-comuni
101018,Roccabernarda,18,Calabria,Crotone,KR,istat-comuni
101019,Rocca di Neto,18,Calabria,Crotone,KR,istat-comuni
101020,San Mauro Marchesato,18,Calabria,Crotone,KR,istat-comuni
101021,San Nicola dell'Alto,18,Calabria,Crotone,KR,istat-comuni
101022,Santa Severina,18,Calabria,Crotone,KR,istat-comuni
101023,Savelli,18,Calabria,Crotone,KR,istat-comuni
101024,Scandale,18,Calabria,Crotone,KR,istat-comuni
101025,Strongoli,18,Calabria,Crotone,KR,istat-comuni
101026,Umbriatico,18,Calabria,Crotone,KR,istat-comuni
101027,Verzino,18,Calabria,Crotone,KR,istat-comuni
102001,Acquaro,18,Calabria,Vibo Valentia,VV,istat-comuni
102002,Arena,18,Calabria,Vibo Valentia,VV,istat-comuni
102003,Briatico,18,Calabria,Vibo Valentia,VV,istat-comuni
102004,Brognaturo,18,Calabria,Vibo Valentia,VV,istat-comuni
102005,Capistrano,18,Calabria,Vibo Valentia,VV,istat-comuni
102006,Cessaniti,18,Calabria,Vibo Valentia,VV,istat-comuni
102007,Dasà,18,Calabria,Vibo Valentia,VV,istat-comuni
102008,Dinami,18,Calabria,Vibo Valentia,VV,istat-comuni
102009,Drapia,18,Calabria,Vibo Valentia,VV,istat-comuni
102010,Fabrizia,18,Calabria,Vibo Valentia,VV,istat-comuni
102011,Filadelfia,18,Calabria,Vibo Valentia,VV,istat-comuni
102012,Filandari,18,Calabria,Vibo Valentia,VV,istat-comuni
102013,Filogaso,18,Calabria,Vibo Valentia,VV,istat-comuni
102014,Francavilla Angitola,18,Calabria,Vibo Valentia,VV,istat-comuni
102015,Francica,18,Calabria,Vibo Valentia,VV,istat-comuni
102016,Gerocarne,18,Calabria,Vibo Valentia,VV,istat-comuni
102017,Jonadi,18,Calabria,Vibo Valentia,VV,istat-comuni
102018,Joppolo,18,Calabria,Vibo Valentia,VV,istat-comuni
102019,Limbadi,18,Calabria,Vibo Valentia,VV,istat-comuni
102020,Maierato,18,Calabria,Vibo Valentia,VV,istat-comuni
102021,Mileto,18,Calabria,Vibo Valentia,VV,istat-comuni
102022,Mongiana,18,Calabria,Vibo Valentia,VV,istat-comuni
102023,Monterosso Calabro,18,Calabria,Vibo Valentia,VV,istat-comuni
102024,Nardodipace,18,Calabria,Vibo Valentia,VV,istat-comuni
102025,Nicotera,18,Calabria,Vibo Valentia,VV,istat-comuni
102026,Parghelia,18,Calabria,Vibo Valentia,VV,istat-comuni
102027,Pizzo,18,Calabria,Vibo Valentia,VV,istat-comuni
102028,Pizzoni,18,Calabria,Vibo Valentia,VV,istat-comuni
102029,Polia,18,Calabria,Vibo Valentia,VV,istat-comuni
102030,Ricadi,18,Calabria,Vibo Valentia,VV,istat-comuni
102031,Rombiolo,18,Calabria,Vibo Valentia,VV,istat-comuni
102032,San Calogero,18,Calabria,Vibo Valentia,VV,istat-comuni
102033,San Costantino Calabro,18,Calabria,Vibo Valentia,VV,istat-comuni
102034,San Gregorio d'Ippona,18,Calabria,Vibo Valentia,VV,istat-comuni
102035,San Nicola da Crissa,18,Calabria,Vibo Valentia,VV,istat-comuni
102036,Sant'Onofrio,18,Calabria,Vibo Valentia,VV,istat-comuni
102037,Serra San Bruno,18,Calabria,Vibo Valentia,VV,istat-comuni
102038,Simbario,18,Calabria,Vibo Valentia,VV,istat-comuni
102039,Sorianello,18,Calabria,Vibo Valentia,VV,istat-comuni
102040,Soriano Calabro,18,Calabria,Vibo Valentia,VV,istat-comuni
102041,Spadola,18,Calabria,Vibo Valentia,VV,istat-comuni
102042,Spilinga,18,Calabria,Vibo Valentia,VV,istat-comuni
102043,Stefanaconi,18,Calabria,Vibo Valentia,VV,istat-comuni
102044,Tropea,18,Calabria,Vibo Valentia,VV,istat-comuni
102045,Vallelonga,18,Calabria,Vibo Valentia,VV,istat-comuni
102046,Vazzano,18,Calabria,Vibo Valentia,VV,istat-comuni
102047,Vibo Valentia,18,Calabria,Vibo Valentia,VV,istat-comuni
102048,Zaccanopoli,18,Calabria,Vibo Valentia,VV,istat-comuni
102049,Zambrone,18,Calabria,Vibo Valentia,VV,istat-comuni
102050,Zungri,18,Calabria,Vibo Valentia,VV,istat-comuni
103001,Antrona Schieranco,01,Piemonte,Verbano-Cusio-Ossola,VB,istat-comuni
103002,Anzola d'Ossola,01,Piemonte,Verbano-Cusio-Ossola,VB,istat-comuni
103003,Arizzano,01,Piemonte,Verbano-Cusio-Ossola,VB,istat-comuni
103004,Arola,01,Piemonte,Verbano-Cusio-Ossola,VB,istat-comuni
103005,Aurano,01,Piemonte,Verbano-Cusio-Ossola,VB,istat-comuni
103006,Baceno,01,Piemonte,Verbano-Cusio-Ossola,VB,istat-comuni
103007,Bannio Anzino,01,Piemonte,Verbano-Cusio-Ossola,VB,istat-comuni
103008,Baveno,01,Piemonte,Verbano-Cusio-Ossola,VB,istat-comuni
103009,Bee,01,Piemonte,Verbano-Cusio-Ossola,VB,istat-comuni
103010,Belgirate,01,Piemonte,Verbano-Cusio-Ossola,VB,istat-comuni
103011,Beura-Cardezza,01,Piemonte,Verbano-Cusio-Ossola,VB,istat-comuni
103012,Bognanco,01,Piemonte,Verbano-Cusio-Ossola,VB,istat-comuni
103013,Brovello-Carpugnino,01,Piemonte,Verbano-Cusio-Ossola,VB,istat-comuni
103014,Calasca-Castiglione,01,Piemonte,Verbano-Cusio-Ossola,VB,istat-comuni
103015,Cambiasca,01,Piemonte,Verbano-Cusio-Ossola,VB,istat-comuni
103016,Cannero Riviera,01,Piemonte,Verbano-Cusio-Ossola,VB,istat-comuni
103017,Cannobio,01,Piemonte,Verbano-Cusio-Ossola,VB,istat-comuni
103018,Caprezzo,01,Piemonte,Verbano-Cusio-Ossola,VB,istat-comuni
103019,Casale Corte Cerro,01,Piemonte,Verbano-Cusio-Ossola,VB,istat-comuni
103021,Ceppo Morelli,01,Piemonte,Verbano-Cusio-Ossola,VB,istat-comuni
103022,Cesara,01,Piemonte,Verbano-Cusio-Ossola,VB,istat-comuni
103023,Cossogno,01,Piemonte,Verbano-Cusio-Ossola,VB,istat-comuni
103024,Craveggia,01,Piemonte,Verbano-Cusio-Ossola,VB,istat-comuni
103025,Crevoladossola,01,Piemonte,Verbano-Cusio-Ossola,VB,istat-comuni
103026,Crodo,01,Piemonte,Verbano-Cusio-Ossola,VB,istat-comuni
103028,Domodossola,01,Piemonte,Verbano-Cusio-Ossola,VB,istat-comuni
103029,Druogno,01,Piemonte,Verbano-Cusio-Ossola,VB,istat-comuni
103031,Formazza,01,Piemonte,Verbano-Cusio-Ossola,VB,istat-comuni
103032,Germagno,01,Piemonte,Verbano-Cusio-Ossola,VB,istat-comuni
103033,Ghiffa,01,Piemonte,Verbano-Cusio-Ossola,VB,istat-comuni
103034,Gignese,01,Piemonte,Verbano-Cusio-Ossola,VB,istat-comuni
103035,Gravellona Toce,01,Piemonte,Verbano-Cusio-Ossola,VB,istat-comuni
103036,Gurro,01,Piemonte,Verbano-Cusio-Ossola,VB,istat-comuni
103037,Intragna,01,Piemonte,Verbano-Cusio-Ossola,VB,istat-comuni
103038,Loreglia,01,Piemonte,Verbano-Cusio-Ossola,VB,istat-comuni
103039,Macugnaga,01,Piemonte,Verbano-Cusio-Ossola,VB,istat-comuni
103040,Madonna del Sasso,01,Piemonte,Verbano-Cusio-Ossola,VB,istat-comuni
103041,Malesco,01,Piemonte,Verbano-Cusio-Ossola,VB,istat-comuni
103042,Masera,01,Piemonte,Verbano-Cusio-Ossola,VB,istat-comuni
103043,Massiola,01,Piemonte,Verbano-Cusio-Ossola,VB,istat-comuni
103044,Mergozzo,01,Piemonte,Verbano-Cusio-Ossola,VB,istat-comuni
103045,Miazzina,01,Piemonte,Verbano-Cusio-Ossola,VB,istat-comuni
103046,Montecrestese,01,Piemonte,Verbano-Cusio-Ossola,VB,istat-comuni
103047,Montescheno,01,Piemonte,Verbano-Cusio-Ossola,VB,istat-comuni
103048,Nonio,01,Piemonte,Verbano-Cusio-Ossola,VB,istat-comuni
103049,Oggebbio,01,Piemonte,Verbano-Cusio-Ossola,VB,istat-comuni
103050,Omegna,01,Piemonte,Verbano-Cusio-Ossola,VB,istat-comuni
103051,Ornavasso,01,Piemonte,Verbano-Cusio-Ossola,VB,istat-comuni
103052,Pallanzeno,01,Piemonte,Verbano-Cusio-Ossola,VB,istat-comuni
103053,Piedimulera,01,Piemonte,Verbano-Cusio-Ossola,VB,istat-comuni
103054,Pieve Vergonte,01,Piemonte,Verbano-Cusio-Ossola,VB,istat-comuni
103055,Premeno,01,Piemonte,Verbano-Cusio-Ossola,VB,istat-comuni
103056,Premia,01,Piemonte,Verbano-Cusio-Ossola,VB,istat-comuni
103057,Premosello-Chiovenda,01,Piemonte,Verbano-Cusio-Ossola,VB,istat-comuni
103058,Quarna Sopra,01,Piemonte,Verbano-Cusio-Ossola,VB,istat-comuni
103059,Quarna Sotto,01,Piemonte,Verbano-Cusio-Ossola,VB,istat-comuni
103060,Re,01,Piemonte,Verbano-Cusio-Ossola,VB,istat-comuni
103061,San Bernardino Verbano,01,Piemonte,Verbano-Cusio-Ossola,VB,istat-comuni
103062,Santa Maria Maggiore,01,Piemonte,Verbano-Cusio-Ossola,VB,istat-comuni
103064,Stresa,01,Piemonte,Verbano-Cusio-Ossola,VB,istat-comuni
103065,Toceno,01,Piemonte,Verbano-Cusio-Ossola,VB,istat-comuni
103066,Trarego Viggiona,01,Piemonte,Verbano-Cusio-Ossola,VB,istat-comuni
103067,Trasquera,01,Piemonte,Verbano-Cusio-Ossola,VB,istat-comuni
103068,Trontano,01,Piemonte,Verbano-Cusio-Ossola,VB,istat-comuni
103069,Valstrona,01,Piemonte,Verbano-Cusio-Ossola,VB,istat-comuni
103070,Vanzone con San Carlo,01,Piemonte,Verbano-Cusio-Ossola,VB,istat-comuni
103071,Varzo,01,Piemonte,Verbano-Cusio-Ossola,VB,istat-comuni
103072,Verbania,01,Piemonte,Verbano-Cusio-Ossola,VB,istat-comuni
103074,Vignone,01,Piemonte,Verbano-Cusio-Ossola,VB,istat-comuni
103075,Villadossola,01,Piemonte,Verbano-Cusio-Ossola,VB,istat-comuni
103076,Villette,01,Piemonte,Verbano-Cusio-Ossola,VB,istat-comuni
103077,Vogogna,01,Piemonte,Verbano-Cusio-Ossola,VB,istat-comuni
103078,Borgomezzavalle,01,Piemonte,Verbano-Cusio-Ossola,VB,istat-comuni
103079,Valle Cannobina,01,Piemonte,Verbano-Cusio-Ossola,VB,istat-comuni
108001,Agrate Brianza,03,Lombardia,Monza e della Brianza,MB,istat-comuni
108002,Aicurzio,03,Lombardia,Monza e della Brianza,MB,istat-comuni
108003,Albiate,03,Lombardia,Monza e della Brianza,MB,istat-comuni
108004,Arcore,03,Lombardia,Monza e della Brianza,MB,istat-comuni
108005,Barlassina,03,Lombardia,Monza e della Brianza,MB,istat-comuni
108006,Bellusco,03,Lombardia,Monza e della Brianza,MB,istat-comuni
108007,Bernareggio,03,Lombardia,Monza e della Brianza,MB,istat-comuni
108008,Besana in Brianza,03,Lombardia,Monza e della Brianza,MB,istat-comuni
108009,Biassono,03,Lombardia,Monza e della Brianza,MB,istat-comuni
108010,Bovisio-Masciago,03,Lombardia,Monza e della Brianza,MB,istat-comuni
108011,Briosco,03,Lombardia,Monza e della Brianza,MB,istat-comuni
108012,Brugherio,03,Lombardia,Monza e della Brianza,MB,istat-comuni
108013,Burago di Molgora,03,Lombardia,Monza e della Brianza,MB,istat-comuni
108014,Camparada,03,Lombardia,Monza e della Brianza,MB,istat-comuni
108015,Carate Brianza,03,Lombardia,Monza e della Brianza,MB,istat-comuni
108016,Carnate,03,Lombardia,Monza e della Brianza,MB,istat-comuni
108017,Cavenago di Brianza,03,Lombardia,Monza e della Brianza,MB,istat-comuni
108018,Ceriano Laghetto,03,Lombardia,Monza e della Brianza,MB,istat-comuni
108019,Cesano Maderno,03,Lombardia,Monza e della Brianza,MB,istat-comuni
108020,Cogliate,03,Lombardia,Monza e della Brianza,MB,istat-comuni
108021,Concorezzo,03,Lombardia,Monza e della Brianza,MB,istat-comuni
108022,Correzzana,03,Lombardia,Monza e della Brianza,MB,istat-comuni
108023,Desio,03,Lombardia,Monza e della Brianza,MB,istat-comuni
108024,Giussano,03,Lombardia,Monza e della Brianza,MB,istat-comuni
108025,Lazzate,03,Lombardia,Monza e della Brianza,MB,istat-comuni
108026,Lesmo,03,Lombardia,Monza e della Brianza,MB,istat-comuni
108027,Limbiate,03,Lombardia,Monza e della Brianza,MB,istat-comuni
108028,Lissone,03,Lombardia,Monza e della Brianza,MB,istat-comuni
108029,Macherio,03,Lombardia,Monza e della Brianza,MB,istat-comuni
108030,Meda,03,Lombardia,Monza e della Brianza,MB,istat-comuni
108031,Mezzago,03,Lombardia,Monza e della Brianza,MB,istat-comuni
108032,Misinto,03,Lombardia,Monza e della Brianza,MB,istat-comuni
108033,Monza,03,Lombardia,Monza e della Brianza,MB,istat-comuni
108034,Muggiò,03,Lombardia,Monza e della Brianza,MB,istat-comuni
108035,Nova Milanese,03,Lombardia,Monza e della Brianza,MB,istat-comuni
108036,Ornago,03,Lombardia,Monza e della Brianza,MB,istat-comuni
108037,Renate,03,Lombardia,Monza e della Brianza,MB,istat-comuni
108038,Ronco Briantino,03,Lombardia,Monza e della Brianza,MB,istat-comuni
108039,Seregno,03,Lombardia,Monza e della Brianza,MB,istat-comuni
108040,Seveso,03,Lombardia,Monza e della Brianza,MB,istat-comuni
108041,Sovico,03,Lombardia,Monza e della Brianza,MB,istat-comuni
108042,Sulbiate,03,Lombardia,Monza e della Brianza,MB,istat-comuni
108043,Triuggio,03,Lombardia,Monza e della Brianza,MB,istat-comuni
108044,Usmate Velate,03,Lombardia,Monza e della Brianza,MB,istat-comuni
108045,Varedo,03,Lombardia,Monza e della Brianza,MB,istat-comuni
108046,Vedano al Lambro,03,Lombardia,Monza e della Brianza,MB,istat-comuni
108047,Veduggio con Colzano,03,Lombardia,Monza e della Brianza,MB,istat-comuni
108048,Verano Brianza,03,Lombardia,Monza e della Brianza,MB,istat-comuni
108049,Villasanta,03,Lombardia,Monza e della Brianza,MB,istat-comuni
108050,Vimercate,03,Lombardia,Monza e della Brianza,MB,istat-comuni
108051,Busnago,03,Lombardia,Monza e della Brianza,MB,istat-comuni
108052,Caponago,03,Lombardia,Monza e della Brianza,MB,istat-comuni
108053,Cornate d'Adda,03,Lombardia,Monza e della Brianza,MB,istat-comuni
108054,Lentate sul Seveso,03,Lombardia,Monza e della Brianza,MB,istat-comuni
108055,Roncello,03,Lombardia,Monza e della Brianza,MB,istat-comuni
109001,Altidona,11,Marche,Fermo,FM,istat-comuni
109002,Amandola,11,Marche,Fermo,FM,istat-comuni
109003,Belmonte Piceno,11,Marche,Fermo,FM,istat-comuni
109004,Campofilone,11,Marche,Fermo,FM,istat-comuni
109005,Falerone,11,Marche,Fermo,FM,istat-comuni
109006,Fermo,11,Marche,Fermo,FM,istat-comuni
109007,Francavilla d'Ete,11,Marche,Fermo,FM,istat-comuni
109008,Grottazzolina,11,Marche,Fermo,FM,istat-comuni
109009,Lapedona,11,Marche,Fermo,FM,istat-comuni
109010,Magliano di Tenna,11,Marche,Fermo,FM,istat-comuni
109011,Massa Fermana,11,Marche,Fermo,FM,istat-comuni
109012,Monsampietro Morico,11,Marche,Fermo,FM,istat-comuni
109013,Montappone,11,Marche,Fermo,FM,istat-comuni
109014,Montefalcone Appennino,11,Marche,Fermo,FM,istat-comuni
109015,Montefortino,11,Marche,Fermo,FM,istat-comuni
109016,Monte Giberto,11,Marche,Fermo,FM,istat-comuni
109017,Montegiorgio,11,Marche,Fermo,FM,istat-comuni
109018,Montegranaro,11,Marche,Fermo,FM,istat-comuni
109019,Monteleone di Fermo,11,Marche,Fermo,FM,istat-comuni
109020,Montelparo,11,Marche,Fermo,FM,istat-comuni
109021,Monte Rinaldo,11,Marche,Fermo,FM,istat-comuni
109022,Monterubbiano,11,Marche,Fermo,FM,istat-comuni
109023,Monte San Pietrangeli,11,Marche,Fermo,FM,istat-comuni
109024,Monte Urano,11,Marche,Fermo,FM,istat-comuni
109025,Monte Vidon Combatte,11,Marche,Fermo,FM,istat-comuni
109026,Monte Vidon Corrado,11,Marche,Fermo,FM,istat-comuni
109027,Montottone,11,Marche,Fermo,FM,istat-comuni
109028,Moresco,11,Marche,Fermo,FM,istat-comuni
109029,Ortezzano,11,Marche,Fermo,FM,istat-comuni
109030,Pedaso,11,Marche,Fermo,FM,istat-comuni
109031,Petritoli,11,Marche,Fermo,FM,istat-comuni
109032,Ponzano di Fermo,11,Marche,Fermo,FM,istat-comuni
109033,Porto San Giorgio,11,Marche,Fermo,FM,istat-comuni
109034,Porto Sant'Elpidio,11,Marche,Fermo,FM,istat-comuni
109035,Rapagnano,11,Marche,Fermo,FM,istat-comuni
109036,Santa Vittoria in Matenano,11,Marche,Fermo,FM,istat-comuni
109037,Sant'Elpidio a Mare,11,Marche,Fermo,FM,istat-comuni
109038,Servigliano,11,Marche,Fermo,FM,istat-comuni
109039,Smerillo,11,Marche,Fermo,FM,istat-comuni
109040,Torre San Patrizio,11,Marche,Fermo,FM,istat-comuni
110001,Andria,16,Puglia,Barletta-Andria-Trani,BT,istat-comuni
110002,Barletta,16,Puglia,Barletta-Andria-Trani,BT,istat-comuni
110003,Bisceglie,16,Puglia,Barletta-Andria-Trani,BT,istat-comuni
110004,Canosa di Puglia,16,Puglia,Barletta-Andria-Trani,BT,istat-comuni
110005,Margherita di Savoia,16,Puglia,Barletta-Andria-Trani,BT,istat-comuni
110006,Minervino Murge,16,Puglia,Barletta-Andria-Trani,BT,istat-comuni
110007,San Ferdinando di Puglia,16,Puglia,Barletta-Andria-Trani,BT,istat-comuni
110008,Spinazzola,16,Puglia,Barletta-Andria-Trani,BT,istat-comuni
110009,Trani,16,Puglia,Barletta-Andria-Trani,BT,istat-comuni
110010,Trinitapoli,16,Puglia,Barletta-Andria-Trani,BT,istat-comuni
112001,Alghero,20,Sardegna,Sassari,SS,istat-comuni
112002,Anela,20,Sardegna,Sassari,SS,istat-comuni
112003,Ardara,20,Sardegna,Sassari,SS,istat-comuni
112004,Banari,20,Sardegna,Sassari,SS,istat-comuni
112005,Benetutti,20,Sardegna,Sassari,SS,istat-comuni
112006,Bessude,20,Sardegna,Sassari,SS,istat-comuni
112007,Bonnanaro,20,Sardegna,Sassari,SS,istat-comuni
112008,Bono,20,Sardegna,Sassari,SS,istat-comuni
112009,Bonorva,20,Sardegna,Sassari,SS,istat-comuni
112010,Borutta,20,Sardegna,Sassari,SS,istat-comuni
112011,Bottidda,20,Sardegna,Sassari,SS,istat-comuni
112012,Bultei,20,Sardegna,Sassari,SS,istat-comuni
112013,Bulzi,20,Sardegna,Sassari,SS,istat-comuni
112014,Burgos,20,Sardegna,Sassari,SS,istat-comuni
112015,Cargeghe,20,Sardegna,Sassari,SS,istat-comuni
112016,Castelsardo,20,Sardegna,Sassari,SS,istat-comuni
112017,Cheremule,20,Sardegna,Sassari,SS,istat-comuni
112018,Chiaramonti,20,Sardegna,Sassari,SS,istat-comuni
112019,Codrongianos,20,Sardegna,Sassari,SS,istat-comuni
112020,Cossoine,20,Sardegna,Sassari,SS,istat-comuni
112021,Erula,20,Sardegna,Sassari,SS,istat-comuni
112022,Esporlatu,20,Sardegna,Sassari,SS,istat-comuni
112023,Florinas,20,Sardegna,Sassari,SS,istat-comuni
112024,Giave,20,Sardegna,Sassari,SS,istat-comuni
112025,Illorai,20,Sardegna,Sassari,SS,istat-comuni
112026,Ittireddu,20,Sardegna,Sassari,SS,istat-comuni
112027,Ittiri,20,Sardegna,Sassari,SS,istat-comuni
112028,Laerru,20,Sardegna,Sassari,SS,istat-comuni
112029,Mara,20,Sardegna,Sassari,SS,istat-comuni
112030,Martis,20,Sardegna,Sassari,SS,istat-comuni
112031,Monteleone Rocca Doria,20,Sardegna,Sassari,SS,istat-comuni
112032,Mores,20,Sardegna,Sassari,SS,istat-comuni
112033,Muros,20,Sardegna,Sassari,SS,istat-comuni
112034,Nughedu San Nicolò,20,Sardegna,Sassari,SS,istat-comuni
112035,Nule,20,Sardegna,Sassari,SS,istat-comuni
112036,Nulvi,20,Sardegna,Sassari,SS,istat-comuni
112037,Olmedo,20,Sardegna,Sassari,SS,istat-comuni
112038,Osilo,20,Sardegna,Sassari,SS,istat-comuni
112039,Ossi,20,Sardegna,Sassari,SS,istat-comuni
112040,Ozieri,20,Sardegna,Sassari,SS,istat-comuni
112041,Padria,20,Sardegna,Sassari,SS,istat-comuni
112042,Pattada,20,Sardegna,Sassari,SS,istat-comuni
112043,Perfugas,20,Sardegna,Sassari,SS,istat-comuni
112044,Ploaghe,20,Sardegna,Sassari,SS,istat-comuni
112045,Porto Torres,20,Sardegna,Sassari,SS,istat-comuni
112046,Pozzomaggiore,20,Sardegna,Sassari,SS,istat-comuni
112047,Putifigari,20,Sardegna,Sassari,SS,istat-comuni
112048,Romana,20,Sardegna,Sassari,SS,istat-comuni
112049,Santa Maria Coghinas,20,Sardegna,Sassari,SS,istat-comuni
112050,Sassari,20,Sardegna,Sassari,SS,istat-comuni
112051,Sedini,20,Sardegna,Sassari,SS,istat-comuni
112052,Semestene,20,Sardegna,Sassari,SS,istat-comuni
112053,Sennori,20,Sardegna,Sassari,SS,istat-comuni
112054,Siligo,20,Sardegna,Sassari,SS,istat-comuni
112055,Sorso,20,Sardegna,Sassari,SS,istat-comuni
112056,Stintino,20,Sardegna,Sassari,SS,istat-comuni
112057,Tergu,20,Sardegna,Sassari,SS,istat-comuni
112058,Thiesi,20,Sardegna,Sassari,SS,istat-comuni
112059,Tissi,20,Sardegna,Sassari,SS,istat-comuni
112060,Torralba,20,Sardegna,Sassari,SS,istat-comuni
112061,Tula,20,Sardegna,Sassari,SS,istat-comuni
112062,Uri,20,Sardegna,Sassari,SS,istat-comuni
112063,Usini,20,Sardegna,Sassari,SS,istat-comuni
112064,Valledoria,20,Sardegna,Sassari,SS,istat-comuni
112065,Viddalba,20,Sardegna,Sassari,SS,istat-comuni
112066,Villanova Monteleone,20,Sardegna,Sassari,SS,istat-comuni
113001,Aggius,20,Sardegna,Gallura Nord-Est Sardegna,OT,istat-comuni
113002,Aglientu,20,Sardegna,Gallura Nord-Est Sardegna,OT,istat-comuni
113003,Alà dei Sardi,20,Sardegna,Gallura Nord-Est Sardegna,OT,istat-comuni
113004,Arzachena,20,Sardegna,Gallura Nord-Est Sardegna,OT,istat-comuni
113005,Badesi,20,Sardegna,Gallura Nord-Est Sardegna,OT,istat-comuni
113006,Berchidda,20,Sardegna,Gallura Nord-Est Sardegna,OT,istat-comuni
113007,Bortigiadas,20,Sardegna,Gallura Nord-Est Sardegna,OT,istat-comuni
113008,Buddusò,20,Sardegna,Gallura Nord-Est Sardegna,OT,istat-comuni
113009,Budoni,20,Sardegna,Gallura Nord-Est Sardegna,OT,istat-comuni
113010,Calangianus,20,Sardegna,Gallura Nord-Est Sardegna,OT,istat-comuni
113011,Golfo Aranci,20,Sardegna,Gallura Nord-Est Sardegna,OT,istat-comuni
113012,La Maddalena,20,Sardegna,Gallura Nord-Est Sardegna,OT,istat-comuni
113013,Loiri Porto San Paolo,20,Sardegna,Gallura Nord-Est Sardegna,OT,istat-comuni
113014,Luogosanto,20,Sardegna,Gallura Nord-Est Sardegna,OT,istat-comuni
113015,Luras,20,Sardegna,Gallura Nord-Est Sardegna,OT,istat-comuni
113016,Monti,20,Sardegna,Gallura Nord-Est Sardegna,OT,istat-comuni
113017,Olbia,20,Sardegna,Gallura Nord-Est Sardegna,OT,istat-comuni
113018,Oschiri,20,Sardegna,Gallura Nord-Est Sardegna,OT,istat-comuni
113019,Padru,20,Sardegna,Gallura Nord-Est Sardegna,OT,istat-comuni
113020,Palau,20,Sardegna,Gallura Nord-Est Sardegna,OT,istat-comuni
113021,San Teodoro,20,Sardegna,Gallura Nord-Est Sardegna,OT,istat-comuni
113022,Santa Teresa Gallura,20,Sardegna,Gallura Nord-Est Sardegna,OT,istat-comuni
113023,Sant'Antonio di Gallura,20,Sardegna,Gallura Nord-Est Sardegna,OT,istat-comuni
113024,Telti,20,Sardegna,Gallura Nord-Est Sardegna,OT,istat-comuni
113025,Tempio Pausania,20,Sardegna,Gallura Nord-Est Sardegna,OT,istat-comuni
113026,Trinità d'Agultu e Vignola,20,Sardegna,Gallura Nord-Est Sardegna,OT,istat-comuni
114001,Aritzo,20,Sardegna,Nuoro,NU,istat-comuni
114002,Atzara,20,Sardegna,Nuoro,NU,istat-comuni
114003,Austis,20,Sardegna,Nuoro,NU,istat-comuni
114004,Belvì,20,Sardegna,Nuoro,NU,istat-comuni
114005,Birori,20,Sardegna,Nuoro,NU,istat-comuni
114006,Bitti,20,Sardegna,Nuoro,NU,istat-comuni
114007,Bolotana,20,Sardegna,Nuoro,NU,istat-comuni
114008,Borore,20,Sardegna,Nuoro,NU,istat-comuni
114009,Bortigali,20,Sardegna,Nuoro,NU,istat-comuni
114010,Desulo,20,Sardegna,Nuoro,NU,istat-comuni
114011,Dorgali,20,Sardegna,Nuoro,NU,istat-comuni
114012,Dualchi,20,Sardegna,Nuoro,NU,istat-comuni
114013,Fonni,20,Sardegna,Nuoro,NU,istat-comuni
114014,Gadoni,20,Sardegna,Nuoro,NU,istat-comuni
114015,Galtellì,20,Sardegna,Nuoro,NU,istat-comuni
114016,Gavoi,20,Sardegna,Nuoro,NU,istat-comuni
114017,Irgoli,20,Sardegna,Nuoro,NU,istat-comuni
114018,Lei,20,Sardegna,Nuoro,NU,istat-comuni
114019,Loculi,20,Sardegna,Nuoro,NU,istat-comuni
114020,Lodè,20,Sardegna,Nuoro,NU,istat-comuni
114021,Lodine,20,Sardegna,Nuoro,NU,istat-comuni
114022,Lula,20,Sardegna,Nuoro,NU,istat-comuni
114023,Macomer,20,Sardegna,Nuoro,NU,istat-comuni
114024,Mamoiada,20,Sardegna,Nuoro,NU,istat-comuni
114025,Meana Sardo,20,Sardegna,Nuoro,NU,istat-comuni
114026,Noragugume,20,Sardegna,Nuoro,NU,istat-comuni
114027,Nuoro,20,Sardegna,Nuoro,NU,istat-comuni
114028,Oliena,20,Sardegna,Nuoro,NU,istat-comuni
114029,Ollolai,20,Sardegna,Nuoro,NU,istat-comuni
114030,Olzai,20,Sardegna,Nuoro,NU,istat-comuni
114031,Onanì,20,Sardegna,Nuoro,NU,istat-comuni
114032,Onifai,20,Sardegna,Nuoro,NU,istat-comuni
114033,Oniferi,20,Sardegna,Nuoro,NU,istat-comuni
114034,Orani,20,Sardegna,Nuoro,NU,istat-comuni
114035,Orgosolo,20,Sardegna,Nuoro,NU,istat-comuni
114036,Orosei,20,Sardegna,Nuoro,NU,istat-comuni
114037,Orotelli,20,Sardegna,Nuoro,NU,istat-comuni
114038,Ortueri,20,Sardegna,Nuoro,NU,istat-comuni
114039,Orune,20,Sardegna,Nuoro,NU,istat-comuni
114040,Osidda,20,Sardegna,Nuoro,NU,istat-comuni
114041,Ottana,20,Sardegna,Nuoro,NU,istat-comuni
114042,Ovodda,20,Sardegna,Nuoro,NU,istat-comuni
114043,Posada,20,Sardegna,Nuoro,NU,istat-comuni
114044,Sarule,20,Sardegna,Nuoro,NU,istat-comuni
114045,Seulo,20,Sardegna,Nuoro,NU,istat-comuni
114046,Silanus,20,Sardegna,Nuoro,NU,istat-comuni
114047,Sindia,20,Sardegna,Nuoro,NU,istat-comuni
114048,Siniscola,20,Sardegna,Nuoro,NU,istat-comuni
114049,Sorgono,20,Sardegna,Nuoro,NU,istat-comuni
114050,Teti,20,Sardegna,Nuoro,NU,istat-comuni
114051,Tiana,20,Sardegna,Nuoro,NU,istat-comuni
114052,Tonara,20,Sardegna,Nuoro,NU,istat-comuni
114053,Torpè,20,Sardegna,Nuoro,NU,istat-comuni
115001,Abbasanta,20,Sardegna,Oristano,OR,istat-comuni
115002,Aidomaggiore,20,Sardegna,Oristano,OR,istat-comuni
115003,Albagiara,20,Sardegna,Oristano,OR,istat-comuni
115004,Ales,20,Sardegna,Oristano,OR,istat-comuni
115005,Allai,20,Sardegna,Oristano,OR,istat-comuni
115006,Arborea,20,Sardegna,Oristano,OR,istat-comuni
115007,Ardauli,20,Sardegna,Oristano,OR,istat-comuni
115008,Assolo,20,Sardegna,Oristano,OR,istat-comuni
115009,Asuni,20,Sardegna,Oristano,OR,istat-comuni
115010,Baradili,20,Sardegna,Oristano,OR,istat-comuni
115011,Baratili San Pietro,20,Sardegna,Oristano,OR,istat-comuni
115012,Baressa,20,Sardegna,Oristano,OR,istat-comuni
115013,Bauladu,20,Sardegna,Oristano,OR,istat-comuni
115014,Bidonì,20,Sardegna,Oristano,OR,istat-comuni
115015,Bonarcado,20,Sardegna,Oristano,OR,istat-comuni
115016,Boroneddu,20,Sardegna,Oristano,OR,istat-comuni
115017,Bosa,20,Sardegna,Oristano,OR,istat-comuni
115018,Busachi,20,Sardegna,Oristano,OR,istat-comuni
115019,Cabras,20,Sardegna,Oristano,OR,istat-comuni
115020,Cuglieri,20,Sardegna,Oristano,OR,istat-comuni
115021,Curcuris,20,Sardegna,Oristano,OR,istat-comuni
115022,Flussio,20,Sardegna,Oristano,OR,istat-comuni
115023,Fordongianus,20,Sardegna,Oristano,OR,istat-comuni
115024,Ghilarza,20,Sardegna,Oristano,OR,istat-comuni
115025,Gonnoscodina,20,Sardegna,Oristano,OR,istat-comuni
115026,Gonnosnò,20,Sardegna,Oristano,OR,istat-comuni
115027,Gonnostramatza,20,Sardegna,Oristano,OR,istat-comuni
115028,Laconi,20,Sardegna,Oristano,OR,istat-comuni
115029,Magomadas,20,Sardegna,Oristano,OR,istat-comuni
115030,Marrubiu,20,Sardegna,Oristano,OR,istat-comuni
115031,Masullas,20,Sardegna,Oristano,OR,istat-comuni
115032,Milis,20,Sardegna,Oristano,OR,istat-comuni
115033,Modolo,20,Sardegna,Oristano,OR,istat-comuni
115034,Mogorella,20,Sardegna,Oristano,OR,istat-comuni
115035,Mogoro,20,Sardegna,Oristano,OR,istat-comuni
115036,Montresta,20,Sardegna,Oristano,OR,istat-comuni
115037,Morgongiori,20,Sardegna,Oristano,OR,istat-comuni
115038,Narbolia,20,Sardegna,Oristano,OR,istat-comuni
115039,Neoneli,20,Sardegna,Oristano,OR,istat-comuni
115040,Norbello,20,Sardegna,Oristano,OR,istat-comuni
115041,Nughedu Santa Vittoria,20,Sardegna,Oristano,OR,istat-comuni
115042,Nurachi,20,Sardegna,Oristano,OR,istat-comuni
115043,Nureci,20,Sardegna,Oristano,OR,istat-comuni
115044,Ollastra,20,Sardegna,Oristano,OR,istat-comuni
115045,Oristano,20,Sardegna,Oristano,OR,istat-comuni
115046,Palmas Arborea,20,Sardegna,Oristano,OR,istat-comuni
115047,Pau,20,Sardegna,Oristano,OR,istat-comuni
115048,Paulilatino,20,Sardegna,Oristano,OR,istat-comuni
115049,Pompu,20,Sardegna,Oristano,OR,istat-comuni
115050,Riola Sardo,20,Sardegna,Oristano,OR,istat-comuni
115051,Ruinas,20,Sardegna,Oristano,OR,istat-comuni
115052,Sagama,20,Sardegna,Oristano,OR,istat-comuni
115053,Samugheo,20,Sardegna,Oristano,OR,istat-comuni
115054,San Nicolò d'Arcidano,20,Sardegna,Oristano,OR,istat-comuni
115055,San Vero Milis,20,Sardegna,Oristano,OR,istat-comuni
115056,Santa Giusta,20,Sardegna,Oristano,OR,istat-comuni
115057,Santu Lussurgiu,20,Sardegna,Oristano,OR,istat-comuni
115058,Scano di Montiferro,20,Sardegna,Oristano,OR,istat-comuni
115059,Sedilo,20,Sardegna,Oristano,OR,istat-comuni
115060,Seneghe,20,Sardegna,Oristano,OR,istat-comuni
115061,Senis,20,Sardegna,Oristano,OR,istat-comuni
115062,Sennariolo,20,Sardegna,Oristano,OR,istat-comuni
115063,Siamaggiore,20,Sardegna,Oristano,OR,istat-comuni
115064,Siamanna,20,Sardegna,Oristano,OR,istat-comuni
115065,Siapiccia,20,Sardegna,Oristano,OR,istat-comuni
115066,Simala,20,Sardegna,Oristano,OR,istat-comuni
115067,Simaxis,20,Sardegna,Oristano,OR,istat-comuni
115068,Sini,20,Sardegna,Oristano,OR,istat-comuni
115069,Siris,20,Sardegna,Oristano,OR,istat-comuni
115070,Soddì,20,Sardegna,Oristano,OR,istat-comuni
115071,Solarussa,20,Sardegna,Oristano,OR,istat-comuni
115072,Sorradile,20,Sardegna,Oristano,OR,istat-comuni
115073,Suni,20,Sardegna,Oristano,OR,istat-comuni
115074,Tadasuni,20,Sardegna,Oristano,OR,istat-comuni
115075,Terralba,20,Sardegna,Oristano,OR,istat-comuni
115076,Tinnura,20,Sardegna,Oristano,OR,istat-comuni
115077,Tramatza,20,Sardegna,Oristano,OR,istat-comuni
115078,Tresnuraghes,20,Sardegna,Oristano,OR,istat-comuni
115079,Ulà Tirso,20,Sardegna,Oristano,OR,istat-comuni
115080,Uras,20,Sardegna,Oristano,OR,istat-comuni
115081,Usellus,20,Sardegna,Oristano,OR,istat-comuni
115082,Villa Sant'Antonio,20,Sardegna,Oristano,OR,istat-comuni
115083,Villa Verde,20,Sardegna,Oristano,OR,istat-comuni
115084,Villanova Truschedu,20,Sardegna,Oristano,OR,istat-comuni
115085,Villaurbana,20,Sardegna,Oristano,OR,istat-comuni
115086,Zeddiani,20,Sardegna,Oristano,OR,istat-comuni
115087,Zerfaliu,20,Sardegna,Oristano,OR,istat-comuni
116001,Arzana,20,Sardegna,Ogliastra,OG,istat-comuni
116002,Bari Sardo,20,Sardegna,Ogliastra,OG,istat-comuni
116003,Baunei,20,Sardegna,Ogliastra,OG,istat-comuni
116004,Cardedu,20,Sardegna,Ogliastra,OG,istat-comuni
116005,Elini,20,Sardegna,Ogliastra,OG,istat-comuni
116006,Gairo,20,Sardegna,Ogliastra,OG,istat-comuni
116007,Girasole,20,Sardegna,Ogliastra,OG,istat-comuni
116008,Ilbono,20,Sardegna,Ogliastra,OG,istat-comuni
116009,Jerzu,20,Sardegna,Ogliastra,OG,istat-comuni
116010,Lanusei,20,Sardegna,Ogliastra,OG,istat-comuni
116011,Loceri,20,Sardegna,Ogliastra,OG,istat-comuni
116012,Lotzorai,20,Sardegna,Ogliastra,OG,istat-comuni
116013,Osini,20,Sardegna,Ogliastra,OG,istat-comuni
116014,Perdasdefogu,20,Sardegna,Ogliastra,OG,istat-comuni
116015,Talana,20,Sardegna,Ogliastra,OG,istat-comuni
116016,Tertenia,20,Sardegna,Ogliastra,OG,istat-comuni
116017,Tortolì,20,Sardegna,Ogliastra,OG,istat-comuni
116018,Triei,20,Sardegna,Ogliastra,OG,istat-comuni
116019,Ulassai,20,Sardegna,Ogliastra,OG,istat-comuni
116020,Urzulei,20,Sardegna,Ogliastra,OG,istat-comuni
116021,Ussassai,20,Sardegna,Ogliastra,OG,istat-comuni
116022,Villagrande Strisaili,20,Sardegna,Ogliastra,OG,istat-comuni
116023,Seui,20,Sardegna,Ogliastra,OG,istat-comuni
117001,Arbus,20,Sardegna,Medio Campidano,VS,istat-comuni
117002,Barumini,20,Sardegna,Medio Campidano,VS,istat-comuni
117003,Collinas,20,Sardegna,Medio Campidano,VS,istat-comuni
117004,Furtei,20,Sardegna,Medio Campidano,VS,istat-comuni
117005,Genuri,20,Sardegna,Medio Campidano,VS,istat-comuni
117006,Gesturi,20,Sardegna,Medio Campidano,VS,istat-comuni
117007,Gonnosfanadiga,20,Sardegna,Medio Campidano,VS,istat-comuni
117008,Guspini,20,Sardegna,Medio Campidano,VS,istat-comuni
117009,Las Plassas,20,Sardegna,Medio Campidano,VS,istat-comuni
117010,Lunamatrona,20,Sardegna,Medio Campidano,VS,istat-comuni
117011,Pabillonis,20,Sardegna,Medio Campidano,VS,istat-comuni
117012,Pauli Arbarei,20,Sardegna,Medio Campidano,VS,istat-comuni
117013,Samassi,20,Sardegna,Medio Campidano,VS,istat-comuni
117014,San Gavino Monreale,20,Sardegna,Medio Campidano,VS,istat-comuni
117015,Sanluri,20,Sardegna,Medio Campidano,VS,istat-comuni
117016,Sardara,20,Sardegna,Medio Campidano,VS,istat-comuni
117017,Segariu,20,Sardegna,Medio Campidano,VS,istat-comuni
117018,Serramanna,20,Sardegna,Medio Campidano,VS,istat-comuni
117019,Serrenti,20,Sardegna,Medio Campidano,VS,istat-comuni
117020,Setzu,20,Sardegna,Medio Campidano,VS,istat-comuni
117021,Siddi,20,Sardegna,Medio Campidano,VS,istat-comuni
117022,Tuili,20,Sardegna,Medio Campidano,VS,istat-comuni
117023,Turri,20,Sardegna,Medio Campidano,VS,istat-comuni
117024,Ussaramanna,20,Sardegna,Medio Campidano,VS,istat-comuni
117025,Villacidro,20,Sardegna,Medio Campidano,VS,istat-comuni
117026,Villamar,20,Sardegna,Medio Campidano,VS,istat-comuni
117027,Villanovaforru,20,Sardegna,Medio Campidano,VS,istat-comuni
117028,Villanovafranca,20,Sardegna,Medio Campidano,VS,istat-comuni
118001,Armungia,20,Sardegna,Cagliari,CA,istat-comuni
118002,Assemini,20,Sardegna,Cagliari,CA,istat-comuni
118003,Ballao,20,Sardegna,Cagliari,CA,istat-comuni
118004,Barrali,20,Sardegna,Cagliari,CA,istat-comuni
118005,Burcei,20,Sardegna,Cagliari,CA,istat-comuni
118006,Cagliari,20,Sardegna,Cagliari,CA,istat-comuni
118007,Capoterra,20,Sardegna,Cagliari,CA,istat-comuni
118008,Castiadas,20,Sardegna,Cagliari,CA,istat-comuni
118009,Decimomannu,20,Sardegna,Cagliari,CA,istat-comuni
118010,Decimoputzu,20,Sardegna,Cagliari,CA,istat-comuni
118011,Dolianova,20,Sardegna,Cagliari,CA,istat-comuni
118012,Domus de Maria,20,Sardegna,Cagliari,CA,istat-comuni
118013,Donori,20,Sardegna,Cagliari,CA,istat-comuni
118014,Elmas,20,Sardegna,Cagliari,CA,istat-comuni
118015,Escalaplano,20,Sardegna,Cagliari,CA,istat-comuni
118016,Escolca,20,Sardegna,Cagliari,CA,istat-comuni
118017,Esterzili,20,Sardegna,Cagliari,CA,istat-comuni
118018,Genoni,20,Sardegna,Cagliari,CA,istat-comuni
118019,Gergei,20,Sardegna,Cagliari,CA,istat-comuni
118020,Gesico,20,Sardegna,Cagliari,CA,istat-comuni
118021,Goni,20,Sardegna,Cagliari,CA,istat-comuni
118022,Guamaggiore,20,Sardegna,Cagliari,CA,istat-comuni
118023,Guasila,20,Sardegna,Cagliari,CA,istat-comuni
118024,Isili,20,Sardegna,Cagliari,CA,istat-comuni
118025,Mandas,20,Sardegna,Cagliari,CA,istat-comuni
118026,Maracalagonis,20,Sardegna,Cagliari,CA,istat-comuni
118027,Monastir,20,Sardegna,Cagliari,CA,istat-comuni
118028,Monserrato,20,Sardegna,Cagliari,CA,istat-comuni
118029,Muravera,20,Sardegna,Cagliari,CA,istat-comuni
118030,Nuragus,20,Sardegna,Cagliari,CA,istat-comuni
118031,Nurallao,20,Sardegna,Cagliari,CA,istat-comuni
118032,Nuraminis,20,Sardegna,Cagliari,CA,istat-comuni
118033,Nurri,20,Sardegna,Cagliari,CA,istat-comuni
118034,Orroli,20,Sardegna,Cagliari,CA,istat-comuni
118035,Ortacesus,20,Sardegna,Cagliari,CA,istat-comuni
118036,Pimentel,20,Sardegna,Cagliari,CA,istat-comuni
118037,Pula,20,Sardegna,Cagliari,CA,istat-comuni
118038,Quartu Sant'Elena,20,Sardegna,Cagliari,CA,istat-comuni
118039,Quartucciu,20,Sardegna,Cagliari,CA,istat-comuni
118040,Sadali,20,Sardegna,Cagliari,CA,istat-comuni
118041,Samatzai,20,Sardegna,Cagliari,CA,istat-comuni
118042,San Basilio,20,Sardegna,Cagliari,CA,istat-comuni
118043,San Nicolò Gerrei,20,Sardegna,Cagliari,CA,istat-comuni
118044,San Sperate,20,Sardegna,Cagliari,CA,istat-comuni
118045,San Vito,20,Sardegna,Cagliari,CA,istat-comuni
118046,Sant'Andrea Frius,20,Sardegna,Cagliari,CA,istat-comuni
118047,Sarroch,20,Sardegna,Cagliari,CA,istat-comuni
118048,Selargius,20,Sardegna,Cagliari,CA,istat-comuni
118049,Selegas,20,Sardegna,Cagliari,CA,istat-comuni
118050,Senorbì,20,Sardegna,Cagliari,CA,istat-comuni
118051,Serdiana,20,Sardegna,Cagliari,CA,istat-comuni
118052,Serri,20,Sardegna,Cagliari,CA,istat-comuni
118053,Sestu,20,Sardegna,Cagliari,CA,istat-comuni
118054,Settimo San Pietro,20,Sardegna,Cagliari,CA,istat-comuni
118056,Siliqua,20,Sardegna,Cagliari,CA,istat-comuni
118057,Silius,20,Sardegna,Cagliari,CA,istat-comuni
118058,Sinnai,20,Sardegna,Cagliari,CA,istat-comuni
118059,Siurgus Donigala,20,Sardegna,Cagliari,CA,istat-comuni
118060,Soleminis,20,Sardegna,Cagliari,CA,istat-comuni
118061,Suelli,20,Sardegna,Cagliari,CA,istat-comuni
118063,Ussana,20,Sardegna,Cagliari,CA,istat-comuni
118064,Uta,20,Sardegna,Cagliari,CA,istat-comuni
118065,Vallermosa,20,Sardegna,Cagliari,CA,istat-comuni
118066,Villa San Pietro,20,Sardegna,Cagliari,CA,istat-comuni
118067,Villanova Tulo,20,Sardegna,Cagliari,CA,istat-comuni
118068,Villaputzu,20,Sardegna,Cagliari,CA,istat-comuni
118069,Villasalto,20,Sardegna,Cagliari,CA,istat-comuni
118070,Villasimius,20,Sardegna,Cagliari,CA,istat-comuni
118071,Villasor,20,Sardegna,Cagliari,CA,istat-comuni
118072,Villaspeciosa,20,Sardegna,Cagliari,CA,istat-comuni
119001,Buggerru,20,Sardegna,Sulcis Iglesiente,CI,istat-comuni
119002,Calasetta,20,Sardegna,Sulcis Iglesiente,CI,istat-comuni
119003,Carbonia,20,Sardegna,Sulcis Iglesiente,CI,istat-comuni
119004,Carloforte,20,Sardegna,Sulcis Iglesiente,CI,istat-comuni
119005,Domusnovas,20,Sardegna,Sulcis Iglesiente,CI,istat-comuni
119006,Fluminimaggiore,20,Sardegna,Sulcis Iglesiente,CI,istat-comuni
119007,Giba,20,Sardegna,Sulcis Iglesiente,CI,istat-comuni
119008,Gonnesa,20,Sardegna,Sulcis Iglesiente,CI,istat-comuni
119009,Iglesias,20,Sardegna,Sulcis Iglesiente,CI,istat-comuni
119010,Masainas,20,Sardegna,Sulcis Iglesiente,CI,istat-comuni
119011,Musei,20,Sardegna,Sulcis Iglesiente,CI,istat-comuni
119012,Narcao,20,Sardegna,Sulcis Iglesiente,CI,istat-comuni
119013,Nuxis,20,Sardegna,Sulcis Iglesiente,CI,istat-comuni
119014,Perdaxius,20,Sardegna,Sulcis Iglesiente,CI,istat-comuni
119015,Piscinas,20,Sardegna,Sulcis Iglesiente,CI,istat-comuni
119016,Portoscuso,20,Sardegna,Sulcis Iglesiente,CI,istat-comuni
119017,San Giovanni Suergiu,20,Sardegna,Sulcis Iglesiente,CI,istat-comuni
119018,Santadi,20,Sardegna,Sulcis Iglesiente,CI,istat-comuni
119019,Sant'Anna Arresi,20,Sardegna,Sulcis Iglesiente,CI,istat-comuni
119020,Sant'Antioco,20,Sardegna,Sulcis Iglesiente,CI,istat-comuni
119021,Tratalias,20,Sardegna,Sulcis Iglesiente,CI,istat-comuni
119022,Villamassargia,20,Sardegna,Sulcis Iglesiente,CI,istat-comuni
119023,Villaperuccio,20,Sardegna,Sulcis Iglesiente,CI,istat-comuni
119024,Teulada,20,Sardegna,Sulcis Iglesiente,CI,istat-comuni
